{"type":"FeatureCollection", "features": [
{"type":"Feature","geometry":{"type":"Polygon","coordinates":[[[5.3106,46.4469],[5.235,46.4579],[5.2146,46.4687],[5.2019,46.5082],[5.1675,46.5191],[5.1665,46.5031],[5.1354,46.5094],[5.1369,46.5022],[5.1143,46.4926],[5.097,46.4998],[5.0564,46.4837],[5.0287,46.4918],[5.0104,46.5112],[4.9841,46.5154],[4.964,46.5131],[4.9703,46.5057],[4.9507,46.5003],[4.9439,46.5108],[4.9546,46.5124],[4.9415,46.5198],[4.9155,46.4888],[4.9122,46.4592],[4.8919,46.4414],[4.8888,46.4038],[4.8518,46.3564],[4.8527,46.3282],[4.8116,46.2612],[4.7804,46.1769],[4.8024,46.151],[4.7473,46.0894],[4.7616,46.0677],[4.7389,46.0464],[4.7546,45.973],[4.7306,45.9419],[4.7559,45.9345],[4.7764,45.9388],[4.7901,45.9232],[4.8081,45.921],[4.8052,45.8963],[4.8485,45.9133],[4.872,45.9035],[4.8718,45.8935],[4.8807,45.8975],[4.8843,45.8801],[4.909,45.8743],[4.9007,45.8558],[4.9171,45.8452],[4.9238,45.8041],[5.1015,45.8136],[5.1094,45.7981],[5.1161,45.8111],[5.1511,45.8054],[5.1789,45.792],[5.1901,45.7724],[5.2262,45.7697],[5.2717,45.7931],[5.3022,45.8485],[5.3536,45.8829],[5.4136,45.8522],[5.4356,45.8287],[5.421,45.8213],[5.4235,45.8068],[5.5273,45.7153],[5.5468,45.7131],[5.5519,45.7022],[5.5737,45.6947],[5.5668,45.6841],[5.5473,45.6987],[5.552,45.6732],[5.5864,45.6671],[5.6237,45.6133],[5.6335,45.6122],[5.6519,45.6364],[5.6879,45.6437],[5.6849,45.6657],[5.7095,45.6883],[5.7,45.7097],[5.7475,45.7051],[5.776,45.7255],[5.7697,45.7412],[5.7839,45.7456],[5.7842,45.8157],[5.8258,45.9025],[5.8292,45.9383],[5.8339,45.9703],[5.8094,45.9895],[5.805,46.0153],[5.8196,46.1037],[5.8318,46.1062],[5.8577,46.0859],[5.8873,46.0858],[5.893,46.1191],[5.9205,46.1313],[5.9559,46.1324],[5.9949,46.1818],[5.9637,46.197],[5.9747,46.215],[5.9928,46.2152],[5.9902,46.2217],[6.0337,46.2386],[6.0461,46.2314],[6.0633,46.2458],[6.0881,46.2471],[6.1015,46.2376],[6.1245,46.2513],[6.1024,46.2849],[6.1196,46.2943],[6.1379,46.3387],[6.1699,46.3661],[6.1593,46.3797],[6.1497,46.3775],[6.0976,46.409],[6.0639,46.4164],[6.0147,46.3764],[5.984,46.3639],[5.9414,46.3088],[5.9218,46.3124],[5.9091,46.2838],[5.8946,46.2866],[5.8695,46.2649],[5.864,46.2714],[5.8529,46.2614],[5.768,46.2682],[5.7252,46.2607],[5.7146,46.309],[5.644,46.325],[5.6434,46.3448],[5.6323,46.3311],[5.6117,46.3255],[5.5964,46.2963],[5.5654,46.2938],[5.5417,46.2698],[5.4737,46.2643],[5.4565,46.2748],[5.4753,46.3154],[5.4658,46.3237],[5.4371,46.3151],[5.4235,46.3477],[5.4048,46.3101],[5.402,46.339],[5.3801,46.3458],[5.3772,46.364],[5.3624,46.3699],[5.3779,46.3822],[5.3626,46.3944],[5.3414,46.402],[5.3341,46.397],[5.2988,46.4131],[5.3246,46.4285],[5.3106,46.4469]]]},"properties":{"shapeName":"Ain","shapeISO":"","shapeID":"29444166B68738187753831","shapeGroup":"FRA","shapeType":"ADM2"}},
{"type":"Feature","geometry":{"type":"Polygon","coordinates":[[[3.1725,50.0119],[3.1557,49.9916],[3.1678,49.9951],[3.1667,49.9865],[3.2021,49.9839],[3.1626,49.965],[3.1646,49.9474],[3.1227,49.9244],[3.1127,49.8779],[3.0884,49.8656],[3.0753,49.8786],[3.0857,49.8421],[3.0553,49.8321],[3.0608,49.82],[3.0849,49.818],[3.086,49.792],[3.0613,49.7812],[3.0706,49.7669],[3.1006,49.7666],[3.0941,49.7494],[3.1183,49.706],[3.1264,49.6967],[3.1144,49.6837],[3.1278,49.6618],[3.1173,49.6668],[3.0975,49.6568],[3.1128,49.6313],[3.0936,49.6225],[3.122,49.604],[3.1407,49.5752],[3.1265,49.5729],[3.1257,49.5234],[3.0955,49.5136],[3.1218,49.4938],[3.1244,49.4801],[3.1072,49.4759],[3.1073,49.4682],[3.1606,49.4519],[3.1651,49.4408],[3.1314,49.4316],[3.1005,49.4393],[3.0942,49.434],[3.095,49.3765],[3.0771,49.3715],[3.0751,49.349],[3.0441,49.329],[3.0016,49.3403],[2.9645,49.3216],[2.9803,49.3113],[2.9679,49.3026],[2.9943,49.2984],[2.9861,49.2878],[3.0205,49.2903],[3.0171,49.28],[3.0284,49.29],[3.0375,49.2863],[3.0257,49.2594],[3.0419,49.2304],[3.021,49.2162],[3.0038,49.2216],[3.0164,49.2302],[3.0027,49.2357],[2.9646,49.2327],[2.9717,49.1879],[2.9838,49.1844],[2.9929,49.1957],[3.0229,49.1702],[3.038,49.1691],[3.0261,49.193],[3.0089,49.1842],[2.9965,49.1999],[2.9944,49.2095],[3.0177,49.217],[3.0354,49.2051],[3.0651,49.2049],[3.0563,49.2001],[3.0637,49.193],[3.0843,49.1928],[3.0815,49.1653],[3.0933,49.1547],[3.0843,49.173],[3.1011,49.1979],[3.1172,49.1895],[3.1082,49.1659],[3.1483,49.161],[3.1275,49.145],[3.1051,49.148],[3.117,49.1386],[3.1111,49.1317],[3.0941,49.1424],[3.0983,49.1311],[3.072,49.1178],[3.1652,49.0999],[3.1534,49.0834],[3.1907,49.0513],[3.1611,49.0243],[3.1675,49.0125],[3.1982,49.0088],[3.2094,48.994],[3.2294,48.9886],[3.2312,48.9769],[3.2502,48.9739],[3.2649,48.9388],[3.3044,48.9488],[3.3133,48.9213],[3.3303,48.9087],[3.368,48.9283],[3.3814,48.8716],[3.4059,48.8761],[3.4043,48.864],[3.4466,48.8602],[3.4458,48.8433],[3.4628,48.8372],[3.4702,48.8512],[3.485,48.8518],[3.4814,48.8664],[3.503,48.8714],[3.5287,48.9122],[3.5707,48.915],[3.5748,48.9395],[3.6029,48.944],[3.5914,48.9605],[3.6211,48.9661],[3.6401,49.0043],[3.6778,49.0139],[3.65,49.043],[3.616,49.0332],[3.5851,49.039],[3.5877,49.0594],[3.6098,49.0734],[3.6389,49.0775],[3.612,49.1183],[3.6029,49.1146],[3.5997,49.1207],[3.6215,49.1504],[3.6855,49.1544],[3.7029,49.1415],[3.7488,49.1571],[3.7513,49.1778],[3.7114,49.1782],[3.6972,49.1879],[3.6975,49.2066],[3.6817,49.1974],[3.6804,49.2059],[3.6549,49.2126],[3.6517,49.2218],[3.6783,49.2352],[3.6607,49.2602],[3.6527,49.2544],[3.6651,49.2694],[3.6516,49.2784],[3.6573,49.291],[3.6383,49.301],[3.6439,49.3127],[3.6694,49.3251],[3.7422,49.3368],[3.7408,49.3476],[3.7777,49.356],[3.8239,49.3574],[3.8528,49.345],[3.8587,49.3541],[3.8478,49.3646],[3.8611,49.386],[3.8226,49.4025],[3.8702,49.4068],[3.8957,49.3929],[3.9247,49.4078],[3.9615,49.3773],[3.9951,49.3783],[4.0127,49.3583],[4.0358,49.3599],[4.0482,49.4056],[4.0372,49.4382],[4.0492,49.4477],[4.0682,49.4456],[4.0415,49.4683],[4.0402,49.5062],[4.0572,49.5082],[4.0563,49.5211],[4.0758,49.5183],[4.0752,49.5416],[4.0487,49.5454],[4.0768,49.5707],[4.0595,49.5759],[4.0661,49.5943],[4.0245,49.6212],[4.0379,49.623],[4.0411,49.6383],[4.0863,49.6293],[4.1157,49.6329],[4.127,49.6779],[4.1486,49.6778],[4.144,49.6886],[4.1852,49.6989],[4.1912,49.7163],[4.2324,49.7305],[4.229,49.7464],[4.2496,49.7571],[4.2428,49.7671],[4.2059,49.7782],[4.2267,49.793],[4.2143,49.8061],[4.2236,49.8341],[4.2528,49.8696],[4.2558,49.904],[4.2169,49.9141],[4.2332,49.9578],[4.1974,49.9546],[4.1971,49.9677],[4.142,49.979],[4.0852,49.9691],[4.0837,49.9789],[4.0602,49.9847],[4.0318,49.9824],[4.012,49.9855],[4.0053,49.9961],[3.9811,49.9937],[3.9956,50.028],[3.9823,50.0444],[3.8874,50.0096],[3.8897,50.0226],[3.8783,50.0279],[3.8871,50.0302],[3.875,50.0365],[3.8356,50.0484],[3.8156,50.0389],[3.7979,50.0485],[3.7774,50.0459],[3.7152,50.0695],[3.6597,50.0514],[3.6486,50.0427],[3.6623,50.0391],[3.6589,50.0293],[3.6409,50.039],[3.6141,50.0251],[3.595,50.0441],[3.5414,50.0552],[3.5439,50.0463],[3.5071,50.0358],[3.4907,50.0189],[3.4282,50.0221],[3.3989,50.0348],[3.3637,50.0369],[3.3294,50.0159],[3.2776,50.0144],[3.2711,50.0293],[3.2581,50.032],[3.2582,50.0244],[3.2289,50.0326],[3.1978,50.0151],[3.1725,50.0119]],[[2.9817,49.2168],[2.9927,49.2233],[3.0038,49.2189],[2.9902,49.2107],[2.9817,49.2168]]]},"properties":{"shapeName":"Aisne","shapeISO":"","shapeID":"29444166B62247732126362","shapeGroup":"FRA","shapeType":"ADM2"}},
{"type":"Feature","geometry":{"type":"MultiPolygon","coordinates":[[[[9.2488,41.34],[9.2599,41.3339],[9.2586,41.3481],[9.2488,41.34]]],[[[9.2504,41.3684],[9.2643,41.3609],[9.2747,41.3692],[9.2593,41.3744],[9.2504,41.3684]]],[[[8.5733,42.3815],[8.572,42.3702],[8.5447,42.3755],[8.5433,42.3673],[8.5579,42.3605],[8.553,42.3334],[8.5915,42.3532],[8.615,42.3499],[8.6283,42.3323],[8.5984,42.3195],[8.6048,42.306],[8.6257,42.3127],[8.6393,42.2995],[8.6602,42.3026],[8.6962,42.2661],[8.5401,42.2374],[8.554,42.2268],[8.5732,42.2291],[8.5676,42.2194],[8.5782,42.2144],[8.5665,42.2053],[8.5821,42.2047],[8.5777,42.189],[8.5868,42.1809],[8.5614,42.1715],[8.5938,42.1678],[8.5582,42.1459],[8.5859,42.1515],[8.5941,42.1432],[8.5802,42.129],[8.613,42.1344],[8.624,42.1226],[8.6478,42.1209],[8.6593,42.1009],[8.6895,42.1151],[8.7006,42.1123],[8.7191,42.0638],[8.7384,42.0651],[8.7474,42.0502],[8.7418,42.041],[8.7222,42.0427],[8.7268,42.035],[8.7167,42.0297],[8.691,42.0288],[8.6562,42.0094],[8.6582,41.9926],[8.67,41.9875],[8.6563,41.9726],[8.5922,41.9645],[8.6235,41.9348],[8.6073,41.8953],[8.642,41.9101],[8.7178,41.9079],[8.7436,41.9179],[8.7474,41.9336],[8.7638,41.9223],[8.7815,41.924],[8.8035,41.8943],[8.7789,41.8832],[8.7884,41.8505],[8.7509,41.8452],[8.784,41.8323],[8.7716,41.8114],[8.7491,41.8114],[8.7381,41.7971],[8.7119,41.8019],[8.7291,41.7744],[8.6846,41.747],[8.6609,41.7501],[8.6588,41.7405],[8.7046,41.7395],[8.7072,41.7217],[8.7752,41.7415],[8.7846,41.7317],[8.7711,41.7117],[8.7881,41.7085],[8.7828,41.6992],[8.812,41.7144],[8.8421,41.6972],[8.9162,41.6871],[8.9091,41.6773],[8.8817,41.671],[8.8718,41.6466],[8.8515,41.648],[8.8203,41.6296],[8.8043,41.6416],[8.7856,41.6179],[8.7898,41.5967],[8.7743,41.5929],[8.8042,41.5752],[8.7892,41.5632],[8.7825,41.5669],[8.787,41.5561],[8.8167,41.5556],[8.8132,41.5487],[8.845,41.547],[8.8467,41.5402],[8.8538,41.5469],[8.8424,41.5181],[8.8767,41.5243],[8.8906,41.5161],[8.8841,41.5048],[8.9152,41.5071],[8.9202,41.4891],[8.9326,41.4958],[8.9391,41.4889],[8.9608,41.4926],[8.9827,41.4738],[8.9954,41.4856],[9.0035,41.4749],[9.0179,41.4781],[9.0244,41.4616],[9.0388,41.4697],[9.0402,41.4569],[9.0798,41.4774],[9.0674,41.4655],[9.0692,41.4451],[9.0827,41.4415],[9.0942,41.45],[9.0984,41.4426],[9.1222,41.4413],[9.0951,41.4123],[9.0937,41.3938],[9.1331,41.3998],[9.1268,41.3942],[9.1444,41.3867],[9.1648,41.3897],[9.1483,41.3867],[9.1693,41.3846],[9.1807,41.3659],[9.2202,41.3665],[9.2657,41.4249],[9.2581,41.4284],[9.2202,41.405],[9.2197,41.4133],[9.2098,41.4133],[9.2268,41.4173],[9.2235,41.4427],[9.2437,41.4468],[9.2659,41.4661],[9.277,41.4634],[9.2672,41.471],[9.2876,41.4841],[9.2859,41.4989],[9.2681,41.5006],[9.2844,41.5173],[9.2728,41.5302],[9.287,41.5296],[9.3104,41.5502],[9.3431,41.5592],[9.3694,41.5941],[9.3404,41.5942],[9.3181,41.6048],[9.2952,41.5837],[9.2792,41.5969],[9.3064,41.6152],[9.3082,41.6287],[9.3198,41.6152],[9.3357,41.6218],[9.3546,41.6167],[9.3482,41.6375],[9.3679,41.6357],[9.3774,41.6485],[9.3851,41.6456],[9.3882,41.6702],[9.376,41.6704],[9.3727,41.6794],[9.4009,41.6933],[9.4066,41.7134],[9.408,41.7662],[9.3956,41.7754],[9.3943,41.7979],[9.4068,41.8234],[9.4015,41.8596],[9.3773,41.868],[9.3173,41.8323],[9.3015,41.8448],[9.2687,41.8398],[9.2327,41.8495],[9.2352,41.8795],[9.2523,41.8992],[9.2483,41.9102],[9.2133,41.9162],[9.2307,41.9327],[9.2155,41.9422],[9.227,41.9722],[9.215,41.9941],[9.2212,42.0274],[9.189,42.0315],[9.1615,42.0249],[9.1309,42.0543],[9.1348,42.0869],[9.1248,42.1051],[9.0712,42.1297],[9.0719,42.1546],[9.0654,42.167],[9.0496,42.1709],[9.0455,42.2075],[9.0219,42.203],[8.9744,42.2325],[8.9397,42.2373],[8.9228,42.2578],[8.905,42.2539],[8.8824,42.2709],[8.8779,42.2931],[8.8592,42.3],[8.8616,42.33],[8.8197,42.3159],[8.7709,42.3248],[8.7593,42.3381],[8.7298,42.3395],[8.7142,42.3493],[8.6836,42.3482],[8.6824,42.3596],[8.65,42.3624],[8.641,42.3735],[8.6005,42.369],[8.5733,42.3815]]]]},"properties":{"shapeName":"Corse-du-Sud","shapeISO":"","shapeID":"29444166B58069914139647","shapeGroup":"FRA","shapeType":"ADM2"}},
{"type":"Feature","geometry":{"type":"Polygon","coordinates":[[[9.4015,41.8596],[9.4173,41.961],[9.5496,42.1049],[9.5591,42.1968],[9.5601,42.2826],[9.5323,42.3698],[9.5434,42.4274],[9.53,42.4901],[9.5332,42.5468],[9.5226,42.5742],[9.464,42.6377],[9.447,42.6707],[9.4655,42.758],[9.4927,42.8071],[9.4725,42.8748],[9.4728,42.9241],[9.4516,42.9623],[9.4636,42.9866],[9.4273,43.0101],[9.3572,43.0072],[9.3403,42.994],[9.3509,42.9729],[9.3467,42.9539],[9.3594,42.945],[9.3491,42.9292],[9.3617,42.9245],[9.3221,42.9002],[9.3405,42.8659],[9.3095,42.8333],[9.3426,42.7977],[9.3452,42.7366],[9.3223,42.7168],[9.323,42.6971],[9.299,42.6765],[9.2846,42.6762],[9.2702,42.7005],[9.2537,42.7053],[9.257,42.7182],[9.2334,42.72],[9.2221,42.7354],[9.1987,42.7245],[9.1673,42.7368],[9.1237,42.7316],[9.0841,42.7137],[9.0708,42.6925],[9.0573,42.6966],[9.0595,42.6606],[9.0144,42.6408],[8.9547,42.6336],[8.9224,42.6395],[8.9046,42.6272],[8.88,42.6291],[8.8677,42.6082],[8.8523,42.6125],[8.8343,42.6017],[8.8058,42.604],[8.8111,42.5898],[8.798,42.583],[8.8053,42.571],[8.7825,42.5567],[8.7612,42.5581],[8.7554,42.5716],[8.7271,42.5615],[8.7246,42.5842],[8.7064,42.5697],[8.7185,42.5708],[8.723,42.5569],[8.7102,42.5355],[8.7202,42.5252],[8.6995,42.527],[8.6835,42.515],[8.667,42.516],[8.6665,42.4961],[8.6502,42.4786],[8.6799,42.4695],[8.6644,42.4563],[8.6687,42.445],[8.6484,42.4425],[8.6643,42.4346],[8.6568,42.4171],[8.6226,42.4221],[8.6061,42.4165],[8.6093,42.3871],[8.5733,42.3815],[8.6005,42.369],[8.641,42.3735],[8.65,42.3624],[8.6824,42.3596],[8.6836,42.3482],[8.7142,42.3493],[8.7298,42.3395],[8.7593,42.3381],[8.7709,42.3248],[8.8197,42.3159],[8.8616,42.33],[8.8592,42.3],[8.8779,42.2931],[8.8824,42.2709],[8.905,42.2539],[8.9228,42.2578],[8.9397,42.2373],[8.9744,42.2325],[9.0219,42.203],[9.0455,42.2075],[9.0496,42.1709],[9.0654,42.167],[9.0719,42.1546],[9.0712,42.1297],[9.1248,42.1051],[9.1348,42.0869],[9.1309,42.0543],[9.1615,42.0249],[9.189,42.0315],[9.2212,42.0274],[9.215,41.9941],[9.227,41.9722],[9.2155,41.9422],[9.2307,41.9327],[9.2133,41.9162],[9.2483,41.9102],[9.2523,41.8992],[9.2352,41.8795],[9.2327,41.8495],[9.2687,41.8398],[9.3015,41.8448],[9.3173,41.8323],[9.3773,41.868],[9.4015,41.8596]]]},"properties":{"shapeName":"Haute-Corse","shapeISO":"","shapeID":"29444166B63382640804813","shapeGroup":"FRA","shapeType":"ADM2"}},
{"type":"Feature","geometry":{"type":"Polygon","coordinates":[[[3.0321,46.7949],[2.9596,46.8043],[2.953,46.791],[2.9133,46.791],[2.9113,46.7797],[2.8766,46.7688],[2.8446,46.7423],[2.8454,46.7267],[2.8275,46.7353],[2.793,46.7343],[2.7856,46.7225],[2.7587,46.7175],[2.7345,46.7462],[2.7151,46.7452],[2.7021,46.7182],[2.6856,46.7226],[2.6742,46.702],[2.6452,46.6873],[2.6233,46.6896],[2.6201,46.6797],[2.6336,46.675],[2.6283,46.6591],[2.6071,46.6606],[2.6058,46.6714],[2.5668,46.6536],[2.593,46.6466],[2.5883,46.616],[2.5685,46.6091],[2.5815,46.5932],[2.604,46.5958],[2.5963,46.5939],[2.6095,46.5701],[2.603,46.5645],[2.6149,46.5533],[2.5366,46.5197],[2.5202,46.5312],[2.497,46.5214],[2.4969,46.5336],[2.4501,46.5205],[2.4301,46.5265],[2.3599,46.5159],[2.3238,46.4901],[2.3312,46.4794],[2.3227,46.4695],[2.3008,46.4724],[2.2834,46.4495],[2.2811,46.4205],[2.2875,46.3824],[2.3314,46.379],[2.3377,46.3644],[2.3231,46.3676],[2.3028,46.3547],[2.3115,46.3522],[2.3011,46.3423],[2.3359,46.3233],[2.3552,46.3256],[2.3648,46.3108],[2.3882,46.3316],[2.4205,46.3101],[2.4217,46.2842],[2.4326,46.2956],[2.4807,46.2811],[2.4788,46.2634],[2.4895,46.2475],[2.516,46.2396],[2.5258,46.1877],[2.5595,46.1739],[2.5663,46.1431],[2.5908,46.127],[2.6104,46.1299],[2.6407,46.1184],[2.6685,46.1441],[2.6748,46.1722],[2.7232,46.1815],[2.7321,46.1945],[2.7208,46.212],[2.7326,46.2235],[2.8086,46.1947],[2.8235,46.2205],[2.819,46.2416],[2.8382,46.2514],[2.8599,46.2566],[2.8649,46.2495],[2.9218,46.2503],[2.9459,46.2417],[2.9315,46.2326],[2.9412,46.2245],[2.9144,46.2136],[2.9212,46.1824],[2.9104,46.1785],[2.9529,46.1711],[2.9625,46.1303],[2.9714,46.1215],[3.0017,46.1201],[3.0143,46.103],[3.0661,46.1026],[3.0911,46.1143],[3.0982,46.0834],[3.1313,46.0693],[3.1746,46.0658],[3.1842,46.075],[3.2145,46.0749],[3.2449,46.0622],[3.3025,46.0659],[3.3352,46.055],[3.3316,46.0439],[3.4196,46.0744],[3.4345,46.0606],[3.4595,46.0611],[3.472,46.0396],[3.4618,46.0398],[3.4639,46.0082],[3.5066,46.0171],[3.5252,46.0107],[3.5236,46.0219],[3.5393,46.0213],[3.5436,46.0132],[3.5923,46.0243],[3.6254,45.9859],[3.632,45.961],[3.6415,45.9668],[3.6768,45.958],[3.694,45.9307],[3.7097,45.9742],[3.7421,45.9659],[3.7562,45.9831],[3.7877,45.9731],[3.7988,45.9842],[3.8235,45.9871],[3.8321,45.9997],[3.8051,46.0531],[3.8215,46.0898],[3.7931,46.1122],[3.8021,46.1307],[3.7898,46.1551],[3.8087,46.1646],[3.7888,46.1858],[3.7966,46.207],[3.7693,46.2413],[3.8027,46.2385],[3.8034,46.2582],[3.8677,46.2624],[3.8778,46.2759],[3.8995,46.2759],[3.8972,46.2926],[3.9457,46.301],[3.9458,46.3212],[3.9882,46.3149],[4.0047,46.3276],[3.9848,46.3297],[3.9915,46.371],[3.9772,46.3992],[3.996,46.4262],[3.9883,46.4364],[4.0057,46.4431],[4.0008,46.462],[3.9757,46.4794],[3.9528,46.4781],[3.9555,46.4917],[3.9097,46.4953],[3.8946,46.4808],[3.867,46.4887],[3.8641,46.5123],[3.8409,46.5148],[3.8379,46.5317],[3.8051,46.5193],[3.7716,46.5389],[3.7419,46.5391],[3.732,46.5496],[3.743,46.566],[3.7375,46.601],[3.7129,46.6102],[3.7241,46.6265],[3.6961,46.6613],[3.6698,46.6725],[3.6729,46.6822],[3.6559,46.6865],[3.6507,46.7052],[3.638,46.707],[3.6226,46.7401],[3.6294,46.7496],[3.6019,46.7514],[3.5894,46.7619],[3.5757,46.7497],[3.5976,46.724],[3.5772,46.715],[3.5768,46.723],[3.5689,46.7154],[3.5477,46.7226],[3.561,46.6889],[3.5469,46.6782],[3.5304,46.6892],[3.5139,46.6836],[3.4861,46.6526],[3.4569,46.6518],[3.4421,46.662],[3.4553,46.6825],[3.4531,46.69],[3.4332,46.6934],[3.4344,46.7124],[3.379,46.7125],[3.3656,46.6897],[3.3466,46.6845],[3.3136,46.689],[3.3006,46.7165],[3.2696,46.7167],[3.2222,46.6852],[3.1981,46.6797],[3.1661,46.6914],[3.1296,46.7274],[3.0637,46.7476],[3.0378,46.7724],[3.0321,46.7949]]]},"properties":{"shapeName":"Allier","shapeISO":"","shapeID":"29444166B93800494358231","shapeGroup":"FRA","shapeType":"ADM2"}},
{"type":"Feature","geometry":{"type":"Polygon","coordinates":[[[5.6758,44.1915],[5.6517,44.1896],[5.6433,44.1706],[5.6829,44.1636],[5.6789,44.1461],[5.6313,44.1504],[5.6397,44.1676],[5.6093,44.1907],[5.5762,44.1881],[5.5645,44.1709],[5.5833,44.1578],[5.5786,44.152],[5.5513,44.1498],[5.541,44.1327],[5.4989,44.1161],[5.5027,44.0635],[5.545,44.068],[5.5436,44.0259],[5.5176,43.9915],[5.5097,43.9506],[5.545,43.9389],[5.5685,43.9427],[5.5814,43.9148],[5.6078,43.9153],[5.5729,43.8625],[5.5486,43.8518],[5.5447,43.8176],[5.5748,43.8303],[5.6545,43.8252],[5.6856,43.7871],[5.7129,43.7811],[5.7164,43.7557],[5.7573,43.7294],[5.7811,43.7557],[5.8309,43.7473],[5.8491,43.7182],[5.9012,43.7326],[5.9028,43.7536],[5.9249,43.7574],[5.9385,43.7494],[5.9407,43.7273],[5.9855,43.714],[5.9877,43.6954],[6.0216,43.6683],[6.0392,43.6786],[6.0348,43.6942],[6.0768,43.7071],[6.1069,43.745],[6.13,43.7362],[6.1534,43.7433],[6.2143,43.7992],[6.2529,43.8012],[6.2687,43.7773],[6.3267,43.7468],[6.3583,43.7355],[6.3747,43.7432],[6.3833,43.7345],[6.4135,43.7605],[6.4143,43.7918],[6.4387,43.7979],[6.4865,43.7916],[6.5181,43.8088],[6.5429,43.7916],[6.5453,43.7753],[6.5874,43.8055],[6.6235,43.8049],[6.6363,43.7889],[6.7117,43.8137],[6.7023,43.8245],[6.6676,43.8306],[6.6782,43.852],[6.7028,43.8561],[6.6963,43.8755],[6.6707,43.8877],[6.7488,43.8716],[6.7816,43.8836],[6.7986,43.91],[6.8303,43.9184],[6.8531,43.9147],[6.8849,43.8891],[6.9439,43.899],[6.9131,43.9281],[6.8842,43.9353],[6.8755,43.9528],[6.8479,43.9542],[6.8388,43.9897],[6.7981,44.0054],[6.7885,44.0236],[6.7465,44.0415],[6.7565,44.0796],[6.7076,44.1245],[6.7073,44.1444],[6.6864,44.1689],[6.7167,44.2061],[6.724,44.2499],[6.7591,44.2621],[6.7628,44.2796],[6.7903,44.2723],[6.7864,44.2897],[6.8084,44.33],[6.8401,44.3466],[6.8593,44.3441],[6.8874,44.3613],[6.8971,44.3754],[6.8928,44.4209],[6.9482,44.4297],[6.9121,44.4512],[6.9064,44.4676],[6.8766,44.4813],[6.8535,44.5279],[6.8787,44.5544],[6.9158,44.5591],[6.9128,44.5691],[6.9329,44.5731],[6.9488,44.6187],[6.9683,44.6196],[6.9484,44.6548],[6.9156,44.66],[6.8826,44.6304],[6.8584,44.6294],[6.8434,44.609],[6.7999,44.6042],[6.7923,44.5924],[6.7675,44.5879],[6.7714,44.5752],[6.7522,44.5705],[6.7382,44.553],[6.7039,44.5391],[6.6797,44.5421],[6.6726,44.506],[6.6417,44.4855],[6.6323,44.4469],[6.4685,44.4516],[6.4578,44.4665],[6.4346,44.4753],[6.4116,44.4705],[6.3988,44.4942],[6.3579,44.5229],[6.3323,44.5102],[6.3483,44.4981],[6.3269,44.4636],[6.2934,44.4811],[6.2653,44.466],[6.2335,44.4637],[6.2626,44.4126],[6.2487,44.3893],[6.2272,44.3817],[6.1752,44.4389],[6.1601,44.435],[6.1556,44.4621],[6.0827,44.4775],[6.0709,44.451],[6.0763,44.4387],[6.0569,44.452],[6.0257,44.4342],[6.018,44.4185],[5.9552,44.3966],[5.9366,44.3586],[5.9176,44.3387],[5.9033,44.3376],[5.8979,44.3164],[5.9251,44.3142],[5.9268,44.2944],[5.9126,44.2883],[5.9214,44.2484],[5.8807,44.2706],[5.8688,44.2954],[5.8359,44.2977],[5.8239,44.2786],[5.8269,44.2626],[5.86,44.245],[5.8765,44.2145],[5.9147,44.2035],[5.9093,44.1906],[5.8325,44.2],[5.7949,44.2137],[5.7768,44.2057],[5.7508,44.2093],[5.6921,44.1865],[5.6758,44.1915]]]},"properties":{"shapeName":"Alpes-de-Haute-Provence","shapeISO":"","shapeID":"29444166B35951695576760","shapeGroup":"FRA","shapeType":"ADM2"}},
{"type":"Feature","geometry":{"type":"Polygon","coordinates":[[[6.9484,44.6548],[6.9628,44.6781],[6.9871,44.6901],[7.0291,44.6917],[7.0771,44.681],[7.0658,44.7135],[7.0294,44.73],[7.022,44.7711],[6.9996,44.7897],[7.0241,44.823],[7.0096,44.8262],[7.0014,44.8424],[6.9314,44.8637],[6.912,44.8448],[6.8635,44.8506],[6.8046,44.8771],[6.8016,44.8911],[6.7849,44.8887],[6.7733,44.9026],[6.7508,44.9058],[6.7485,44.9221],[6.7608,44.9336],[6.7438,44.9367],[6.7653,44.9621],[6.7378,44.9894],[6.7518,44.9968],[6.7445,45.0148],[6.7226,45.0221],[6.6733,45.0196],[6.6621,45.0717],[6.645,45.0757],[6.6299,45.1094],[6.6155,45.1215],[6.5764,45.1231],[6.5613,45.1053],[6.5392,45.0991],[6.5104,45.109],[6.4805,45.0942],[6.4871,45.0564],[6.4518,45.0517],[6.4343,45.0636],[6.3961,45.061],[6.3649,45.0702],[6.3748,45.0828],[6.3651,45.102],[6.3342,45.1229],[6.2936,45.1085],[6.2606,45.1268],[6.2288,45.1084],[6.2444,45.0715],[6.2189,45.0645],[6.2039,45.0125],[6.2534,44.9952],[6.3064,45.0048],[6.3235,44.9991],[6.3148,44.9802],[6.3295,44.9692],[6.3229,44.953],[6.3588,44.9413],[6.3546,44.854],[6.3234,44.8523],[6.295,44.8742],[6.2694,44.8705],[6.25,44.8519],[6.1964,44.859],[6.1685,44.8522],[6.1329,44.8645],[6.1115,44.8437],[6.0565,44.8158],[6.0214,44.8374],[6.0055,44.8205],[5.9792,44.8186],[5.9495,44.8044],[5.9777,44.7909],[5.9803,44.7813],[5.9529,44.7711],[5.9511,44.7596],[5.9375,44.7637],[5.9196,44.7514],[5.9001,44.7584],[5.8819,44.7467],[5.8271,44.7597],[5.8297,44.7425],[5.8015,44.7068],[5.8257,44.7015],[5.8304,44.6902],[5.7994,44.6741],[5.7898,44.6532],[5.7544,44.6631],[5.7535,44.6486],[5.736,44.6499],[5.7387,44.6408],[5.728,44.6392],[5.6799,44.6524],[5.6417,44.6514],[5.6472,44.6116],[5.6351,44.609],[5.5971,44.5434],[5.6272,44.5347],[5.6647,44.5019],[5.629,44.5008],[5.6036,44.4655],[5.5703,44.4769],[5.5586,44.4733],[5.5161,44.4918],[5.4584,44.4994],[5.4644,44.4479],[5.4985,44.4367],[5.4768,44.4195],[5.4382,44.4337],[5.4184,44.4249],[5.4431,44.3916],[5.4317,44.3711],[5.4617,44.3678],[5.468,44.3521],[5.4928,44.3371],[5.5216,44.3511],[5.5478,44.33],[5.5608,44.3359],[5.6304,44.3337],[5.608,44.3065],[5.6371,44.3003],[5.6322,44.2839],[5.6468,44.2672],[5.6756,44.2759],[5.6873,44.2668],[5.6742,44.2565],[5.6731,44.2399],[5.6834,44.2347],[5.676,44.2122],[5.6867,44.1964],[5.6758,44.1915],[5.6921,44.1865],[5.7508,44.2093],[5.7768,44.2057],[5.7949,44.2137],[5.8325,44.2],[5.9093,44.1906],[5.9147,44.2035],[5.8765,44.2145],[5.86,44.245],[5.8269,44.2626],[5.8239,44.2786],[5.8359,44.2977],[5.8688,44.2954],[5.8807,44.2706],[5.9214,44.2484],[5.9126,44.2883],[5.9268,44.2944],[5.9251,44.3142],[5.8979,44.3164],[5.9033,44.3376],[5.9176,44.3387],[5.9366,44.3586],[5.9552,44.3966],[6.018,44.4185],[6.0257,44.4342],[6.0569,44.452],[6.0763,44.4387],[6.0709,44.451],[6.0827,44.4775],[6.1556,44.4621],[6.1601,44.435],[6.1752,44.4389],[6.2272,44.3817],[6.2487,44.3893],[6.2626,44.4126],[6.2335,44.4637],[6.2653,44.466],[6.2934,44.4811],[6.3269,44.4636],[6.3483,44.4981],[6.3323,44.5102],[6.3579,44.5229],[6.3988,44.4942],[6.4116,44.4705],[6.4346,44.4753],[6.4578,44.4665],[6.4685,44.4516],[6.6323,44.4469],[6.6417,44.4855],[6.6726,44.506],[6.6797,44.5421],[6.7039,44.5391],[6.7382,44.553],[6.7522,44.5705],[6.7714,44.5752],[6.7675,44.5879],[6.7923,44.5924],[6.7999,44.6042],[6.8434,44.609],[6.8584,44.6294],[6.8826,44.6304],[6.9156,44.66],[6.9484,44.6548]]]},"properties":{"shapeName":"Hautes-Alpes","shapeISO":"","shapeID":"29444166B36939425112061","shapeGroup":"FRA","shapeType":"ADM2"}},
{"type":"Feature","geometry":{"type":"Polygon","coordinates":[[[6.6363,43.7889],[6.6574,43.7487],[6.6827,43.7579],[6.7014,43.7541],[6.7149,43.7387],[6.7526,43.7411],[6.7744,43.7042],[6.761,43.6663],[6.784,43.6532],[6.7988,43.6282],[6.8168,43.6297],[6.8524,43.6042],[6.8577,43.611],[6.8658,43.6029],[6.8935,43.6119],[6.912,43.5984],[6.8983,43.5817],[6.9083,43.5642],[6.8874,43.5525],[6.8785,43.5289],[6.8965,43.5276],[6.884,43.5025],[6.9123,43.4938],[6.914,43.4828],[6.9335,43.4803],[6.9568,43.497],[6.937,43.5175],[6.9703,43.5451],[7.0177,43.545],[7.0165,43.551],[7.0378,43.535],[7.07,43.5635],[7.0977,43.571],[7.1216,43.5597],[7.1195,43.5426],[7.1385,43.5459],[7.1405,43.5694],[7.1244,43.5753],[7.1301,43.5816],[7.133,43.5907],[7.1289,43.5831],[7.1267,43.5863],[7.1251,43.5842],[7.1257,43.5862],[7.1238,43.5846],[7.1216,43.5868],[7.1304,43.589],[7.1363,43.6362],[7.1553,43.6527],[7.1987,43.6556],[7.2,43.6641],[7.1995,43.6467],[7.2126,43.6477],[7.2402,43.6875],[7.2633,43.6943],[7.2884,43.6904],[7.2842,43.6982],[7.3043,43.685],[7.3146,43.7067],[7.3319,43.6748],[7.3349,43.6864],[7.3498,43.6867],[7.3349,43.6883],[7.3296,43.702],[7.3557,43.721],[7.4063,43.7187],[7.4185,43.7248],[7.4127,43.7349],[7.4586,43.7599],[7.4878,43.7495],[7.4909,43.768],[7.5299,43.7842],[7.4968,43.8494],[7.4977,43.8716],[7.5119,43.8855],[7.5612,43.8988],[7.5693,43.9474],[7.5987,43.9574],[7.6113,43.954],[7.6527,43.974],[7.6705,43.9984],[7.6627,44.029],[7.7004,44.0407],[7.719,44.0825],[7.6664,44.1308],[7.6794,44.1472],[7.6704,44.153],[7.6839,44.1717],[7.6779,44.1771],[7.6361,44.1771],[7.6199,44.1495],[7.5638,44.1565],[7.5612,44.1489],[7.534,44.1482],[7.5216,44.1377],[7.507,44.1447],[7.4601,44.1258],[7.43,44.1304],[7.4251,44.1122],[7.3931,44.1254],[7.3577,44.1162],[7.3423,44.1461],[7.2805,44.1409],[7.2493,44.158],[7.2418,44.1732],[7.2189,44.1686],[7.1884,44.2009],[7.1775,44.1972],[7.1632,44.2082],[7.1428,44.2002],[7.0763,44.2323],[7.0385,44.2237],[7.0084,44.2352],[6.9958,44.2802],[6.9717,44.2837],[6.9716,44.2933],[6.9573,44.2954],[6.9602,44.3115],[6.9268,44.3328],[6.922,44.3516],[6.8874,44.3613],[6.8593,44.3441],[6.8401,44.3466],[6.8084,44.33],[6.7864,44.2897],[6.7903,44.2723],[6.7628,44.2796],[6.7591,44.2621],[6.724,44.2499],[6.7167,44.2061],[6.6864,44.1689],[6.7073,44.1444],[6.7076,44.1245],[6.7565,44.0796],[6.7465,44.0415],[6.7885,44.0236],[6.7981,44.0054],[6.8388,43.9897],[6.8479,43.9542],[6.8755,43.9528],[6.8842,43.9353],[6.9131,43.9281],[6.9439,43.899],[6.8849,43.8891],[6.8531,43.9147],[6.8303,43.9184],[6.7986,43.91],[6.7816,43.8836],[6.7488,43.8716],[6.6707,43.8877],[6.6963,43.8755],[6.7028,43.8561],[6.6782,43.852],[6.6676,43.8306],[6.7023,43.8245],[6.7117,43.8137],[6.6363,43.7889]]]},"properties":{"shapeName":"Alpes-Maritimes","shapeISO":"","shapeID":"29444166B5209283925001","shapeGroup":"FRA","shapeType":"ADM2"}},
{"type":"Feature","geometry":{"type":"Polygon","coordinates":[[[4.4831,45.2366],[4.4908,45.2235],[4.4773,45.2132],[4.4807,45.1956],[4.4431,45.1448],[4.4572,45.1189],[4.4383,45.1221],[4.4361,45.1086],[4.423,45.1373],[4.3739,45.144],[4.3694,45.1285],[4.4001,45.1184],[4.3995,45.1045],[4.3593,45.0997],[4.367,45.089],[4.3458,45.0676],[4.3648,45.0537],[4.3775,45.0551],[4.3811,45.0396],[4.3411,45.0259],[4.3019,45.0264],[4.2905,44.9963],[4.3143,44.9728],[4.2524,44.9588],[4.236,44.9704],[4.227,44.9657],[4.2165,44.9335],[4.1819,44.9084],[4.1793,44.8871],[4.1566,44.8732],[4.1164,44.8792],[4.071,44.8666],[4.0342,44.8718],[4.0201,44.8459],[4.0277,44.8321],[4.0135,44.8267],[4.0054,44.8381],[4.0004,44.8197],[3.9911,44.8337],[3.9821,44.8324],[3.9881,44.8114],[3.9631,44.8296],[3.9448,44.8246],[3.9368,44.7954],[3.923,44.7778],[3.9105,44.7787],[3.9249,44.7698],[3.9002,44.7644],[3.8933,44.7513],[3.8696,44.755],[3.8626,44.744],[3.8775,44.7374],[3.8611,44.7113],[3.8722,44.7076],[3.8693,44.6973],[3.8843,44.697],[3.8693,44.6784],[3.8979,44.6442],[3.8937,44.6135],[3.9066,44.611],[3.9051,44.5926],[3.9182,44.5884],[3.9236,44.5716],[3.9455,44.5736],[3.9551,44.5666],[3.9888,44.5039],[3.9856,44.4778],[3.9984,44.4597],[4.0372,44.4461],[4.0463,44.4318],[4.0354,44.4199],[4.0684,44.405],[4.0645,44.3941],[4.0402,44.3916],[4.0573,44.3637],[4.0543,44.3377],[4.0357,44.3297],[4.0517,44.317],[4.0737,44.3298],[4.0965,44.3349],[4.1162,44.3269],[4.1299,44.3369],[4.1429,44.3132],[4.1775,44.3178],[4.1865,44.2998],[4.2585,44.2643],[4.289,44.2921],[4.2882,44.3148],[4.3163,44.3206],[4.3303,44.3318],[4.3258,44.3383],[4.3914,44.3468],[4.4033,44.3336],[4.3895,44.301],[4.3952,44.291],[4.4333,44.2916],[4.4393,44.2834],[4.4533,44.2979],[4.4531,44.3389],[4.4996,44.3383],[4.5044,44.3443],[4.5127,44.3281],[4.5486,44.326],[4.5599,44.302],[4.6068,44.2905],[4.6164,44.2782],[4.6349,44.2848],[4.6495,44.2703],[4.6506,44.3298],[4.6489,44.3702],[4.6669,44.4294],[4.6932,44.4429],[4.7001,44.4589],[4.6876,44.5008],[4.7077,44.5343],[4.6938,44.542],[4.6933,44.5602],[4.7035,44.5601],[4.7111,44.5822],[4.7417,44.5893],[4.7406,44.6026],[4.7793,44.6544],[4.7607,44.7716],[4.7954,44.7935],[4.7998,44.813],[4.8225,44.8174],[4.8205,44.8373],[4.844,44.8458],[4.8607,44.8749],[4.8548,44.8996],[4.8863,44.9355],[4.8359,45.008],[4.8451,45.0187],[4.8397,45.0342],[4.86,45.0581],[4.8289,45.0734],[4.8287,45.1005],[4.8034,45.1246],[4.8293,45.1564],[4.8086,45.17],[4.8128,45.2039],[4.8015,45.2423],[4.8099,45.2881],[4.8004,45.2984],[4.762,45.3238],[4.7621,45.3426],[4.7742,45.3527],[4.7555,45.3661],[4.6622,45.3404],[4.6386,45.3264],[4.6412,45.3172],[4.6147,45.3116],[4.6239,45.2923],[4.598,45.2895],[4.5909,45.2737],[4.6061,45.2628],[4.6016,45.2505],[4.5404,45.2435],[4.5407,45.2346],[4.5097,45.2449],[4.5092,45.2312],[4.4831,45.2366]]]},"properties":{"shapeName":"Ardèche","shapeISO":"","shapeID":"29444166B5188880309581","shapeGroup":"FRA","shapeType":"ADM2"}},
{"type":"Feature","geometry":{"type":"Polygon","coordinates":[[[4.0482,49.4056],[4.1914,49.4013],[4.2011,49.3838],[4.2485,49.3823],[4.2584,49.3635],[4.2769,49.3517],[4.2941,49.3527],[4.3082,49.3269],[4.3439,49.3237],[4.3435,49.3139],[4.3756,49.3238],[4.3964,49.2921],[4.4472,49.2725],[4.5159,49.2801],[4.5566,49.2953],[4.598,49.2914],[4.5918,49.2734],[4.6086,49.2693],[4.6174,49.238],[4.6342,49.2317],[4.6704,49.2413],[4.6899,49.2578],[4.7036,49.2508],[4.7274,49.2533],[4.7447,49.2415],[4.7894,49.2409],[4.8152,49.2501],[4.831,49.2336],[4.8663,49.227],[4.8624,49.2408],[4.8833,49.2568],[4.8762,49.2632],[4.8924,49.2581],[4.9239,49.2668],[4.9162,49.2607],[4.9346,49.2597],[4.9214,49.2516],[4.9508,49.237],[4.9966,49.2642],[5.0507,49.274],[5.0593,49.29],[5.0254,49.3105],[5.038,49.3161],[5.0262,49.3365],[5.0604,49.3718],[5.0891,49.3699],[5.1016,49.3784],[5.1044,49.3902],[5.0769,49.4034],[5.1154,49.4194],[5.1003,49.4432],[5.1118,49.4576],[5.0951,49.4597],[5.0839,49.484],[5.0591,49.5009],[5.0992,49.5311],[5.0882,49.5448],[5.0963,49.5578],[5.1133,49.5607],[5.1048,49.5756],[5.1131,49.5923],[5.1442,49.591],[5.1626,49.562],[5.2172,49.5735],[5.2359,49.5691],[5.2588,49.5435],[5.2752,49.5422],[5.2851,49.5534],[5.3125,49.5594],[5.3409,49.595],[5.352,49.5884],[5.3768,49.5923],[5.3943,49.6168],[5.3472,49.6313],[5.3405,49.6167],[5.3136,49.6108],[5.3051,49.6302],[5.3322,49.6544],[5.2762,49.6923],[5.2562,49.6942],[5.2427,49.6853],[5.2057,49.6963],[5.1643,49.6934],[5.1655,49.7122],[5.1535,49.7188],[5.1437,49.7091],[5.1259,49.7124],[5.119,49.7382],[5.0939,49.7638],[5.063,49.7623],[5.0131,49.7803],[4.9975,49.8],[4.9568,49.8019],[4.943,49.7906],[4.9056,49.7855],[4.8517,49.7935],[4.8763,49.8198],[4.8475,49.868],[4.8627,49.867],[4.8874,49.8986],[4.8777,49.9045],[4.8902,49.909],[4.8471,49.949],[4.791,49.9581],[4.7902,49.969],[4.7937,49.9824],[4.8195,49.9952],[4.82,50.0261],[4.8417,50.0388],[4.8197,50.0661],[4.8379,50.0672],[4.847,50.0836],[4.8382,50.0936],[4.8496,50.1011],[4.8724,50.0878],[4.867,50.1188],[4.8971,50.138],[4.8814,50.1413],[4.8776,50.1537],[4.8326,50.1532],[4.8253,50.1691],[4.8066,50.1527],[4.7622,50.1364],[4.7517,50.1119],[4.7021,50.0956],[4.6797,50.068],[4.7,50.053],[4.6846,50.0271],[4.693,49.9955],[4.5818,49.9836],[4.5646,49.9704],[4.5409,49.9695],[4.5237,49.9502],[4.4456,49.9372],[4.3816,49.9547],[4.351,49.9523],[4.3094,49.9696],[4.2332,49.9578],[4.2169,49.9141],[4.2558,49.904],[4.2528,49.8696],[4.2236,49.8341],[4.2143,49.8061],[4.2267,49.793],[4.2059,49.7782],[4.2428,49.7671],[4.2496,49.7571],[4.229,49.7464],[4.2324,49.7305],[4.1912,49.7163],[4.1852,49.6989],[4.144,49.6886],[4.1486,49.6778],[4.127,49.6779],[4.1157,49.6329],[4.0863,49.6293],[4.0411,49.6383],[4.0379,49.623],[4.0245,49.6212],[4.0661,49.5943],[4.0595,49.5759],[4.0768,49.5707],[4.0487,49.5454],[4.0752,49.5416],[4.0758,49.5183],[4.0563,49.5211],[4.0572,49.5082],[4.0402,49.5062],[4.0415,49.4683],[4.0682,49.4456],[4.0492,49.4477],[4.0372,49.4382],[4.0482,49.4056]]]},"properties":{"shapeName":"Ardennes","shapeISO":"","shapeID":"29444166B82146643431704","shapeGroup":"FRA","shapeType":"ADM2"}},
{"type":"Feature","geometry":{"type":"Polygon","coordinates":[[[1.6884,43.2735],[1.6736,43.2815],[1.6499,43.261],[1.6553,43.244],[1.6357,43.237],[1.6373,43.2555],[1.5713,43.2762],[1.5649,43.2534],[1.5462,43.2774],[1.5186,43.2693],[1.5179,43.2893],[1.5124,43.2937],[1.5063,43.286],[1.4965,43.2932],[1.4895,43.2585],[1.5045,43.2493],[1.4925,43.2368],[1.5091,43.222],[1.4868,43.2277],[1.4678,43.2089],[1.4161,43.2263],[1.4288,43.2544],[1.376,43.2884],[1.3632,43.3076],[1.3731,43.3101],[1.3318,43.3159],[1.318,43.2957],[1.305,43.2985],[1.3027,43.2863],[1.2925,43.2889],[1.3023,43.2723],[1.2937,43.2639],[1.3306,43.2627],[1.3184,43.2512],[1.3398,43.2442],[1.3735,43.2447],[1.3833,43.2293],[1.3745,43.2139],[1.3276,43.2047],[1.3212,43.1901],[1.2741,43.1963],[1.2512,43.1833],[1.2322,43.1882],[1.214,43.1624],[1.2191,43.1526],[1.2739,43.1484],[1.3028,43.1226],[1.2604,43.1091],[1.2619,43.0917],[1.2236,43.0858],[1.2071,43.1201],[1.1752,43.1409],[1.1663,43.1301],[1.1463,43.1374],[1.1244,43.1568],[1.088,43.1338],[1.0535,43.1454],[1.0362,43.0993],[1.0008,43.1141],[1.0044,43.1044],[0.9911,43.0929],[1.0066,43.0822],[0.9965,43.0724],[0.979,43.0726],[0.9945,43.0463],[0.9932,43.0396],[0.9844,43.0447],[0.9859,43.0302],[1.0222,43.01],[1.0034,43.005],[0.975,42.9727],[0.8749,42.9578],[0.8844,42.9319],[0.8267,42.916],[0.8441,42.8898],[0.8351,42.872],[0.848,42.8656],[0.8581,42.8257],[0.9263,42.7894],[0.9601,42.8059],[0.984,42.7867],[1.0052,42.7909],[1.0479,42.781],[1.0789,42.7883],[1.1282,42.7556],[1.1334,42.7281],[1.1705,42.7079],[1.2292,42.7278],[1.2531,42.7145],[1.3323,42.7248],[1.3574,42.7197],[1.3511,42.7028],[1.3892,42.6871],[1.3874,42.6687],[1.4137,42.6556],[1.4379,42.6028],[1.457,42.6023],[1.4767,42.6131],[1.4681,42.6309],[1.4789,42.6517],[1.5188,42.6454],[1.5492,42.6559],[1.5747,42.6479],[1.6005,42.6257],[1.6372,42.6303],[1.6642,42.6189],[1.6834,42.625],[1.7358,42.6157],[1.7268,42.5889],[1.7812,42.5825],[1.7861,42.5737],[1.8376,42.5848],[1.8743,42.5817],[1.9002,42.6152],[1.9334,42.6048],[1.9501,42.6177],[1.9723,42.6171],[1.9989,42.6617],[2.029,42.6526],[2.0469,42.6636],[2.109,42.664],[2.1278,42.6723],[2.166,42.6639],[2.1759,42.682],[2.1678,42.6962],[2.0916,42.7351],[2.0864,42.7522],[2.0569,42.7563],[2.0037,42.7335],[1.9508,42.7367],[1.9134,42.7584],[1.9094,42.7693],[1.9288,42.775],[1.8964,42.8082],[1.8599,42.8201],[1.876,42.8526],[1.9461,42.8561],[1.9869,42.8709],[1.9921,42.9052],[1.9807,42.9298],[1.9339,42.9393],[1.9367,42.9539],[1.9524,42.9551],[1.9576,42.9641],[1.9952,42.9529],[2.0063,42.9623],[1.985,42.9673],[1.9869,43.0026],[1.9695,43.008],[1.9852,43.0324],[1.9726,43.0466],[1.9409,43.0528],[1.9428,43.0674],[1.9639,43.0688],[1.9493,43.0807],[1.9494,43.1212],[1.9142,43.1335],[1.894,43.1153],[1.8808,43.1267],[1.8814,43.1478],[1.8568,43.1445],[1.8522,43.1605],[1.8417,43.1554],[1.851,43.1461],[1.8256,43.1455],[1.7928,43.159],[1.7834,43.1512],[1.7425,43.1833],[1.711,43.1869],[1.7239,43.2244],[1.6953,43.2467],[1.7026,43.2565],[1.6884,43.2735]]]},"properties":{"shapeName":"Ariège","shapeISO":"","shapeID":"29444166B39237806830896","shapeGroup":"FRA","shapeType":"ADM2"}},
{"type":"Feature","geometry":{"type":"Polygon","coordinates":[[[3.4147,48.3902],[3.4274,48.3581],[3.4526,48.3744],[3.5049,48.3657],[3.545,48.3343],[3.5439,48.3198],[3.5634,48.3214],[3.5622,48.3111],[3.5879,48.3009],[3.5778,48.2846],[3.6166,48.2715],[3.6243,48.2545],[3.5995,48.2366],[3.6218,48.2257],[3.5788,48.1849],[3.5939,48.1787],[3.6217,48.192],[3.6332,48.1889],[3.6679,48.1393],[3.6918,48.1455],[3.6933,48.1552],[3.7051,48.1443],[3.7201,48.1539],[3.7144,48.1746],[3.7475,48.1663],[3.7551,48.1503],[3.7401,48.132],[3.7569,48.1253],[3.7682,48.1337],[3.7918,48.1177],[3.8057,48.1005],[3.7981,48.0865],[3.8295,48.0579],[3.8221,48.0441],[3.8705,48.0169],[3.8703,48.0027],[3.8392,48.0034],[3.85,47.9837],[3.8799,47.9791],[3.8815,48.0003],[3.8932,48.0018],[3.9114,47.9811],[3.894,47.9292],[3.9045,47.9249],[3.9263,47.9348],[3.9617,47.9363],[3.9858,47.9307],[4.005,47.9426],[4.0163,47.9294],[4.0315,47.9332],[4.0448,47.9251],[4.0589,47.9317],[4.0608,47.9458],[4.0897,47.945],[4.0921,47.9282],[4.1097,47.926],[4.1418,47.9371],[4.1658,47.96],[4.1842,47.9559],[4.1855,47.9403],[4.2027,47.9417],[4.2124,47.9632],[4.1929,47.965],[4.204,47.9735],[4.2269,47.9711],[4.2221,47.9497],[4.2451,47.93],[4.2928,47.9259],[4.3127,47.9627],[4.3431,47.9559],[4.4172,47.9687],[4.4471,47.9564],[4.4936,47.9689],[4.5542,47.9677],[4.5568,47.9822],[4.5357,48.0068],[4.5495,48.0044],[4.5798,48.0293],[4.6165,48.0313],[4.6699,48.0145],[4.7043,48.0203],[4.7148,48.0208],[4.705,48.0277],[4.7232,48.0458],[4.6905,48.0727],[4.6576,48.0792],[4.7049,48.0888],[4.7041,48.1002],[4.7242,48.1062],[4.7317,48.1194],[4.8344,48.1052],[4.8286,48.1291],[4.8524,48.143],[4.8369,48.1518],[4.8371,48.1684],[4.8646,48.1994],[4.8616,48.2109],[4.8352,48.2212],[4.8539,48.2288],[4.8389,48.2375],[4.8447,48.2574],[4.8616,48.2664],[4.8428,48.2826],[4.8508,48.2962],[4.8263,48.3022],[4.8142,48.323],[4.84,48.342],[4.7546,48.3665],[4.7602,48.3876],[4.7473,48.3924],[4.7053,48.3909],[4.7084,48.4012],[4.6803,48.4171],[4.6899,48.4252],[4.6785,48.4405],[4.629,48.4617],[4.6278,48.4686],[4.6533,48.4708],[4.6574,48.505],[4.6768,48.5181],[4.6701,48.5319],[4.6377,48.5419],[4.6429,48.5538],[4.5919,48.5536],[4.5562,48.5419],[4.5454,48.5252],[4.5254,48.5282],[4.5286,48.5406],[4.5109,48.548],[4.4934,48.539],[4.4038,48.5612],[4.315,48.6164],[4.3347,48.6325],[4.3174,48.652],[4.3343,48.6751],[4.3248,48.7006],[4.2995,48.7147],[4.264,48.706],[4.2432,48.7167],[4.2332,48.7022],[4.1652,48.7077],[4.1312,48.6863],[4.0785,48.7015],[4.0581,48.6662],[4.0299,48.6596],[4.0012,48.664],[3.9847,48.6534],[3.978,48.6258],[3.9684,48.6316],[3.9492,48.6032],[3.9085,48.6017],[3.8992,48.5749],[3.8542,48.5803],[3.8656,48.5379],[3.8254,48.5152],[3.7982,48.5291],[3.7663,48.5276],[3.7341,48.5392],[3.6437,48.5364],[3.6268,48.5773],[3.6047,48.5727],[3.5926,48.5876],[3.5826,48.585],[3.5805,48.6046],[3.5624,48.6021],[3.5555,48.6202],[3.503,48.6046],[3.5163,48.5898],[3.4935,48.5901],[3.4654,48.5705],[3.4818,48.5415],[3.457,48.5296],[3.4142,48.5335],[3.4054,48.5279],[3.4352,48.4969],[3.4346,48.4903],[3.3837,48.4796],[3.4074,48.4493],[3.3917,48.4232],[3.4119,48.4214],[3.4033,48.4147],[3.4223,48.4161],[3.4147,48.3902]]]},"properties":{"shapeName":"Aube","shapeISO":"","shapeID":"29444166B59009150054618","shapeGroup":"FRA","shapeType":"ADM2"}},
{"type":"Feature","geometry":{"type":"Polygon","coordinates":[[[2.166,42.6639],[2.1762,42.6489],[2.1924,42.6518],[2.206,42.6669],[2.2465,42.6813],[2.2647,42.7093],[2.2971,42.701],[2.3555,42.7272],[2.344,42.8013],[2.3334,42.8019],[2.3323,42.82],[2.3191,42.824],[2.3374,42.8412],[2.3822,42.8487],[2.4525,42.837],[2.5018,42.8516],[2.5166,42.8424],[2.5515,42.8468],[2.6809,42.8307],[2.7368,42.8356],[2.7889,42.8961],[2.8652,42.9185],[2.8822,42.9001],[2.985,42.867],[3.0437,42.838],[3.054,42.8738],[3.0362,42.8562],[3.0313,42.8608],[3.0489,42.8725],[3.047,42.8817],[3.0528,42.8737],[3.0606,42.9177],[3.039,42.939],[3.0563,42.998],[3.0701,43.0123],[3.0637,43.0193],[3.118,43.103],[3.185,43.168],[3.1787,43.1733],[3.1843,43.1688],[3.2401,43.2128],[3.199,43.2501],[3.1573,43.2422],[3.1436,43.2472],[3.1425,43.2591],[3.12,43.2615],[3.111,43.2533],[3.079,43.2613],[3.0544,43.2799],[3.0256,43.2823],[3.0108,43.2738],[3.004,43.3199],[2.9459,43.3119],[2.9214,43.326],[2.9141,43.3196],[2.8919,43.3274],[2.8842,43.3346],[2.8902,43.3657],[2.8695,43.3735],[2.8694,43.3832],[2.8554,43.3732],[2.8758,43.3403],[2.8686,43.3297],[2.8055,43.3198],[2.8182,43.3095],[2.7911,43.2926],[2.7723,43.2577],[2.7524,43.2548],[2.7246,43.2732],[2.7049,43.2747],[2.7059,43.2988],[2.6892,43.3229],[2.6594,43.2927],[2.6319,43.2984],[2.6171,43.2843],[2.5857,43.3335],[2.5516,43.3343],[2.5396,43.3459],[2.5572,43.3661],[2.5595,43.3932],[2.5928,43.4037],[2.5934,43.4126],[2.5658,43.4227],[2.5191,43.4237],[2.4908,43.4383],[2.4285,43.4357],[2.3968,43.4165],[2.3037,43.4479],[2.2821,43.4411],[2.2583,43.4601],[2.2229,43.4315],[2.2302,43.4054],[2.2151,43.3823],[2.1871,43.3941],[2.1704,43.4165],[2.1093,43.3944],[2.0733,43.3949],[2.0529,43.4304],[2.0291,43.4367],[2.0374,43.4222],[2.0202,43.4228],[1.988,43.4074],[1.9545,43.4265],[1.9495,43.4194],[1.9191,43.4214],[1.9047,43.3934],[1.8957,43.3969],[1.9048,43.4077],[1.8966,43.4177],[1.8562,43.4435],[1.8428,43.4327],[1.8422,43.4148],[1.8277,43.4185],[1.8172,43.411],[1.8262,43.3948],[1.8031,43.3926],[1.8135,43.3414],[1.7825,43.3462],[1.7727,43.3366],[1.7514,43.3496],[1.7333,43.335],[1.7226,43.3415],[1.7358,43.3141],[1.7037,43.3027],[1.716,43.2953],[1.6884,43.2735],[1.7026,43.2565],[1.6953,43.2467],[1.7239,43.2244],[1.711,43.1869],[1.7425,43.1833],[1.7834,43.1512],[1.7928,43.159],[1.8256,43.1455],[1.851,43.1461],[1.8417,43.1554],[1.8522,43.1605],[1.8568,43.1445],[1.8814,43.1478],[1.8808,43.1267],[1.894,43.1153],[1.9142,43.1335],[1.9494,43.1212],[1.9493,43.0807],[1.9639,43.0688],[1.9428,43.0674],[1.9409,43.0528],[1.9726,43.0466],[1.9852,43.0324],[1.9695,43.008],[1.9869,43.0026],[1.985,42.9673],[2.0063,42.9623],[1.9952,42.9529],[1.9576,42.9641],[1.9524,42.9551],[1.9367,42.9539],[1.9339,42.9393],[1.9807,42.9298],[1.9921,42.9052],[1.9869,42.8709],[1.9461,42.8561],[1.876,42.8526],[1.8599,42.8201],[1.8964,42.8082],[1.9288,42.775],[1.9094,42.7693],[1.9134,42.7584],[1.9508,42.7367],[2.0037,42.7335],[2.0569,42.7563],[2.0864,42.7522],[2.0916,42.7351],[2.1678,42.6962],[2.1759,42.682],[2.166,42.6639]]]},"properties":{"shapeName":"Aude","shapeISO":"","shapeID":"29444166B69755025252743","shapeGroup":"FRA","shapeType":"ADM2"}},
{"type":"Feature","geometry":{"type":"Polygon","coordinates":[[[2.2078,44.6158],[2.2109,44.6048],[2.1941,44.6001],[2.2019,44.5962],[2.1944,44.5854],[2.1785,44.5944],[2.1538,44.5718],[2.1331,44.5695],[2.1255,44.5794],[2.1029,44.5718],[2.0824,44.5873],[2.0608,44.5654],[2.0676,44.5752],[2.0586,44.5834],[2.0355,44.5716],[2.0325,44.5598],[1.9873,44.5507],[1.9613,44.5205],[1.9127,44.505],[1.917,44.4865],[1.8898,44.5058],[1.8842,44.4845],[1.8415,44.4815],[1.8534,44.4631],[1.8496,44.4361],[1.8734,44.4237],[1.8671,44.3977],[1.912,44.3569],[1.9089,44.3501],[1.892,44.353],[1.882,44.3402],[1.8593,44.3204],[1.8818,44.3044],[1.8687,44.2921],[1.9007,44.2791],[1.9403,44.2825],[1.9709,44.2759],[1.962,44.2423],[1.9334,44.2459],[1.9184,44.2197],[1.8905,44.2075],[1.9074,44.2006],[1.9113,44.1854],[1.9334,44.188],[1.9407,44.1698],[1.9446,44.1825],[1.9781,44.1795],[1.9767,44.162],[2.0009,44.159],[1.9902,44.1495],[2.0299,44.157],[2.029,44.1687],[2.06,44.1726],[2.052,44.1887],[2.0685,44.1898],[2.0803,44.1799],[2.096,44.1887],[2.0959,44.1742],[2.1078,44.1818],[2.1049,44.194],[2.1426,44.2015],[2.1621,44.1877],[2.1545,44.181],[2.181,44.1788],[2.1915,44.1621],[2.2065,44.1714],[2.2355,44.1638],[2.2325,44.1546],[2.1996,44.1437],[2.1922,44.1492],[2.1822,44.1384],[2.2374,44.134],[2.2717,44.1482],[2.2979,44.138],[2.2889,44.1219],[2.3322,44.1233],[2.359,44.101],[2.3893,44.0945],[2.4119,44.0699],[2.4103,44.0558],[2.46,44.0514],[2.462,44.0337],[2.4914,44.0188],[2.5015,43.9861],[2.5253,43.9772],[2.5192,43.9592],[2.499,43.9451],[2.5335,43.9365],[2.5371,43.9251],[2.5531,43.9259],[2.5504,43.8924],[2.5801,43.879],[2.564,43.866],[2.5619,43.8445],[2.6588,43.7568],[2.7422,43.729],[2.7813,43.7369],[2.7881,43.7526],[2.8234,43.7622],[2.8696,43.7389],[2.9212,43.7361],[2.9354,43.6946],[2.9849,43.709],[3.0273,43.6926],[3.0618,43.6937],[3.0694,43.7068],[3.0535,43.7163],[3.0525,43.7458],[3.076,43.7685],[3.0487,43.8005],[3.0636,43.809],[3.0619,43.8341],[3.0865,43.8359],[3.1498,43.8135],[3.2128,43.8134],[3.2491,43.8297],[3.2517,43.8438],[3.2346,43.8616],[3.265,43.8953],[3.343,43.8943],[3.3582,43.9137],[3.3566,43.9488],[3.3756,43.9559],[3.3774,43.9675],[3.4059,43.9697],[3.418,43.993],[3.4403,43.9983],[3.4518,44.0218],[3.4,44.0436],[3.3901,44.0572],[3.3527,44.0499],[3.3289,44.079],[3.294,44.0675],[3.2625,44.0935],[3.3242,44.1086],[3.3203,44.1359],[3.3323,44.1418],[3.3346,44.1588],[3.374,44.171],[3.3574,44.1932],[3.3621,44.2016],[3.2939,44.2071],[3.2885,44.1997],[3.2038,44.19],[3.2306,44.2303],[3.192,44.2407],[3.1885,44.2495],[3.1618,44.2447],[3.1477,44.2765],[3.1383,44.2639],[3.1202,44.2618],[3.1224,44.2854],[3.1544,44.3085],[3.1449,44.3182],[3.1542,44.3311],[3.1337,44.3303],[3.132,44.3573],[3.1194,44.364],[3.1182,44.385],[3.1405,44.3922],[3.1372,44.4109],[3.1268,44.4142],[3.1416,44.4262],[3.1369,44.4562],[3.0683,44.5021],[3.0842,44.5595],[3.0763,44.5726],[3.0321,44.5976],[2.9817,44.6447],[2.9384,44.6785],[2.9444,44.6847],[2.9231,44.7286],[2.9337,44.7499],[2.9116,44.7617],[2.9158,44.7674],[2.9307,44.7618],[2.9375,44.7751],[2.9204,44.7943],[2.9041,44.7836],[2.8877,44.7891],[2.8597,44.8391],[2.8658,44.847],[2.8546,44.8507],[2.8598,44.8744],[2.8032,44.8741],[2.7736,44.8548],[2.7755,44.9113],[2.7561,44.9326],[2.7423,44.9289],[2.7384,44.9414],[2.7238,44.9245],[2.7136,44.9271],[2.7083,44.9083],[2.6903,44.9021],[2.6801,44.907],[2.6542,44.8696],[2.629,44.8725],[2.6027,44.8432],[2.6115,44.8311],[2.5966,44.8202],[2.6004,44.7935],[2.5623,44.7777],[2.5613,44.7586],[2.5499,44.7551],[2.5559,44.7335],[2.5443,44.7253],[2.5599,44.7315],[2.5606,44.7207],[2.4996,44.6898],[2.4838,44.6507],[2.471,44.6517],[2.4677,44.6429],[2.4467,44.6483],[2.4343,44.6389],[2.3801,44.6515],[2.3534,44.6401],[2.3331,44.6488],[2.3268,44.6699],[2.3054,44.6623],[2.2852,44.6669],[2.2509,44.652],[2.2159,44.6507],[2.2084,44.6438],[2.2207,44.6221],[2.2078,44.6158]]]},"properties":{"shapeName":"Aveyron","shapeISO":"","shapeID":"29444166B75659216331829","shapeGroup":"FRA","shapeType":"ADM2"}},
{"type":"Feature","geometry":{"type":"MultiPolygon","coordinates":[[[[5.2857,43.2659],[5.2896,43.2605],[5.3112,43.2746],[5.3036,43.2788],[5.324,43.2864],[5.2923,43.2807],[5.3035,43.2762],[5.2857,43.2659]]],[[[5.3184,43.3475],[5.361,43.309],[5.358,43.299],[5.3616,43.3091],[5.3515,43.3232],[5.3184,43.3475]]],[[[4.7393,43.9241],[4.6929,43.8845],[4.6421,43.8675],[4.6413,43.8511],[4.6602,43.8532],[4.6668,43.8466],[4.6423,43.8311],[4.6552,43.8075],[4.6516,43.7825],[4.6125,43.7261],[4.6273,43.6854],[4.5949,43.687],[4.5394,43.7076],[4.4856,43.6986],[4.4776,43.6728],[4.4515,43.6646],[4.4263,43.625],[4.4406,43.6106],[4.4731,43.6113],[4.4603,43.5889],[4.424,43.5847],[4.403,43.5732],[4.4165,43.5715],[4.4088,43.5608],[4.3877,43.5624],[4.3809,43.5526],[4.3343,43.5354],[4.3165,43.5441],[4.323,43.5538],[4.3139,43.5556],[4.3078,43.5454],[4.3247,43.5282],[4.2397,43.4992],[4.2302,43.4605],[4.4233,43.4458],[4.4585,43.4585],[4.5324,43.4524],[4.5684,43.4401],[4.5878,43.4232],[4.5952,43.4063],[4.5515,43.3854],[4.5836,43.3623],[4.6598,43.3454],[4.7767,43.3482],[4.8354,43.3287],[4.8622,43.3335],[4.9178,43.3822],[4.9104,43.3906],[4.9129,43.3787],[4.8899,43.3598],[4.8832,43.3638],[4.8829,43.3552],[4.8511,43.377],[4.8488,43.3705],[4.8286,43.3756],[4.8717,43.3903],[4.8076,43.3838],[4.8541,43.3895],[4.8359,43.3977],[4.8413,43.4038],[4.861,43.4003],[4.8234,43.4245],[4.8282,43.4299],[4.8663,43.4048],[4.8766,43.4106],[4.8501,43.451],[4.8607,43.454],[4.8822,43.4195],[4.9057,43.4301],[4.8848,43.4137],[4.8933,43.4044],[4.8902,43.4141],[4.9019,43.4117],[4.9103,43.4277],[4.9314,43.4332],[4.9694,43.4253],[4.9824,43.3963],[4.9868,43.4064],[5.0594,43.4067],[5.0517,43.4639],[5.0002,43.4749],[4.9993,43.5082],[5.0213,43.5564],[5.0458,43.5213],[5.0614,43.5281],[5.1142,43.5228],[5.1228,43.5067],[5.1125,43.5064],[5.1416,43.4593],[5.1579,43.4552],[5.1636,43.4719],[5.2054,43.4922],[5.2238,43.4827],[5.2299,43.4653],[5.2256,43.452],[5.2085,43.4438],[5.1981,43.4511],[5.2041,43.4418],[5.1371,43.3995],[4.9971,43.4024],[4.9861,43.3926],[5.014,43.3697],[5.0167,43.3552],[5.0255,43.3557],[5.0186,43.3424],[5.0364,43.33],[5.0503,43.3321],[5.0536,43.3244],[5.0885,43.3329],[5.229,43.3287],[5.3114,43.3611],[5.3511,43.3348],[5.3646,43.3145],[5.3586,43.2981],[5.374,43.2943],[5.3555,43.2953],[5.3457,43.2825],[5.3758,43.2578],[5.3371,43.2136],[5.364,43.2073],[5.4025,43.214],[5.4512,43.2012],[5.4433,43.2129],[5.4543,43.2121],[5.5004,43.1972],[5.5371,43.2148],[5.5702,43.1745],[5.6047,43.1603],[5.6157,43.1696],[5.6062,43.1739],[5.6236,43.1868],[5.6509,43.1886],[5.6719,43.1795],[5.6825,43.2354],[5.7024,43.2391],[5.7118,43.2534],[5.7608,43.2674],[5.7629,43.2818],[5.7267,43.3173],[5.691,43.313],[5.6691,43.3194],[5.6853,43.3227],[5.6864,43.3402],[5.705,43.3559],[5.6827,43.3991],[5.7013,43.4081],[5.7551,43.4023],[5.7884,43.4204],[5.7508,43.4345],[5.7278,43.4669],[5.6988,43.4822],[5.7159,43.5035],[5.7252,43.5512],[5.6562,43.574],[5.6918,43.5846],[5.6781,43.6113],[5.6991,43.6432],[5.7446,43.6568],[5.7995,43.6598],[5.8134,43.6891],[5.7883,43.6966],[5.7872,43.7167],[5.7535,43.7246],[5.714,43.6913],[5.6732,43.6936],[5.6071,43.6587],[5.4881,43.6674],[5.3392,43.7202],[5.3166,43.7361],[5.2427,43.7476],[5.1878,43.7351],[5.1734,43.7388],[5.0463,43.791],[5.03,43.8274],[4.9662,43.8718],[4.9023,43.8882],[4.8531,43.9113],[4.7393,43.9241]]]]},"properties":{"shapeName":"Bouches-du-Rhône","shapeISO":"","shapeID":"29444166B17788527993089","shapeGroup":"FRA","shapeType":"ADM2"}},
{"type":"Feature","geometry":{"type":"Polygon","coordinates":[[[0.2969,49.4299],[0.223,49.4283],[0.1306,49.4034],[0.0756,49.3673],[0.0856,49.3614],[0.0709,49.3686],[-0.0039,49.3246],[-0.0779,49.3047],[-0.1113,49.2858],[-0.0898,49.2981],[-0.2292,49.2861],[-0.2174,49.285],[-0.2263,49.2825],[-0.2195,49.2709],[-0.2493,49.26],[-0.2458,49.2734],[-0.2272,49.2762],[-0.2496,49.2806],[-0.2469,49.2923],[-0.3019,49.2983],[-0.3962,49.3333],[-0.4616,49.3336],[-0.5282,49.3458],[-0.6017,49.3397],[-0.7553,49.3486],[-0.8418,49.3603],[-0.9526,49.3961],[-1.0785,49.3882],[-1.1195,49.3594],[-1.1124,49.3263],[-1.0996,49.3198],[-1.1131,49.3263],[-1.1403,49.3088],[-1.1343,49.286],[-1.1205,49.2801],[-1.1348,49.2785],[-1.1359,49.2704],[-1.0977,49.2552],[-1.0747,49.2321],[-1.0351,49.2206],[-1.0239,49.2036],[-0.9737,49.1915],[-0.9466,49.2152],[-0.9312,49.2166],[-0.9261,49.2322],[-0.901,49.2029],[-0.8884,49.2034],[-0.9146,49.1916],[-0.9038,49.1846],[-0.916,49.1845],[-0.9258,49.164],[-0.9499,49.1677],[-0.9585,49.1614],[-0.9316,49.1582],[-0.9407,49.1525],[-0.9333,49.1461],[-0.8865,49.1293],[-0.9249,49.1015],[-0.8913,49.1197],[-0.8786,49.1168],[-0.8694,49.0676],[-0.8921,49.046],[-0.861,49.031],[-0.9052,49.0116],[-0.9113,48.9936],[-0.9431,48.9679],[-0.9891,48.9519],[-1.0044,48.9356],[-1.0325,48.9381],[-1.0663,48.9201],[-1.0206,48.9276],[-1.0135,48.9152],[-1.0702,48.8708],[-1.0983,48.8762],[-1.1215,48.8483],[-1.1572,48.8363],[-1.1596,48.8263],[-1.1025,48.8143],[-1.0912,48.7932],[-1.1017,48.7908],[-1.0813,48.7774],[-1.0588,48.7734],[-1.0438,48.7836],[-1.0143,48.7719],[-0.9913,48.7782],[-0.9712,48.7728],[-0.9675,48.7861],[-0.9513,48.7892],[-0.9366,48.7749],[-0.8943,48.7677],[-0.8833,48.7563],[-0.8221,48.7717],[-0.8412,48.7524],[-0.8207,48.7532],[-0.7807,48.7866],[-0.7128,48.8005],[-0.6821,48.8219],[-0.7056,48.8369],[-0.6932,48.8475],[-0.6436,48.8411],[-0.6455,48.8273],[-0.5806,48.838],[-0.5712,48.8302],[-0.5488,48.848],[-0.4993,48.847],[-0.4962,48.8585],[-0.4763,48.8589],[-0.4635,48.8715],[-0.434,48.8688],[-0.4325,48.875],[-0.4264,48.8656],[-0.4066,48.8703],[-0.3857,48.8451],[-0.3603,48.8481],[-0.3733,48.835],[-0.3456,48.8219],[-0.3265,48.84],[-0.3303,48.8563],[-0.306,48.8584],[-0.2989,48.8493],[-0.2617,48.8536],[-0.2129,48.8402],[-0.205,48.8468],[-0.17,48.8247],[-0.1277,48.8165],[-0.1464,48.8346],[-0.1233,48.8397],[-0.1259,48.8473],[-0.1151,48.8392],[-0.0828,48.8449],[-0.0669,48.8397],[-0.0268,48.8766],[-0.0062,48.8724],[-0.007,48.8857],[0.056,48.9017],[0.071,48.9321],[0.081,48.9384],[0.1007,48.9344],[0.1269,48.9521],[0.1433,48.9452],[0.1539,48.9245],[0.1796,48.9296],[0.1952,48.9435],[0.2174,48.9464],[0.2324,48.9393],[0.2451,48.9594],[0.2637,48.9649],[0.2803,48.9632],[0.2774,48.95],[0.3085,48.9544],[0.3331,48.9427],[0.3585,48.9506],[0.3775,48.9725],[0.4063,48.9632],[0.4002,48.9528],[0.4127,48.9504],[0.4315,48.9666],[0.4247,48.985],[0.4463,49.0189],[0.4278,49.0323],[0.3902,49.034],[0.379,49.0512],[0.367,49.0522],[0.3911,49.078],[0.4179,49.0736],[0.4162,49.0882],[0.3977,49.0896],[0.4154,49.0951],[0.3986,49.099],[0.401,49.1108],[0.4083,49.1285],[0.4332,49.1407],[0.3858,49.1537],[0.3949,49.2094],[0.3386,49.2305],[0.3205,49.2484],[0.3828,49.2641],[0.384,49.2856],[0.3624,49.2972],[0.3427,49.2956],[0.3259,49.2779],[0.3089,49.2833],[0.3229,49.2967],[0.316,49.3113],[0.2979,49.3144],[0.326,49.3404],[0.3021,49.37],[0.3092,49.3896],[0.2969,49.4299]]]},"properties":{"shapeName":"Calvados","shapeISO":"","shapeID":"29444166B48646093113646","shapeGroup":"FRA","shapeType":"ADM2"}},
{"type":"Feature","geometry":{"type":"Polygon","coordinates":[[[2.9817,44.6447],[3.0162,44.7141],[3.0391,44.7151],[3.0269,44.7296],[3.031,44.7494],[3.0493,44.763],[3.0479,44.8041],[3.0773,44.8246],[3.0723,44.8376],[3.0993,44.8333],[3.0932,44.8547],[3.1102,44.8662],[3.1029,44.8864],[3.1158,44.8947],[3.124,44.8897],[3.1281,44.9036],[3.1423,44.903],[3.1637,44.8739],[3.1917,44.8623],[3.1994,44.8749],[3.2382,44.8868],[3.2267,44.9098],[3.2499,44.9163],[3.2417,44.9354],[3.2674,44.9426],[3.2618,44.9319],[3.2863,44.9264],[3.3372,44.9559],[3.3546,44.9549],[3.3613,44.9714],[3.3479,44.9739],[3.3455,44.986],[3.3645,44.9904],[3.3703,45.005],[3.3497,45.0017],[3.3473,45.0144],[3.3247,45.0098],[3.3371,45.0254],[3.327,45.0306],[3.3109,45.0204],[3.3004,45.0312],[3.2993,45.0612],[3.315,45.0851],[3.2898,45.0868],[3.2823,45.1031],[3.3018,45.1074],[3.3284,45.0948],[3.362,45.1042],[3.2997,45.1254],[3.288,45.1205],[3.2735,45.1452],[3.2821,45.1516],[3.267,45.1543],[3.2608,45.1708],[3.2731,45.2086],[3.235,45.2204],[3.234,45.2377],[3.2211,45.2441],[3.2232,45.2771],[3.1908,45.281],[3.1647,45.2686],[3.161,45.2953],[3.1178,45.2842],[3.0823,45.2897],[3.0842,45.299],[3.1049,45.3002],[3.1141,45.31],[3.0905,45.3225],[3.1161,45.3337],[3.1037,45.3541],[3.0872,45.3386],[3.0603,45.3308],[3.0591,45.3068],[3.0222,45.2957],[3.0183,45.2871],[2.9995,45.2904],[2.9486,45.3091],[2.9272,45.3399],[2.9227,45.3682],[2.9007,45.3708],[2.8864,45.383],[2.8676,45.3763],[2.8524,45.3923],[2.8292,45.3897],[2.8139,45.4015],[2.7851,45.3846],[2.7424,45.3933],[2.7145,45.3815],[2.7041,45.3989],[2.6806,45.4074],[2.6874,45.4382],[2.6627,45.4342],[2.648,45.4439],[2.6238,45.4439],[2.6177,45.4701],[2.6038,45.4501],[2.5867,45.4495],[2.5636,45.4658],[2.5362,45.4568],[2.5439,45.4791],[2.5084,45.4783],[2.4875,45.4182],[2.5222,45.4027],[2.5235,45.3816],[2.4897,45.3802],[2.4766,45.3703],[2.4751,45.3811],[2.4423,45.3841],[2.3872,45.412],[2.35,45.4127],[2.3695,45.3871],[2.3649,45.3553],[2.3502,45.3464],[2.3593,45.3361],[2.3159,45.3221],[2.2888,45.2871],[2.2694,45.2903],[2.2578,45.2697],[2.243,45.2662],[2.2408,45.248],[2.1894,45.2225],[2.2011,45.18],[2.2328,45.1653],[2.2084,45.1603],[2.2017,45.1385],[2.1791,45.1363],[2.1903,45.1155],[2.1805,45.1126],[2.1756,45.0814],[2.1408,45.0868],[2.0952,45.056],[2.1163,45.0218],[2.1409,45.0067],[2.1389,44.9934],[2.1308,44.9842],[2.0931,44.9859],[2.0629,44.9766],[2.0806,44.954],[2.0765,44.9341],[2.1082,44.9104],[2.0858,44.9041],[2.0837,44.8861],[2.1282,44.8455],[2.1351,44.8271],[2.168,44.8107],[2.1698,44.7778],[2.149,44.7697],[2.1545,44.7364],[2.13,44.6985],[2.1596,44.6974],[2.1793,44.6745],[2.1616,44.6636],[2.1746,44.6531],[2.1687,44.6389],[2.2078,44.6158],[2.2207,44.6221],[2.2084,44.6438],[2.2159,44.6507],[2.2509,44.652],[2.2852,44.6669],[2.3054,44.6623],[2.3268,44.6699],[2.3331,44.6488],[2.3534,44.6401],[2.3801,44.6515],[2.4343,44.6389],[2.4467,44.6483],[2.4677,44.6429],[2.471,44.6517],[2.4838,44.6507],[2.4996,44.6898],[2.5606,44.7207],[2.5599,44.7315],[2.5443,44.7253],[2.5559,44.7335],[2.5499,44.7551],[2.5613,44.7586],[2.5623,44.7777],[2.6004,44.7935],[2.5966,44.8202],[2.6115,44.8311],[2.6027,44.8432],[2.629,44.8725],[2.6542,44.8696],[2.6801,44.907],[2.6903,44.9021],[2.7083,44.9083],[2.7136,44.9271],[2.7238,44.9245],[2.7384,44.9414],[2.7423,44.9289],[2.7561,44.9326],[2.7755,44.9113],[2.7736,44.8548],[2.8032,44.8741],[2.8598,44.8744],[2.8546,44.8507],[2.8658,44.847],[2.8597,44.8391],[2.8877,44.7891],[2.9041,44.7836],[2.9204,44.7943],[2.9375,44.7751],[2.9307,44.7618],[2.9158,44.7674],[2.9116,44.7617],[2.9337,44.7499],[2.9231,44.7286],[2.9444,44.6847],[2.9384,44.6785],[2.9817,44.6447]]]},"properties":{"shapeName":"Cantal","shapeISO":"","shapeID":"29444166B17636645797139","shapeGroup":"FRA","shapeType":"ADM2"}},
{"type":"Feature","geometry":{"type":"Polygon","coordinates":[[[-0.1031,45.9697],[-0.1066,45.9589],[-0.0947,45.9624],[-0.0865,45.9509],[-0.097,45.9285],[-0.1512,45.9267],[-0.1514,45.9138],[-0.1318,45.9109],[-0.1494,45.9008],[-0.1445,45.8918],[-0.1313,45.8911],[-0.1266,45.8725],[-0.1114,45.8718],[-0.1221,45.8498],[-0.1455,45.8385],[-0.1349,45.8189],[-0.156,45.7965],[-0.1482,45.7937],[-0.156,45.7797],[-0.1622,45.7927],[-0.1908,45.7901],[-0.2011,45.7782],[-0.2209,45.7754],[-0.2436,45.7962],[-0.2381,45.8037],[-0.2882,45.8068],[-0.3211,45.7846],[-0.3605,45.7792],[-0.4018,45.7866],[-0.4038,45.7703],[-0.4494,45.7664],[-0.4632,45.7518],[-0.46,45.7394],[-0.4156,45.7419],[-0.3998,45.7355],[-0.4207,45.7244],[-0.4229,45.6856],[-0.3825,45.6555],[-0.409,45.6563],[-0.4327,45.625],[-0.4145,45.6163],[-0.3832,45.6242],[-0.3609,45.598],[-0.2966,45.5645],[-0.3216,45.5349],[-0.2912,45.5315],[-0.2839,45.5194],[-0.2691,45.5257],[-0.2529,45.5209],[-0.2678,45.5087],[-0.2419,45.5034],[-0.2422,45.49],[-0.258,45.4887],[-0.2646,45.4707],[-0.2809,45.4742],[-0.2864,45.4575],[-0.2675,45.456],[-0.2478,45.4374],[-0.2536,45.4178],[-0.2328,45.4195],[-0.2339,45.4098],[-0.3111,45.3847],[-0.3089,45.3734],[-0.2795,45.3648],[-0.2811,45.355],[-0.2446,45.3606],[-0.2501,45.3415],[-0.2651,45.3391],[-0.278,45.3481],[-0.2905,45.3269],[-0.2844,45.309],[-0.2575,45.2989],[-0.2543,45.3116],[-0.2204,45.3226],[-0.1984,45.3056],[-0.158,45.3057],[-0.1454,45.2881],[-0.1293,45.2949],[-0.1088,45.2897],[-0.1154,45.2481],[-0.0478,45.2489],[-0.0335,45.2344],[0.0035,45.229],[0.0042,45.1917],[0.0086,45.2028],[0.0348,45.2088],[0.0548,45.2274],[0.0775,45.2203],[0.098,45.2277],[0.1353,45.2098],[0.1744,45.2388],[0.1747,45.2614],[0.203,45.2625],[0.2215,45.2907],[0.2518,45.2891],[0.2672,45.2984],[0.2716,45.316],[0.2479,45.3694],[0.2766,45.4272],[0.3177,45.4362],[0.3012,45.4456],[0.3021,45.4588],[0.3302,45.4435],[0.3325,45.4592],[0.3593,45.4663],[0.3609,45.4768],[0.3759,45.476],[0.3812,45.4863],[0.4092,45.4927],[0.4318,45.4857],[0.432,45.5039],[0.4657,45.5395],[0.4859,45.5383],[0.5065,45.5539],[0.5007,45.573],[0.517,45.5989],[0.5003,45.6196],[0.5254,45.6443],[0.5358,45.6426],[0.5384,45.6287],[0.5754,45.6409],[0.5671,45.6533],[0.6008,45.6725],[0.5911,45.6756],[0.6292,45.7148],[0.6327,45.7213],[0.6446,45.7162],[0.6525,45.7407],[0.6652,45.7395],[0.673,45.7526],[0.715,45.7631],[0.7058,45.7777],[0.7129,45.8046],[0.741,45.8058],[0.7807,45.788],[0.7813,45.8206],[0.8168,45.8583],[0.8211,45.8673],[0.8073,45.8702],[0.8272,45.8828],[0.8126,45.8973],[0.8122,45.9313],[0.8596,45.9178],[0.9052,45.9387],[0.921,45.938],[0.9224,45.9539],[0.9427,45.9576],[0.9462,45.9747],[0.9319,45.9781],[0.9347,45.9925],[0.9158,46.0022],[0.9252,46.011],[0.8859,46.0322],[0.8629,46.0163],[0.8529,46.0338],[0.814,46.052],[0.8347,46.0964],[0.8247,46.1161],[0.8081,46.1212],[0.8232,46.1286],[0.8136,46.1388],[0.7863,46.1295],[0.7446,46.1408],[0.7126,46.1396],[0.7105,46.1294],[0.6755,46.1118],[0.6872,46.0972],[0.6186,46.0929],[0.596,46.0729],[0.5937,46.0811],[0.5741,46.0781],[0.5636,46.0903],[0.5399,46.0856],[0.5196,46.115],[0.4982,46.1226],[0.5087,46.1319],[0.4919,46.1365],[0.4879,46.1275],[0.4708,46.1294],[0.4619,46.1101],[0.4433,46.1016],[0.447,46.0856],[0.4783,46.0853],[0.4807,46.0656],[0.4689,46.0688],[0.4563,46.0544],[0.4251,46.0483],[0.3894,46.0677],[0.2776,46.0599],[0.2563,46.0802],[0.1974,46.0954],[0.1699,46.081],[0.1358,46.1041],[0.1152,46.0961],[0.0973,46.1059],[0.0972,46.0891],[0.0671,46.0916],[0.0509,46.0795],[0.0627,46.0727],[0.0381,46.0699],[0.0193,46.0529],[0.005,46.0596],[-0.0395,46.0531],[-0.0214,46.029],[-0.0456,46.0207],[-0.0576,45.9986],[-0.0382,45.9924],[-0.1031,45.9697]]]},"properties":{"shapeName":"Charente","shapeISO":"","shapeID":"29444166B23450851942643","shapeGroup":"FRA","shapeType":"ADM2"}},
{"type":"Feature","geometry":{"type":"MultiPolygon","coordinates":[[[[-1.1205,45.9607],[-1.1166,45.9522],[-1.1053,45.954],[-1.1205,45.9607]]],[[[-1.4744,46.203],[-1.3143,46.1438],[-1.2789,46.1443],[-1.2545,46.162],[-1.2749,46.1603],[-1.2925,46.1872],[-1.3243,46.1874],[-1.3545,46.206],[-1.4284,46.2035],[-1.4409,46.2142],[-1.4186,46.2194],[-1.4146,46.2306],[-1.4651,46.229],[-1.457,46.2236],[-1.4828,46.2126],[-1.4827,46.2028],[-1.4955,46.2086],[-1.497,46.2033],[-1.4964,46.2155],[-1.5122,46.21],[-1.5153,46.2349],[-1.5064,46.2266],[-1.4993,46.2355],[-1.4877,46.2285],[-1.4742,46.233],[-1.5005,46.258],[-1.5421,46.243],[-1.5626,46.2448],[-1.5349,46.2024],[-1.5053,46.1932],[-1.4744,46.203]]],[[[-1.1792,46.0121],[-1.1546,46.0195],[-1.1745,46.0243],[-1.1792,46.0121]]],[[[-0.1031,45.9697],[-0.1371,45.979],[-0.1392,45.9994],[-0.1647,46.0107],[-0.1626,46.0222],[-0.1719,46.0226],[-0.16,46.0365],[-0.189,46.0261],[-0.1923,46.0545],[-0.2126,46.0441],[-0.273,46.0573],[-0.2917,46.0877],[-0.3037,46.0775],[-0.331,46.0826],[-0.3629,46.0756],[-0.3585,46.0829],[-0.3831,46.0982],[-0.4013,46.0842],[-0.4223,46.0938],[-0.4212,46.1133],[-0.4402,46.1046],[-0.4404,46.0946],[-0.4533,46.1032],[-0.5061,46.1067],[-0.5164,46.1125],[-0.5115,46.1302],[-0.5289,46.13],[-0.527,46.1365],[-0.5475,46.1442],[-0.5793,46.1483],[-0.5831,46.1396],[-0.6192,46.1374],[-0.6332,46.1501],[-0.6038,46.1585],[-0.6474,46.166],[-0.667,46.1847],[-0.6909,46.1797],[-0.6961,46.1862],[-0.6856,46.1901],[-0.6981,46.192],[-0.6798,46.1972],[-0.6887,46.2171],[-0.752,46.2454],[-0.735,46.2684],[-0.7504,46.3044],[-0.8036,46.3258],[-0.8033,46.3429],[-0.8214,46.336],[-0.8403,46.3405],[-0.85,46.3177],[-0.8626,46.3189],[-0.8643,46.3275],[-0.8872,46.3269],[-0.8945,46.317],[-0.9324,46.3105],[-0.9631,46.3227],[-0.9431,46.3371],[-0.9294,46.3715],[-0.9511,46.3603],[-0.965,46.3653],[-0.9748,46.3512],[-1.0128,46.3493],[-1.0134,46.3556],[-1.0525,46.3426],[-1.0537,46.3495],[-1.0814,46.3237],[-1.0749,46.3178],[-1.1045,46.315],[-1.1188,46.3157],[-1.1278,46.3057],[-1.1067,46.2621],[-1.1406,46.2532],[-1.1492,46.238],[-1.1992,46.2128],[-1.2036,46.1873],[-1.2419,46.1576],[-1.2308,46.1656],[-1.2323,46.1579],[-1.2181,46.1585],[-1.2336,46.1547],[-1.2274,46.1481],[-1.2067,46.146],[-1.1508,46.1579],[-1.1742,46.1385],[-1.1272,46.126],[-1.1246,46.1119],[-1.1429,46.1066],[-1.101,46.0943],[-1.0955,46.0605],[-1.0608,46.0451],[-1.0529,46.0041],[-1.0612,45.9941],[-1.094,45.992],[-1.1214,46.0025],[-1.084,45.9795],[-1.0695,45.9496],[-1.1009,45.9455],[-1.0773,45.9372],[-1.0758,45.9074],[-1.1214,45.8532],[-1.1535,45.8623],[-1.1499,45.8523],[-1.1696,45.855],[-1.1375,45.8204],[-1.1351,45.8012],[-1.1571,45.8023],[-1.1918,45.7893],[-1.208,45.7961],[-1.2425,45.7814],[-1.2377,45.7091],[-1.2276,45.6751],[-1.2106,45.6711],[-1.1919,45.676],[-1.2135,45.6727],[-1.2261,45.682],[-1.2303,45.6935],[-1.2034,45.696],[-1.1152,45.6466],[-1.0765,45.6385],[-1.0423,45.6176],[-1.021,45.6217],[-1.013,45.6004],[-0.9962,45.5986],[-0.9885,45.5834],[-1.0257,45.5747],[-0.8456,45.4399],[-0.774,45.3692],[-0.7527,45.3218],[-0.7137,45.3279],[-0.644,45.322],[-0.6445,45.315],[-0.5963,45.3204],[-0.5869,45.3445],[-0.5689,45.3314],[-0.5662,45.2955],[-0.514,45.286],[-0.4743,45.2941],[-0.4259,45.2787],[-0.4154,45.2691],[-0.425,45.2484],[-0.4073,45.2476],[-0.4052,45.2397],[-0.4209,45.2086],[-0.3835,45.1436],[-0.3636,45.1703],[-0.3515,45.1701],[-0.3203,45.1561],[-0.3134,45.1374],[-0.3077,45.1497],[-0.2801,45.1435],[-0.2588,45.1146],[-0.1907,45.094],[-0.1419,45.0901],[-0.0933,45.1213],[-0.0636,45.0993],[-0.0405,45.1026],[-0.029,45.1288],[-0.0369,45.1406],[0.0048,45.1539],[-0.0192,45.1646],[0.0042,45.1917],[0.0035,45.229],[-0.0335,45.2344],[-0.0478,45.2489],[-0.1154,45.2481],[-0.1088,45.2897],[-0.1293,45.2949],[-0.1454,45.2881],[-0.158,45.3057],[-0.1984,45.3056],[-0.2204,45.3226],[-0.2543,45.3116],[-0.2575,45.2989],[-0.2844,45.309],[-0.2905,45.3269],[-0.278,45.3481],[-0.2651,45.3391],[-0.2501,45.3415],[-0.2446,45.3606],[-0.2811,45.355],[-0.2795,45.3648],[-0.3089,45.3734],[-0.3111,45.3847],[-0.2339,45.4098],[-0.2328,45.4195],[-0.2536,45.4178],[-0.2478,45.4374],[-0.2675,45.456],[-0.2864,45.4575],[-0.2809,45.4742],[-0.2646,45.4707],[-0.258,45.4887],[-0.2422,45.49],[-0.2419,45.5034],[-0.2678,45.5087],[-0.2529,45.5209],[-0.2691,45.5257],[-0.2839,45.5194],[-0.2912,45.5315],[-0.3216,45.5349],[-0.2966,45.5645],[-0.3609,45.598],[-0.3832,45.6242],[-0.4145,45.6163],[-0.4327,45.625],[-0.409,45.6563],[-0.3825,45.6555],[-0.4229,45.6856],[-0.4207,45.7244],[-0.3998,45.7355],[-0.4156,45.7419],[-0.46,45.7394],[-0.4632,45.7518],[-0.4494,45.7664],[-0.4038,45.7703],[-0.4018,45.7866],[-0.3605,45.7792],[-0.3211,45.7846],[-0.2882,45.8068],[-0.2381,45.8037],[-0.2436,45.7962],[-0.2209,45.7754],[-0.2011,45.7782],[-0.1908,45.7901],[-0.1622,45.7927],[-0.156,45.7797],[-0.1482,45.7937],[-0.156,45.7965],[-0.1349,45.8189],[-0.1455,45.8385],[-0.1221,45.8498],[-0.1114,45.8718],[-0.1266,45.8725],[-0.1313,45.8911],[-0.1445,45.8918],[-0.1494,45.9008],[-0.1318,45.9109],[-0.1514,45.9138],[-0.1512,45.9267],[-0.097,45.9285],[-0.0865,45.9509],[-0.0947,45.9624],[-0.1066,45.9589],[-0.1031,45.9697]]],[[[-1.25,45.846],[-1.2425,45.814],[-1.2289,45.8027],[-1.1954,45.8291],[-1.2115,45.8503],[-1.1949,45.8622],[-1.1879,45.8866],[-1.2342,45.9247],[-1.2303,45.9239],[-1.2289,45.9331],[-1.2346,45.9351],[-1.2281,45.9332],[-1.2287,45.9427],[-1.2256,45.9379],[-1.2267,45.9415],[-1.2421,45.9562],[-1.234,45.9694],[-1.2446,45.9645],[-1.2342,45.9702],[-1.2364,45.9849],[-1.3102,45.9919],[-1.3692,46.0292],[-1.3675,46.0381],[-1.4118,46.0478],[-1.3877,45.9991],[-1.3957,45.9774],[-1.3868,45.9537],[-1.3284,45.9105],[-1.2931,45.8999],[-1.2686,45.8813],[-1.25,45.846]]]]},"properties":{"shapeName":"Charente-Maritime","shapeISO":"","shapeID":"29444166B72910508035207","shapeGroup":"FRA","shapeType":"ADM2"}},
{"type":"Feature","geometry":{"type":"Polygon","coordinates":[[[3.0321,46.7949],[3.0695,46.8524],[3.05,46.9089],[3.0796,46.9556],[3.0626,46.9792],[3.0752,47.0293],[3.0638,47.0461],[3.0193,47.0682],[3.0314,47.0925],[3.0283,47.1284],[2.9791,47.2287],[2.9831,47.2608],[2.9108,47.3098],[2.8766,47.3219],[2.8716,47.3458],[2.9317,47.4379],[2.8745,47.5203],[2.8067,47.4943],[2.7931,47.4977],[2.7853,47.5159],[2.7458,47.5251],[2.7316,47.5382],[2.7247,47.494],[2.6694,47.4847],[2.6574,47.4872],[2.6539,47.5123],[2.6153,47.5239],[2.6165,47.541],[2.5632,47.5721],[2.4914,47.5683],[2.4381,47.6098],[2.3729,47.5857],[2.2895,47.6291],[2.2386,47.6206],[2.1527,47.6011],[2.1196,47.5832],[2.1289,47.5512],[2.1965,47.5482],[2.2155,47.5221],[2.1962,47.4878],[2.2279,47.4969],[2.2477,47.4917],[2.237,47.4713],[2.2452,47.4582],[2.235,47.4517],[2.2479,47.4414],[2.2437,47.4148],[2.231,47.4078],[2.2051,47.4053],[2.1889,47.4378],[2.1374,47.4057],[2.115,47.4218],[2.0969,47.3668],[2.1138,47.3701],[2.1275,47.3443],[2.1195,47.3329],[2.1287,47.3337],[2.1316,47.3207],[2.1493,47.3189],[2.1576,47.2983],[2.1291,47.2795],[2.0779,47.2859],[2.0246,47.2648],[1.9982,47.264],[1.943,47.2912],[1.9244,47.2648],[1.8935,47.2529],[1.9164,47.2357],[1.9033,47.2149],[1.8722,47.2055],[1.8522,47.2223],[1.839,47.2197],[1.8423,47.1777],[1.8234,47.1738],[1.7737,47.131],[1.8039,47.119],[1.8271,47.1218],[1.883,47.1006],[1.9048,47.1089],[1.9236,47.1019],[1.9637,47.1246],[1.9964,47.1272],[1.9998,47.1143],[2.0126,47.1113],[2.0033,47.0942],[2.0289,47.0951],[2.0245,47.1044],[2.0488,47.1068],[2.0553,47.0718],[2.0288,47.0456],[2.0513,47.0421],[2.1089,46.9972],[2.0919,46.9883],[2.0882,46.9604],[2.0702,46.9544],[2.0704,46.9344],[2.1103,46.9132],[2.1464,46.9176],[2.155,46.9117],[2.1262,46.8799],[2.0828,46.8686],[2.0965,46.8552],[2.0763,46.8347],[2.0427,46.8401],[2.1164,46.7799],[2.0952,46.7551],[2.0667,46.7516],[2.072,46.7351],[2.0926,46.7256],[2.0871,46.7124],[2.1182,46.7103],[2.1555,46.6922],[2.1482,46.6772],[2.1364,46.677],[2.1392,46.6643],[2.1631,46.6541],[2.1626,46.6464],[2.1758,46.651],[2.1894,46.6422],[2.1795,46.6277],[2.1861,46.604],[2.1671,46.5892],[2.1747,46.5645],[2.1585,46.5573],[2.2044,46.4844],[2.1929,46.4702],[2.1515,46.4578],[2.1539,46.4341],[2.1681,46.424],[2.1986,46.4284],[2.2811,46.4205],[2.2834,46.4495],[2.3008,46.4724],[2.3227,46.4695],[2.3312,46.4794],[2.3238,46.4901],[2.3599,46.5159],[2.4301,46.5265],[2.4501,46.5205],[2.4969,46.5336],[2.497,46.5214],[2.5202,46.5312],[2.5366,46.5197],[2.6149,46.5533],[2.603,46.5645],[2.6095,46.5701],[2.5963,46.5939],[2.604,46.5958],[2.5815,46.5932],[2.5685,46.6091],[2.5883,46.616],[2.593,46.6466],[2.5668,46.6536],[2.6058,46.6714],[2.6071,46.6606],[2.6283,46.6591],[2.6336,46.675],[2.6201,46.6797],[2.6233,46.6896],[2.6452,46.6873],[2.6742,46.702],[2.6856,46.7226],[2.7021,46.7182],[2.7151,46.7452],[2.7345,46.7462],[2.7587,46.7175],[2.7856,46.7225],[2.793,46.7343],[2.8275,46.7353],[2.8454,46.7267],[2.8446,46.7423],[2.8766,46.7688],[2.9113,46.7797],[2.9133,46.791],[2.953,46.791],[2.9596,46.8043],[3.0321,46.7949]]]},"properties":{"shapeName":"Cher","shapeISO":"","shapeID":"29444166B99899011218746","shapeGroup":"FRA","shapeType":"ADM2"}},
{"type":"Feature","geometry":{"type":"Polygon","coordinates":[[[2.5084,45.4783],[2.517,45.5522],[2.4907,45.5607],[2.4611,45.5963],[2.4803,45.6114],[2.4841,45.64],[2.5168,45.6391],[2.5287,45.6588],[2.5126,45.6696],[2.5286,45.6821],[2.5236,45.7111],[2.4922,45.7379],[2.4358,45.6992],[2.41,45.7098],[2.3488,45.7095],[2.3494,45.693],[2.3215,45.6782],[2.3263,45.6717],[2.3083,45.6766],[2.2827,45.664],[2.2687,45.6635],[2.2707,45.6918],[2.2239,45.6959],[2.2117,45.7129],[2.2113,45.7021],[2.1944,45.6988],[2.2077,45.7157],[2.1825,45.7211],[2.1644,45.7363],[2.1566,45.7216],[2.1335,45.7356],[2.1139,45.7247],[2.0965,45.7344],[2.0846,45.7284],[2.0839,45.746],[2.0519,45.7653],[2.0363,45.754],[2.0015,45.7491],[1.9914,45.7208],[1.9566,45.7248],[1.942,45.714],[1.9489,45.7062],[1.9313,45.7053],[1.9224,45.7137],[1.8989,45.6985],[1.9111,45.6808],[1.8819,45.6819],[1.8749,45.6648],[1.8546,45.6723],[1.8472,45.661],[1.8323,45.6636],[1.8158,45.6814],[1.8017,45.6726],[1.786,45.6829],[1.7767,45.6589],[1.7536,45.6554],[1.7506,45.6444],[1.7283,45.6382],[1.7089,45.6418],[1.6377,45.5805],[1.5951,45.5782],[1.5826,45.555],[1.555,45.5495],[1.5186,45.5645],[1.5182,45.5555],[1.4927,45.5493],[1.4925,45.5611],[1.4804,45.5659],[1.4755,45.5535],[1.4522,45.5534],[1.4532,45.5353],[1.4398,45.5203],[1.4247,45.5312],[1.4073,45.527],[1.3893,45.4963],[1.3661,45.4883],[1.3498,45.4671],[1.2854,45.4905],[1.2532,45.4442],[1.294,45.4337],[1.2826,45.4327],[1.2862,45.4155],[1.2586,45.4195],[1.2596,45.3979],[1.2775,45.4032],[1.2801,45.3838],[1.2937,45.3976],[1.325,45.3801],[1.3158,45.3609],[1.2836,45.3532],[1.2651,45.3229],[1.2358,45.322],[1.2402,45.2921],[1.2265,45.2717],[1.2786,45.2505],[1.2644,45.2315],[1.2335,45.2222],[1.2285,45.2031],[1.2323,45.1977],[1.2722,45.2018],[1.2922,45.1866],[1.2544,45.1587],[1.2939,45.1389],[1.3505,45.142],[1.3548,45.1326],[1.3842,45.1361],[1.4131,45.125],[1.4116,45.1136],[1.3773,45.1047],[1.3939,45.0965],[1.4069,45.0701],[1.3996,45.0612],[1.4135,45.061],[1.4074,45.0531],[1.4482,45.0194],[1.464,45.0142],[1.4832,45.0306],[1.5373,45.0467],[1.5445,45.029],[1.5761,45.0407],[1.6091,45.0289],[1.6301,45.0335],[1.7025,44.9879],[1.711,44.9673],[1.7507,44.9559],[1.7488,44.9379],[1.7746,44.9235],[1.7857,44.9369],[1.8002,44.9203],[1.8261,44.9289],[1.8318,44.946],[1.8428,44.9371],[1.887,44.9563],[1.9081,44.9781],[1.9392,44.9733],[1.9402,44.953],[1.9493,44.9526],[1.9908,44.9761],[2.0453,44.9837],[2.0629,44.9766],[2.0931,44.9859],[2.1308,44.9842],[2.1389,44.9934],[2.1409,45.0067],[2.1163,45.0218],[2.0952,45.056],[2.1408,45.0868],[2.1756,45.0814],[2.1805,45.1126],[2.1903,45.1155],[2.1791,45.1363],[2.2017,45.1385],[2.2084,45.1603],[2.2328,45.1653],[2.2011,45.18],[2.1894,45.2225],[2.2408,45.248],[2.243,45.2662],[2.2578,45.2697],[2.2694,45.2903],[2.2888,45.2871],[2.3159,45.3221],[2.3593,45.3361],[2.3502,45.3464],[2.3649,45.3553],[2.3695,45.3871],[2.35,45.4127],[2.3872,45.412],[2.4423,45.3841],[2.4751,45.3811],[2.4766,45.3703],[2.4897,45.3802],[2.5235,45.3816],[2.5222,45.4027],[2.4875,45.4182],[2.5084,45.4783]]]},"properties":{"shapeName":"Corrèze","shapeISO":"","shapeID":"29444166B65585012195292","shapeGroup":"FRA","shapeType":"ADM2"}},
{"type":"Feature","geometry":{"type":"MultiPolygon","coordinates":[[[[4.1164,47.1232],[4.127,47.1307],[4.148,47.1133],[4.1607,47.122],[4.1774,47.1133],[4.1684,47.1241],[4.1883,47.1344],[4.1819,47.1505],[4.1446,47.1426],[4.115,47.1461],[4.1172,47.1318],[4.1069,47.13],[4.1164,47.1232]]],[[[4.2928,47.9259],[4.3129,47.9051],[4.2778,47.8997],[4.2461,47.8742],[4.2645,47.8738],[4.2594,47.8465],[4.2713,47.8388],[4.3013,47.8487],[4.3295,47.8468],[4.3305,47.8376],[4.3191,47.8373],[4.3202,47.8117],[4.3403,47.7996],[4.3272,47.7858],[4.3325,47.7566],[4.3094,47.7526],[4.2931,47.733],[4.2605,47.7422],[4.2579,47.7262],[4.2393,47.7246],[4.2675,47.7055],[4.2617,47.694],[4.284,47.6827],[4.2274,47.679],[4.2263,47.6709],[4.2503,47.6599],[4.2121,47.6281],[4.2158,47.6009],[4.1967,47.6044],[4.1744,47.5522],[4.1565,47.5516],[4.1376,47.5184],[4.1146,47.5146],[4.1232,47.4905],[4.1153,47.4818],[4.1303,47.4744],[4.1298,47.4624],[4.119,47.4433],[4.1011,47.4439],[4.1083,47.4374],[4.0989,47.4305],[4.08,47.4408],[4.0847,47.4206],[4.0652,47.4073],[4.0668,47.3987],[4.0901,47.3947],[4.0802,47.3761],[4.1068,47.3765],[4.0977,47.3594],[4.1061,47.3393],[4.113,47.334],[4.1423,47.356],[4.1248,47.3359],[4.129,47.3172],[4.1138,47.308],[4.1341,47.3061],[4.1145,47.2922],[4.1255,47.2475],[4.1355,47.2374],[4.1791,47.2545],[4.2287,47.2083],[4.2311,47.1956],[4.2101,47.1797],[4.2097,47.1554],[4.2129,47.1444],[4.2453,47.1469],[4.2408,47.1323],[4.2748,47.1073],[4.2971,47.1131],[4.3065,47.1033],[4.3467,47.1012],[4.3441,47.0728],[4.3546,47.0633],[4.3706,47.0796],[4.3995,47.0833],[4.4165,47.077],[4.4009,47.0528],[4.4219,47.0476],[4.4276,47.0373],[4.457,47.0419],[4.4714,47.0309],[4.49,47.0336],[4.5114,47.0116],[4.5549,47.02],[4.5558,46.9995],[4.5459,46.9937],[4.5675,46.9923],[4.5739,46.9728],[4.5936,46.9671],[4.5895,46.9557],[4.6164,46.9482],[4.6146,46.9415],[4.6497,46.9415],[4.6796,46.9301],[4.6639,46.9135],[4.6876,46.8998],[4.7175,46.908],[4.725,46.9237],[4.7748,46.9169],[4.7921,46.9253],[4.7889,46.9323],[4.8938,46.9509],[4.8945,46.9666],[5.0045,46.958],[4.995,46.9615],[5.0034,46.9722],[5.0168,46.9685],[5.0304,46.9811],[5.0493,46.9816],[5.0745,46.9594],[5.1021,46.9582],[5.0976,46.9448],[5.12,46.9631],[5.1661,46.9639],[5.1817,46.9748],[5.1954,46.9703],[5.2045,46.9854],[5.2122,46.9801],[5.2221,46.9891],[5.2553,46.9799],[5.2742,46.9985],[5.3183,47.0127],[5.2754,47.0269],[5.284,47.0482],[5.3354,47.0781],[5.3857,47.082],[5.4109,47.1148],[5.4085,47.1268],[5.4385,47.1415],[5.4592,47.1828],[5.4451,47.1997],[5.4805,47.2183],[5.4739,47.231],[5.4863,47.2434],[5.478,47.2562],[5.4883,47.2892],[5.5054,47.2831],[5.5184,47.3041],[5.4978,47.3159],[5.4689,47.3164],[5.4769,47.3313],[5.4858,47.3265],[5.4935,47.3332],[5.4972,47.3901],[5.4778,47.3956],[5.4524,47.3832],[5.4323,47.3929],[5.4445,47.4043],[5.4304,47.4214],[5.4393,47.4504],[5.4181,47.4492],[5.4065,47.4619],[5.3796,47.4505],[5.3862,47.459],[5.3669,47.465],[5.408,47.4774],[5.387,47.4805],[5.3993,47.4992],[5.4315,47.4982],[5.4364,47.4905],[5.4717,47.5275],[5.4864,47.527],[5.497,47.5546],[5.4799,47.5654],[5.4882,47.577],[5.4776,47.6087],[5.426,47.6323],[5.3997,47.5965],[5.3738,47.6045],[5.3549,47.5913],[5.3415,47.5952],[5.3394,47.6102],[5.3225,47.6124],[5.2808,47.5926],[5.2779,47.5816],[5.2531,47.5769],[5.2381,47.5965],[5.2587,47.6222],[5.2369,47.6168],[5.2123,47.6414],[5.1744,47.6516],[5.1784,47.681],[5.1616,47.6804],[5.1254,47.6468],[5.1015,47.6596],[5.0782,47.6599],[5.0793,47.6683],[5.0534,47.6684],[5.0438,47.6766],[5.0608,47.6948],[5.0288,47.6933],[5.0292,47.7099],[4.9951,47.6891],[4.9691,47.6858],[4.9537,47.7028],[4.9718,47.7302],[4.9568,47.7324],[4.9661,47.7406],[4.959,47.7619],[4.946,47.7665],[4.9224,47.759],[4.918,47.7771],[4.9824,47.7998],[4.9941,47.8197],[4.9607,47.839],[4.9541,47.8668],[4.9275,47.8715],[4.9275,47.8886],[4.9029,47.921],[4.8692,47.9177],[4.8604,47.8963],[4.8333,47.9072],[4.8312,47.9179],[4.8661,47.9405],[4.8452,47.9612],[4.7865,47.9642],[4.7946,47.9845],[4.8106,47.9887],[4.7932,47.9965],[4.7932,48.0061],[4.7366,48.0053],[4.7043,48.0203],[4.6699,48.0145],[4.6165,48.0313],[4.5798,48.0293],[4.5495,48.0044],[4.5357,48.0068],[4.5568,47.9822],[4.5542,47.9677],[4.4936,47.9689],[4.4471,47.9564],[4.4172,47.9687],[4.3431,47.9559],[4.3127,47.9627],[4.2928,47.9259]]]]},"properties":{"shapeName":"Côte-d'Or","shapeISO":"","shapeID":"29444166B37681458471024","shapeGroup":"FRA","shapeType":"ADM2"}},
{"type":"Feature","geometry":{"type":"MultiPolygon","coordinates":[[[[-3.1952,48.874],[-3.1802,48.8657],[-3.182,48.8743],[-3.1952,48.874]]],[[[-3.5911,48.8018],[-3.5835,48.7941],[-3.5624,48.8033],[-3.5911,48.8018]]],[[[-3.0139,48.8502],[-3.0112,48.837],[-2.9962,48.8385],[-2.9943,48.8502],[-3.0139,48.8502]]],[[[-3.0134,48.8574],[-2.9977,48.8507],[-2.9857,48.8655],[-3.0134,48.8574]]],[[[-3.6596,48.6561],[-3.6407,48.5963],[-3.5886,48.5827],[-3.5987,48.5571],[-3.5713,48.5584],[-3.5398,48.5382],[-3.6043,48.4964],[-3.6076,48.4784],[-3.5508,48.4478],[-3.6003,48.422],[-3.6077,48.388],[-3.5541,48.3785],[-3.5632,48.3472],[-3.5522,48.3162],[-3.5411,48.3114],[-3.5251,48.3235],[-3.5184,48.3188],[-3.555,48.2936],[-3.518,48.2823],[-3.5229,48.2557],[-3.556,48.242],[-3.5579,48.2286],[-3.5394,48.2066],[-3.5208,48.2028],[-3.5194,48.1895],[-3.5441,48.1939],[-3.5648,48.1858],[-3.536,48.178],[-3.4771,48.1863],[-3.47,48.1773],[-3.4528,48.1774],[-3.445,48.1871],[-3.42,48.174],[-3.4389,48.1601],[-3.4173,48.1456],[-3.4024,48.157],[-3.3934,48.1517],[-3.3371,48.1719],[-3.3234,48.1495],[-3.298,48.1557],[-3.2827,48.1414],[-3.2414,48.1516],[-3.2115,48.1425],[-3.2151,48.1539],[-3.1923,48.165],[-3.1753,48.1588],[-3.1591,48.168],[-3.1551,48.1585],[-3.1395,48.164],[-3.1302,48.1769],[-3.1368,48.19],[-3.1157,48.2067],[-3.0541,48.207],[-3.0148,48.1979],[-3.0118,48.1721],[-2.9953,48.1708],[-2.9999,48.1606],[-2.9404,48.1717],[-2.8917,48.1649],[-2.8519,48.1415],[-2.8038,48.1451],[-2.7818,48.121],[-2.7732,48.0865],[-2.7542,48.116],[-2.7035,48.1125],[-2.6769,48.1312],[-2.6609,48.1308],[-2.65,48.0973],[-2.6732,48.0638],[-2.6556,48.0326],[-2.6451,48.0422],[-2.6454,48.0355],[-2.6258,48.0348],[-2.5785,48.0719],[-2.5645,48.0673],[-2.5474,48.0765],[-2.5549,48.0991],[-2.5344,48.1066],[-2.514,48.1323],[-2.5321,48.1578],[-2.4894,48.1551],[-2.4872,48.1669],[-2.4719,48.1598],[-2.4532,48.1635],[-2.4494,48.1729],[-2.4189,48.173],[-2.3746,48.1404],[-2.3757,48.1266],[-2.3579,48.1111],[-2.349,48.1266],[-2.3367,48.1193],[-2.3218,48.1227],[-2.3169,48.1356],[-2.2876,48.1338],[-2.2705,48.1516],[-2.2361,48.1445],[-2.249,48.1564],[-2.2233,48.1729],[-2.2183,48.2042],[-2.2278,48.2112],[-2.1839,48.2103],[-2.1841,48.2497],[-2.1527,48.2621],[-2.1065,48.2519],[-2.111,48.2577],[-2.0957,48.2664],[-2.1143,48.2714],[-2.0806,48.2773],[-2.0801,48.2933],[-2.0532,48.2983],[-2.0504,48.2904],[-2.0143,48.2797],[-2.0021,48.2807],[-2.0052,48.2921],[-1.9936,48.299],[-1.9751,48.3017],[-1.9667,48.2912],[-1.9572,48.2937],[-1.9683,48.3033],[-1.9539,48.3157],[-1.9669,48.343],[-1.929,48.3471],[-1.9474,48.3671],[-1.9399,48.3931],[-1.93,48.3948],[-1.9431,48.4009],[-1.9363,48.4198],[-1.9517,48.4398],[-1.9278,48.4531],[-1.9288,48.4764],[-1.909,48.4816],[-1.923,48.4982],[-1.9106,48.5126],[-1.9223,48.5448],[-1.9318,48.5509],[-1.9462,48.5402],[-1.9406,48.5356],[-1.9489,48.5364],[-1.9547,48.5224],[-1.9418,48.5197],[-1.952,48.5185],[-1.9654,48.5273],[-1.9652,48.512],[-1.9782,48.5117],[-1.9801,48.4986],[-2.0018,48.4914],[-1.9825,48.4998],[-1.979,48.5155],[-1.9854,48.525],[-1.9964,48.5229],[-1.9722,48.5348],[-1.9736,48.5449],[-1.99,48.5445],[-1.9927,48.5594],[-2.007,48.5657],[-2.0446,48.5418],[-2.0538,48.5541],[-2.0444,48.5642],[-2.0942,48.5706],[-2.1245,48.5892],[-2.1238,48.6045],[-2.1503,48.6183],[-2.1723,48.596],[-2.1537,48.5869],[-2.1785,48.5763],[-2.1877,48.5841],[-2.1827,48.6028],[-2.1961,48.6104],[-2.1913,48.5939],[-2.2057,48.5751],[-2.2173,48.5715],[-2.2134,48.5684],[-2.2198,48.5603],[-2.2152,48.5543],[-2.2226,48.5519],[-2.2238,48.5474],[-2.2184,48.5449],[-2.2182,48.5431],[-2.2202,48.5407],[-2.2156,48.5411],[-2.2263,48.5381],[-2.2187,48.5433],[-2.2242,48.5469],[-2.2242,48.553],[-2.2169,48.5547],[-2.2214,48.5606],[-2.216,48.5683],[-2.2259,48.5706],[-2.2107,48.5761],[-2.21,48.5865],[-2.2255,48.5948],[-2.2283,48.611],[-2.2458,48.6154],[-2.238,48.6258],[-2.2559,48.6364],[-2.2431,48.6448],[-2.2737,48.6404],[-2.3135,48.61],[-2.3377,48.6198],[-2.3116,48.6344],[-2.2838,48.6688],[-2.3107,48.6704],[-2.3186,48.6885],[-2.3318,48.6704],[-2.3962,48.6426],[-2.4177,48.6414],[-2.4158,48.6322],[-2.4214,48.6398],[-2.4185,48.6471],[-2.4372,48.6525],[-2.4881,48.6454],[-2.4793,48.6336],[-2.4678,48.6357],[-2.4737,48.6221],[-2.5203,48.6002],[-2.5542,48.5995],[-2.5699,48.5836],[-2.5637,48.5761],[-2.5755,48.5769],[-2.6325,48.5375],[-2.6225,48.5203],[-2.6537,48.525],[-2.669,48.5361],[-2.6822,48.5323],[-2.6753,48.5096],[-2.6847,48.4979],[-2.6696,48.4929],[-2.6723,48.486],[-2.7137,48.5196],[-2.7103,48.533],[-2.7384,48.5274],[-2.7185,48.5355],[-2.7249,48.5472],[-2.7135,48.5556],[-2.7605,48.5653],[-2.7792,48.585],[-2.8214,48.5943],[-2.8142,48.6149],[-2.8273,48.6468],[-2.8171,48.6496],[-2.859,48.676],[-2.883,48.6756],[-2.889,48.6998],[-2.9044,48.6992],[-2.9268,48.7088],[-2.9299,48.7211],[-2.9453,48.7208],[-2.9342,48.7371],[-2.9423,48.7449],[-2.9284,48.7546],[-2.9436,48.7573],[-2.9519,48.7717],[-2.9611,48.763],[-2.9897,48.7624],[-3.0301,48.7752],[-3.0093,48.7817],[-3.0457,48.7848],[-3.0049,48.7991],[-3.0126,48.8212],[-3.0533,48.8153],[-3.0661,48.8223],[-3.0837,48.8128],[-3.0946,48.7813],[-3.1055,48.7797],[-3.0987,48.7687],[-3.1489,48.7355],[-3.1343,48.734],[-3.1297,48.7272],[-3.1138,48.7263],[-3.0972,48.7175],[-3.0846,48.7172],[-3.0976,48.7167],[-3.1142,48.7256],[-3.1318,48.7265],[-3.1297,48.7194],[-3.1405,48.7107],[-3.1306,48.7218],[-3.1374,48.7328],[-3.1513,48.7347],[-3.1484,48.7473],[-3.1238,48.7581],[-3.1283,48.7731],[-3.099,48.7834],[-3.0984,48.805],[-3.0718,48.8308],[-3.1,48.8309],[-3.0836,48.8478],[-3.0934,48.8611],[-3.0762,48.8563],[-3.0855,48.8683],[-3.1017,48.8668],[-3.0937,48.8691],[-3.0812,48.8756],[-3.0723,48.8837],[-3.0914,48.8706],[-3.1075,48.8655],[-3.1299,48.8644],[-3.1825,48.8436],[-3.2236,48.7964],[-3.2148,48.7829],[-3.222,48.7748],[-3.1991,48.7644],[-3.2205,48.7719],[-3.2501,48.7511],[-3.255,48.7581],[-3.237,48.7604],[-3.2216,48.7847],[-3.2268,48.792],[-3.2542,48.7832],[-3.2519,48.7888],[-3.2265,48.7939],[-3.2034,48.8245],[-3.2069,48.8383],[-3.2194,48.8337],[-3.206,48.8471],[-3.2243,48.8698],[-3.239,48.867],[-3.2638,48.8344],[-3.2753,48.8433],[-3.2928,48.8297],[-3.3198,48.8386],[-3.354,48.8199],[-3.3894,48.8158],[-3.388,48.8027],[-3.438,48.7991],[-3.4304,48.7972],[-3.4405,48.7981],[-3.4431,48.8034],[-3.4281,48.8215],[-3.4589,48.8163],[-3.4763,48.8379],[-3.4908,48.8321],[-3.4838,48.8225],[-3.4964,48.8311],[-3.5028,48.824],[-3.5047,48.8404],[-3.5259,48.8302],[-3.519,48.8189],[-3.5418,48.8229],[-3.5481,48.8123],[-3.536,48.8115],[-3.535,48.8018],[-3.5542,48.7915],[-3.5673,48.7981],[-3.5691,48.7897],[-3.5845,48.7904],[-3.5849,48.7576],[-3.5619,48.759],[-3.5503,48.7332],[-3.475,48.7401],[-3.465,48.7315],[-3.4755,48.7392],[-3.5829,48.7256],[-3.5844,48.6907],[-3.5679,48.686],[-3.5726,48.6755],[-3.61,48.6697],[-3.6234,48.6866],[-3.6596,48.6561]]]]},"properties":{"shapeName":"Côtes d'Armor","shapeISO":"","shapeID":"29444166B88952061285466","shapeGroup":"FRA","shapeType":"ADM2"}},
{"type":"Feature","geometry":{"type":"Polygon","coordinates":[[[2.2811,46.4205],[2.1986,46.4284],[2.1681,46.424],[2.1154,46.4222],[2.1034,46.4096],[2.089,46.4089],[2.074,46.42],[1.9946,46.4307],[1.9786,46.4416],[1.9239,46.4318],[1.9096,46.4438],[1.8397,46.4258],[1.8195,46.43],[1.7981,46.4552],[1.7546,46.4523],[1.7597,46.4261],[1.7505,46.4056],[1.7272,46.3892],[1.7027,46.3969],[1.6837,46.4182],[1.6435,46.3853],[1.6277,46.3883],[1.6145,46.3995],[1.6226,46.4186],[1.6093,46.4231],[1.5956,46.4086],[1.5788,46.4105],[1.5464,46.3932],[1.5443,46.4191],[1.5227,46.4267],[1.4979,46.3945],[1.4781,46.3942],[1.4665,46.3756],[1.4457,46.3747],[1.4349,46.3647],[1.4403,46.3564],[1.4156,46.3469],[1.41,46.342],[1.4469,46.3319],[1.4366,46.3214],[1.4453,46.3054],[1.4253,46.2981],[1.4144,46.2805],[1.4377,46.2721],[1.4256,46.2664],[1.4148,46.2713],[1.404,46.2599],[1.418,46.2411],[1.3944,46.2392],[1.3726,46.2161],[1.4155,46.1763],[1.4614,46.178],[1.4654,46.1607],[1.4527,46.1526],[1.4734,46.1493],[1.4845,46.1347],[1.4967,46.1428],[1.4934,46.1333],[1.5071,46.122],[1.4915,46.1197],[1.4841,46.1045],[1.4985,46.1065],[1.5048,46.0884],[1.5298,46.0905],[1.5258,46.0779],[1.5431,46.0777],[1.5315,46.0584],[1.5495,46.0357],[1.5358,46.0257],[1.5339,46.0035],[1.5685,45.997],[1.5774,45.9781],[1.5666,45.9636],[1.5192,45.9516],[1.5093,45.9328],[1.5303,45.932],[1.5472,45.9169],[1.5583,45.9224],[1.5673,45.914],[1.5809,45.9178],[1.5791,45.9314],[1.6185,45.9287],[1.6209,45.9345],[1.6392,45.9254],[1.6248,45.9161],[1.6424,45.8928],[1.6321,45.8893],[1.6209,45.9],[1.6191,45.8812],[1.6156,45.8922],[1.5911,45.8832],[1.605,45.8806],[1.6024,45.8575],[1.6544,45.8455],[1.6598,45.834],[1.6924,45.8446],[1.7306,45.8419],[1.7557,45.8557],[1.7568,45.8675],[1.7707,45.8687],[1.7812,45.8531],[1.7761,45.833],[1.7975,45.8316],[1.828,45.8099],[1.8363,45.8257],[1.8467,45.81],[1.8544,45.8128],[1.888,45.7903],[1.8919,45.7687],[1.9026,45.7677],[1.8743,45.7558],[1.8863,45.7455],[1.8733,45.726],[1.8877,45.7267],[1.8922,45.7185],[1.8801,45.7108],[1.8989,45.6985],[1.9224,45.7137],[1.9313,45.7053],[1.9489,45.7062],[1.942,45.714],[1.9566,45.7248],[1.9914,45.7208],[2.0015,45.7491],[2.0363,45.754],[2.0519,45.7653],[2.0839,45.746],[2.0846,45.7284],[2.0965,45.7344],[2.1139,45.7247],[2.1335,45.7356],[2.1566,45.7216],[2.1644,45.7363],[2.1825,45.7211],[2.2077,45.7157],[2.1944,45.6988],[2.2113,45.7021],[2.2117,45.7129],[2.2239,45.6959],[2.2707,45.6918],[2.2687,45.6635],[2.2827,45.664],[2.3083,45.6766],[2.3263,45.6717],[2.3215,45.6782],[2.3494,45.693],[2.3488,45.7095],[2.41,45.7098],[2.4358,45.6992],[2.4922,45.7379],[2.4688,45.7564],[2.4448,45.7582],[2.427,45.7945],[2.3881,45.8274],[2.4031,45.8387],[2.4306,45.8342],[2.4359,45.847],[2.4476,45.8456],[2.4432,45.8663],[2.4702,45.8725],[2.4922,45.8642],[2.5021,45.8886],[2.5142,45.8856],[2.5576,45.9125],[2.5414,45.9206],[2.5512,45.9412],[2.5697,45.9474],[2.5632,45.9562],[2.609,45.9667],[2.5932,45.9905],[2.6027,46.0332],[2.5703,46.0474],[2.5505,46.0858],[2.5473,46.113],[2.5663,46.1431],[2.5595,46.1739],[2.5258,46.1877],[2.516,46.2396],[2.4895,46.2475],[2.4788,46.2634],[2.4807,46.2811],[2.4326,46.2956],[2.4217,46.2842],[2.4205,46.3101],[2.3882,46.3316],[2.3648,46.3108],[2.3552,46.3256],[2.3359,46.3233],[2.3011,46.3423],[2.3115,46.3522],[2.3028,46.3547],[2.3231,46.3676],[2.3377,46.3644],[2.3314,46.379],[2.2875,46.3824],[2.2811,46.4205]]]},"properties":{"shapeName":"Creuse","shapeISO":"","shapeID":"29444166B65722517525705","shapeGroup":"FRA","shapeType":"ADM2"}},
{"type":"Feature","geometry":{"type":"Polygon","coordinates":[[[0.0042,45.1917],[-0.0192,45.1646],[0.0048,45.1539],[-0.0369,45.1406],[-0.029,45.1288],[-0.0405,45.1026],[-0.0076,45.1192],[0.0443,45.1157],[0.0733,45.0701],[0.0437,45.035],[0.0306,44.9761],[0.0138,44.979],[0.0033,44.9477],[0.0343,44.9146],[-0.0103,44.8583],[-0.0342,44.8522],[0.0221,44.8497],[0.0392,44.8278],[0.0715,44.8187],[0.0978,44.8332],[0.108,44.8319],[0.1112,44.819],[0.1473,44.8294],[0.1902,44.8203],[0.2425,44.8581],[0.2379,44.8721],[0.2775,44.8675],[0.3151,44.8454],[0.2868,44.823],[0.2638,44.8265],[0.2711,44.7853],[0.297,44.7624],[0.3466,44.7222],[0.3405,44.7031],[0.3597,44.6905],[0.3525,44.6544],[0.3662,44.6621],[0.3749,44.653],[0.3861,44.657],[0.4169,44.6451],[0.5118,44.6789],[0.5481,44.6648],[0.57,44.6739],[0.585,44.6991],[0.6198,44.6911],[0.6303,44.7068],[0.6546,44.6968],[0.6587,44.6769],[0.684,44.6753],[0.763,44.6787],[0.7631,44.69],[0.786,44.6849],[0.7974,44.7018],[0.8272,44.6919],[0.8271,44.6733],[0.8524,44.669],[0.8349,44.6534],[0.8386,44.6356],[0.817,44.6271],[0.8292,44.6129],[0.8393,44.6137],[0.8337,44.5999],[0.87,44.5975],[0.8762,44.6157],[0.9008,44.6175],[0.9396,44.64],[0.968,44.6345],[0.9802,44.645],[1.0137,44.6144],[1.073,44.5963],[1.0751,44.5773],[1.1032,44.5717],[1.0946,44.5923],[1.1505,44.633],[1.1467,44.6708],[1.1813,44.6833],[1.2246,44.6843],[1.2708,44.7229],[1.2877,44.7149],[1.3002,44.7444],[1.3158,44.7405],[1.3228,44.765],[1.2964,44.7767],[1.3048,44.7849],[1.2934,44.7898],[1.2985,44.7965],[1.3641,44.8116],[1.3658,44.8458],[1.4025,44.849],[1.4114,44.8727],[1.4407,44.8761],[1.4397,44.889],[1.4107,44.9089],[1.4251,44.92],[1.4425,44.9162],[1.4345,44.9447],[1.4167,44.961],[1.4091,45.0069],[1.4482,45.0194],[1.4074,45.0531],[1.4135,45.061],[1.3996,45.0612],[1.4069,45.0701],[1.3939,45.0965],[1.3773,45.1047],[1.4116,45.1136],[1.4131,45.125],[1.3842,45.1361],[1.3548,45.1326],[1.3505,45.142],[1.2939,45.1389],[1.2544,45.1587],[1.2922,45.1866],[1.2722,45.2018],[1.2323,45.1977],[1.2285,45.2031],[1.2335,45.2222],[1.2644,45.2315],[1.2786,45.2505],[1.2265,45.2717],[1.2402,45.2921],[1.2358,45.322],[1.2651,45.3229],[1.2836,45.3532],[1.3158,45.3609],[1.325,45.3801],[1.2937,45.3976],[1.2801,45.3838],[1.2775,45.4032],[1.2596,45.3979],[1.2586,45.4195],[1.2862,45.4155],[1.2826,45.4327],[1.294,45.4337],[1.2532,45.4442],[1.243,45.4366],[1.2336,45.4402],[1.236,45.455],[1.2095,45.4633],[1.1776,45.4569],[1.176,45.4716],[1.1615,45.4787],[1.1357,45.4696],[1.1247,45.4793],[1.1199,45.4744],[1.1342,45.5053],[1.1675,45.5249],[1.1198,45.5476],[1.0824,45.5324],[1.0627,45.5548],[1.0454,45.5573],[1.0324,45.5796],[1.0421,45.586],[1.0233,45.6101],[0.9973,45.6153],[0.9799,45.6032],[0.9464,45.6152],[0.9139,45.6042],[0.9061,45.609],[0.8982,45.6],[0.8693,45.6236],[0.844,45.5836],[0.8111,45.5759],[0.8067,45.5951],[0.7785,45.591],[0.7506,45.6169],[0.7762,45.6679],[0.7628,45.6685],[0.7429,45.6904],[0.7249,45.6959],[0.7019,45.6871],[0.6543,45.6887],[0.6292,45.7148],[0.5911,45.6756],[0.6008,45.6725],[0.5671,45.6533],[0.5754,45.6409],[0.5384,45.6287],[0.5358,45.6426],[0.5254,45.6443],[0.5003,45.6196],[0.517,45.5989],[0.5007,45.573],[0.5065,45.5539],[0.4859,45.5383],[0.4657,45.5395],[0.432,45.5039],[0.4318,45.4857],[0.4092,45.4927],[0.3812,45.4863],[0.3759,45.476],[0.3609,45.4768],[0.3593,45.4663],[0.3325,45.4592],[0.3302,45.4435],[0.3021,45.4588],[0.3012,45.4456],[0.3177,45.4362],[0.2766,45.4272],[0.2479,45.3694],[0.2716,45.316],[0.2672,45.2984],[0.2518,45.2891],[0.2215,45.2907],[0.203,45.2625],[0.1747,45.2614],[0.1744,45.2388],[0.1353,45.2098],[0.098,45.2277],[0.0775,45.2203],[0.0548,45.2274],[0.0348,45.2088],[0.0086,45.2028],[0.0042,45.1917]]]},"properties":{"shapeName":"Dordogne","shapeISO":"","shapeID":"29444166B3241556097254","shapeGroup":"FRA","shapeType":"ADM2"}},
{"type":"Feature","geometry":{"type":"Polygon","coordinates":[[[6.8071,47.5631],[6.7727,47.535],[6.74,47.5571],[6.7277,47.5608],[6.7148,47.5531],[6.6886,47.5607],[6.6892,47.5708],[6.6583,47.572],[6.6603,47.5797],[6.652,47.5725],[6.6703,47.558],[6.6484,47.5361],[6.6107,47.5305],[6.5807,47.5442],[6.5674,47.5317],[6.5815,47.5294],[6.5839,47.51],[6.556,47.4905],[6.5336,47.5064],[6.516,47.4967],[6.499,47.5108],[6.4715,47.487],[6.4635,47.5121],[6.4115,47.5225],[6.3935,47.5167],[6.3899,47.5058],[6.368,47.5136],[6.3352,47.5064],[6.3211,47.4859],[6.3025,47.4915],[6.2883,47.4467],[6.2646,47.4473],[6.2558,47.4245],[6.2336,47.4302],[6.2434,47.4118],[6.2014,47.4297],[6.1945,47.414],[6.1705,47.4122],[6.1906,47.4023],[6.1599,47.3919],[6.168,47.3885],[6.135,47.3869],[6.1176,47.3964],[6.1034,47.3799],[6.12,47.3681],[6.113,47.3613],[6.0863,47.3729],[6.0742,47.351],[6.0524,47.3525],[6.0185,47.3312],[5.9978,47.3404],[5.9934,47.329],[5.9789,47.326],[5.9605,47.3414],[5.9276,47.3451],[5.9313,47.3284],[5.9034,47.3343],[5.8977,47.3106],[5.8822,47.3216],[5.8441,47.3001],[5.7836,47.2908],[5.7399,47.2626],[5.7127,47.2707],[5.6987,47.2649],[5.7376,47.2015],[5.7539,47.2064],[5.7615,47.1935],[5.7804,47.1928],[5.7851,47.1706],[5.8102,47.17],[5.8134,47.15],[5.8282,47.1412],[5.7877,47.0959],[5.7709,47.0945],[5.7847,47.0549],[5.7637,47.0446],[5.7366,47.0553],[5.7531,47.0398],[5.743,47.0226],[5.7632,47.0114],[5.7914,47.0223],[5.7978,47.0431],[5.8111,47.0469],[5.8137,47.0174],[5.8396,47.0155],[5.8467,47.0034],[5.8765,47.0059],[5.8971,46.9957],[5.9218,47.0145],[5.9178,46.9794],[5.9495,46.9901],[5.944,46.9799],[5.976,46.9761],[5.9795,46.9635],[5.9564,46.9486],[5.9971,46.9335],[5.9815,46.908],[6.0087,46.8957],[6.0058,46.8731],[6.019,46.8681],[6.0307,46.8742],[6.0227,46.8526],[6.047,46.8457],[6.0649,46.8604],[6.0867,46.8432],[6.1055,46.8456],[6.1516,46.8211],[6.2033,46.7728],[6.2072,46.7652],[6.1837,46.7551],[6.1783,46.7404],[6.0698,46.6897],[6.106,46.6505],[6.0593,46.6261],[6.0649,46.6133],[6.0485,46.6078],[6.1244,46.5576],[6.138,46.5578],[6.1105,46.5764],[6.1265,46.5899],[6.179,46.6158],[6.282,46.6907],[6.3717,46.7241],[6.3952,46.7485],[6.4303,46.7568],[6.4523,46.7742],[6.4584,46.7888],[6.431,46.8124],[6.46,46.8513],[6.4646,46.8904],[6.4327,46.9287],[6.4959,46.9739],[6.5048,46.9657],[6.5931,46.9918],[6.618,46.9916],[6.6592,47.0273],[6.7192,47.0512],[6.6915,47.0667],[6.7062,47.0742],[6.7027,47.0821],[6.7416,47.0909],[6.7405,47.1096],[6.806,47.1307],[6.8499,47.1564],[6.8584,47.1654],[6.8411,47.1714],[6.9557,47.2431],[6.941,47.2867],[6.9963,47.2958],[7.0158,47.3133],[7.01,47.3245],[7.0456,47.3265],[7.057,47.3344],[7.0624,47.3441],[7.0499,47.3477],[7.0499,47.3614],[7.0156,47.3729],[6.9746,47.3601],[6.8793,47.3526],[6.8836,47.3729],[6.9135,47.3881],[6.9133,47.4046],[6.9384,47.4061],[6.9403,47.4333],[6.9307,47.4584],[6.9074,47.4729],[6.9159,47.4779],[6.9075,47.4948],[6.9302,47.5004],[6.9352,47.4856],[6.9491,47.4857],[6.945,47.5133],[6.9074,47.5259],[6.9163,47.5322],[6.902,47.55],[6.8834,47.5555],[6.8168,47.5478],[6.8071,47.5631]]]},"properties":{"shapeName":"Doubs","shapeISO":"","shapeID":"29444166B35503960464671","shapeGroup":"FRA","shapeType":"ADM2"}},
{"type":"Feature","geometry":{"type":"Polygon","coordinates":[[[5.6758,44.1915],[5.6867,44.1964],[5.676,44.2122],[5.6834,44.2347],[5.6731,44.2399],[5.6742,44.2565],[5.6873,44.2668],[5.6756,44.2759],[5.6468,44.2672],[5.6322,44.2839],[5.6371,44.3003],[5.608,44.3065],[5.6304,44.3337],[5.5608,44.3359],[5.5478,44.33],[5.5216,44.3511],[5.4928,44.3371],[5.468,44.3521],[5.4617,44.3678],[5.4317,44.3711],[5.4431,44.3916],[5.4184,44.4249],[5.4382,44.4337],[5.4768,44.4195],[5.4985,44.4367],[5.4644,44.4479],[5.4584,44.4994],[5.5161,44.4918],[5.5586,44.4733],[5.5703,44.4769],[5.6036,44.4655],[5.629,44.5008],[5.6647,44.5019],[5.6272,44.5347],[5.5971,44.5434],[5.6351,44.609],[5.6472,44.6116],[5.6417,44.6514],[5.6799,44.6524],[5.728,44.6392],[5.7387,44.6408],[5.736,44.6499],[5.7535,44.6486],[5.7544,44.6631],[5.7898,44.6532],[5.7994,44.6741],[5.8304,44.6902],[5.8257,44.7015],[5.8015,44.7068],[5.7561,44.6959],[5.7043,44.7294],[5.6988,44.7221],[5.6523,44.7226],[5.6263,44.7533],[5.5884,44.7623],[5.5818,44.778],[5.5498,44.7945],[5.5547,44.7675],[5.4619,44.7949],[5.4851,44.8229],[5.4638,44.826],[5.4837,44.9223],[5.4777,44.9668],[5.4936,44.9961],[5.465,45.0447],[5.4749,45.0703],[5.4942,45.0717],[5.4832,45.0839],[5.4616,45.0866],[5.4358,45.0545],[5.4257,45.0563],[5.4137,45.0449],[5.3915,45.0463],[5.3868,45.0585],[5.381,45.0512],[5.3973,45.0383],[5.3857,45.0348],[5.346,45.048],[5.3411,45.0619],[5.3188,45.0514],[5.2928,45.0638],[5.2691,45.0546],[5.2085,45.0841],[5.1813,45.0843],[5.1626,45.0656],[5.1485,45.0769],[5.1343,45.0747],[5.1376,45.0814],[5.1542,45.0793],[5.1871,45.1203],[5.191,45.14],[5.1813,45.1481],[5.1918,45.1544],[5.19,45.1697],[5.1644,45.2006],[5.1793,45.2174],[5.2017,45.2174],[5.1767,45.2486],[5.1569,45.2472],[5.1604,45.2551],[5.1414,45.243],[5.122,45.2456],[5.1377,45.2977],[5.0754,45.2818],[5.0543,45.3191],[5.0228,45.3177],[5.0093,45.3423],[4.995,45.344],[4.9288,45.3239],[4.8797,45.2968],[4.8587,45.2984],[4.8589,45.3086],[4.8004,45.2984],[4.8099,45.2881],[4.8015,45.2423],[4.8128,45.2039],[4.8086,45.17],[4.8293,45.1564],[4.8034,45.1246],[4.8287,45.1005],[4.8289,45.0734],[4.86,45.0581],[4.8397,45.0342],[4.8451,45.0187],[4.8359,45.008],[4.8863,44.9355],[4.8548,44.8996],[4.8607,44.8749],[4.844,44.8458],[4.8205,44.8373],[4.8225,44.8174],[4.7998,44.813],[4.7954,44.7935],[4.7607,44.7716],[4.7793,44.6544],[4.7406,44.6026],[4.7417,44.5893],[4.7111,44.5822],[4.7035,44.5601],[4.6933,44.5602],[4.6938,44.542],[4.7077,44.5343],[4.6876,44.5008],[4.7001,44.4589],[4.6932,44.4429],[4.6669,44.4294],[4.6489,44.3702],[4.6506,44.3298],[4.6786,44.3207],[4.7131,44.3205],[4.7179,44.3269],[4.7796,44.3194],[4.8046,44.3038],[4.8142,44.2322],[4.8269,44.2285],[4.8741,44.2597],[4.933,44.2622],[5.0605,44.3082],[5.0766,44.284],[5.1081,44.2773],[5.1683,44.3147],[5.1684,44.2901],[5.1463,44.272],[5.1607,44.2667],[5.1548,44.2305],[5.2304,44.2118],[5.2405,44.2309],[5.2529,44.2313],[5.3033,44.2057],[5.3187,44.21],[5.3367,44.2034],[5.3552,44.2146],[5.3847,44.2011],[5.3832,44.1554],[5.436,44.1525],[5.4508,44.1211],[5.4989,44.1161],[5.541,44.1327],[5.5513,44.1498],[5.5786,44.152],[5.5833,44.1578],[5.5645,44.1709],[5.5762,44.1881],[5.6093,44.1907],[5.6397,44.1676],[5.6313,44.1504],[5.6789,44.1461],[5.6829,44.1636],[5.6433,44.1706],[5.6517,44.1896],[5.6758,44.1915]],[[4.8929,44.365],[4.9087,44.3768],[4.9182,44.4077],[4.9603,44.4199],[4.9716,44.4315],[5.0012,44.4127],[5.0186,44.4158],[5.0158,44.3927],[5.0722,44.3808],[5.0547,44.3648],[5.0235,44.3603],[5.0138,44.3258],[4.9964,44.32],[4.9871,44.2927],[4.9219,44.3089],[4.8893,44.304],[4.8817,44.3248],[4.8954,44.3382],[4.8693,44.3451],[4.8929,44.365]]]},"properties":{"shapeName":"Drôme","shapeISO":"","shapeID":"29444166B81319189614535","shapeGroup":"FRA","shapeType":"ADM2"}},
{"type":"Feature","geometry":{"type":"Polygon","coordinates":[[[0.4127,48.9504],[0.3861,48.9105],[0.4212,48.8987],[0.4206,48.8869],[0.4482,48.8913],[0.4431,48.8813],[0.4528,48.8791],[0.4632,48.8885],[0.5513,48.8744],[0.578,48.8937],[0.5956,48.888],[0.5896,48.8726],[0.6155,48.8775],[0.6023,48.8626],[0.6092,48.8533],[0.6362,48.8544],[0.6076,48.8328],[0.689,48.7936],[0.7322,48.7856],[0.7594,48.7676],[0.7494,48.7608],[0.775,48.7374],[0.7313,48.7033],[0.7665,48.6966],[0.7687,48.6699],[0.7823,48.6667],[0.7961,48.6753],[0.8148,48.6702],[0.8273,48.6807],[0.8639,48.6876],[0.8726,48.7132],[0.8902,48.7204],[0.8994,48.7105],[0.9212,48.7092],[0.9782,48.7309],[0.9905,48.7256],[1.0211,48.7349],[1.0339,48.7286],[1.0348,48.7406],[1.0639,48.7595],[1.07,48.7486],[1.0866,48.7573],[1.1139,48.7461],[1.1181,48.7661],[1.1279,48.7656],[1.1214,48.7892],[1.1519,48.7859],[1.1577,48.7695],[1.1874,48.773],[1.2229,48.758],[1.233,48.763],[1.2229,48.7673],[1.2441,48.7697],[1.2601,48.7578],[1.297,48.7682],[1.3294,48.7609],[1.3534,48.7793],[1.375,48.7813],[1.3558,48.8167],[1.3612,48.8337],[1.4043,48.8607],[1.4409,48.8648],[1.4646,48.8768],[1.4718,48.8971],[1.4478,48.9246],[1.4611,48.9375],[1.5014,48.941],[1.5109,48.9536],[1.5011,48.9514],[1.4918,48.9646],[1.5183,48.9784],[1.5079,48.9839],[1.471,48.975],[1.4615,48.989],[1.48,49.0072],[1.4473,49.0535],[1.4618,49.064],[1.4797,49.052],[1.5023,49.0589],[1.5079,49.0854],[1.523,49.0682],[1.5579,49.0691],[1.605,49.0852],[1.6087,49.0777],[1.6578,49.1319],[1.674,49.2119],[1.7044,49.2324],[1.7087,49.2647],[1.7589,49.2724],[1.7669,49.252],[1.7903,49.2468],[1.8029,49.2719],[1.7935,49.2743],[1.7976,49.2885],[1.7722,49.2911],[1.7744,49.337],[1.7613,49.3663],[1.7205,49.394],[1.7405,49.4056],[1.7165,49.4033],[1.714,49.4093],[1.7044,49.4107],[1.6945,49.3951],[1.6804,49.4063],[1.6573,49.399],[1.6283,49.4151],[1.6045,49.4117],[1.5764,49.4405],[1.5474,49.441],[1.5371,49.43],[1.5297,49.4424],[1.5036,49.4382],[1.4762,49.4516],[1.4008,49.4568],[1.3838,49.4482],[1.3865,49.4633],[1.371,49.451],[1.3429,49.4465],[1.3512,49.4379],[1.3374,49.4389],[1.3366,49.4277],[1.3093,49.4286],[1.3154,49.4077],[1.3134,49.4146],[1.308,49.3954],[1.2851,49.3881],[1.2865,49.3629],[1.2722,49.3463],[1.2096,49.3526],[1.199,49.3508],[1.2033,49.3366],[1.1815,49.3441],[1.1686,49.336],[1.1632,49.3428],[1.1346,49.3249],[1.1336,49.3099],[1.0861,49.3095],[1.0481,49.2979],[1.0688,49.2767],[1.052,49.2729],[1.0629,49.259],[1.0157,49.2587],[1.0051,49.2507],[0.9922,49.2579],[1.0065,49.2652],[0.985,49.2607],[0.9733,49.2809],[0.9562,49.2713],[0.9496,49.2797],[0.9714,49.2852],[0.9502,49.2964],[0.9399,49.3228],[0.9007,49.2971],[0.8992,49.3189],[0.8919,49.3142],[0.8629,49.3279],[0.8444,49.3248],[0.8603,49.3468],[0.9207,49.3382],[0.9308,49.3437],[0.9179,49.3854],[0.8788,49.3725],[0.8783,49.3963],[0.823,49.3963],[0.8027,49.4276],[0.805,49.4115],[0.7981,49.4175],[0.7833,49.4107],[0.7671,49.4201],[0.7387,49.4082],[0.7081,49.4111],[0.7052,49.4023],[0.6646,49.4016],[0.6494,49.409],[0.66,49.4158],[0.6524,49.422],[0.6394,49.4184],[0.6455,49.4262],[0.6299,49.4228],[0.6364,49.4367],[0.6495,49.438],[0.6426,49.4445],[0.6144,49.4299],[0.5905,49.4306],[0.5028,49.4853],[0.4056,49.451],[0.3384,49.4454],[0.3372,49.434],[0.2969,49.4299],[0.3092,49.3896],[0.3021,49.37],[0.326,49.3404],[0.2979,49.3144],[0.316,49.3113],[0.3229,49.2967],[0.3089,49.2833],[0.3259,49.2779],[0.3427,49.2956],[0.3624,49.2972],[0.384,49.2856],[0.3828,49.2641],[0.3205,49.2484],[0.3386,49.2305],[0.3949,49.2094],[0.3858,49.1537],[0.4332,49.1407],[0.4083,49.1285],[0.401,49.1108],[0.3986,49.099],[0.4154,49.0951],[0.3977,49.0896],[0.4162,49.0882],[0.4179,49.0736],[0.3911,49.078],[0.367,49.0522],[0.379,49.0512],[0.3902,49.034],[0.4278,49.0323],[0.4463,49.0189],[0.4247,48.985],[0.4315,48.9666],[0.4127,48.9504]]]},"properties":{"shapeName":"Eure","shapeISO":"","shapeID":"29444166B58139106097457","shapeGroup":"FRA","shapeType":"ADM2"}},
{"type":"Feature","geometry":{"type":"Polygon","coordinates":[[[0.8148,48.6702],[0.8217,48.6361],[0.8318,48.6334],[0.8196,48.6099],[0.8471,48.6097],[0.8506,48.5826],[0.9257,48.5599],[0.9393,48.5492],[0.9225,48.5377],[0.9674,48.5239],[0.9415,48.4988],[0.9564,48.4824],[0.9357,48.4756],[0.9578,48.4427],[0.9766,48.4411],[0.9444,48.4171],[0.9504,48.3995],[0.9091,48.3703],[0.9006,48.374],[0.8835,48.3565],[0.8714,48.3596],[0.8523,48.3485],[0.8399,48.3527],[0.828,48.3423],[0.8184,48.3495],[0.7915,48.3428],[0.7691,48.3224],[0.7557,48.2999],[0.7785,48.3034],[0.8077,48.2898],[0.7935,48.2843],[0.7875,48.2613],[0.8303,48.214],[0.7979,48.1948],[0.7957,48.188],[0.8368,48.167],[0.8863,48.1619],[0.9167,48.1389],[0.8501,48.1333],[0.8554,48.1226],[0.8411,48.1029],[0.8765,48.1097],[0.9102,48.1032],[0.944,48.1125],[0.9486,48.0979],[1.0035,48.1305],[1.0405,48.132],[1.046,48.1177],[1.0038,48.1056],[0.991,48.0971],[0.9953,48.0878],[1.0627,48.0868],[1.0695,48.0757],[1.1122,48.0807],[1.1064,48.0603],[1.1228,48.0358],[1.166,48.0284],[1.1591,48.0177],[1.1871,48.0025],[1.2027,47.9774],[1.1965,47.9677],[1.2466,47.9799],[1.2653,47.9619],[1.2996,47.9682],[1.3086,47.9539],[1.3438,47.9574],[1.3459,47.9652],[1.3697,47.9538],[1.3869,47.9813],[1.4086,47.9699],[1.4374,47.9769],[1.4392,48.012],[1.5201,47.9823],[1.5266,48.0072],[1.5124,48.028],[1.5226,48.0345],[1.5472,48.0295],[1.5455,48.0445],[1.5941,48.0307],[1.5972,48.0432],[1.6196,48.0429],[1.624,48.0703],[1.6592,48.0767],[1.6701,48.0627],[1.6892,48.078],[1.7086,48.0672],[1.7385,48.0698],[1.7452,48.0639],[1.7981,48.0767],[1.802,48.0894],[1.83,48.0788],[1.8448,48.0892],[1.8659,48.0837],[1.8652,48.0952],[1.8844,48.0977],[1.902,48.1313],[1.9127,48.1292],[1.9204,48.1464],[1.9034,48.1528],[1.9142,48.1675],[1.9251,48.1744],[1.9409,48.1677],[1.9511,48.1756],[1.971,48.1711],[1.9711,48.183],[1.9514,48.1896],[1.9571,48.2036],[1.9709,48.19],[1.9794,48.204],[1.9628,48.2225],[1.961,48.2472],[1.9844,48.2641],[1.9938,48.2868],[1.9723,48.2882],[1.9822,48.2952],[1.9652,48.2955],[1.9588,48.3066],[1.9808,48.3187],[1.9685,48.3414],[1.9892,48.3636],[1.9664,48.3817],[1.9782,48.4018],[1.9303,48.404],[1.9429,48.4411],[1.922,48.4577],[1.9043,48.4386],[1.871,48.4398],[1.8449,48.4463],[1.8367,48.4671],[1.8013,48.466],[1.7756,48.5139],[1.7875,48.5538],[1.7684,48.5587],[1.7575,48.5751],[1.7092,48.578],[1.7019,48.585],[1.715,48.6147],[1.6871,48.6112],[1.6858,48.6203],[1.6665,48.6135],[1.6431,48.6513],[1.6213,48.6497],[1.6033,48.6625],[1.6118,48.6893],[1.5764,48.7026],[1.5947,48.7091],[1.6268,48.7481],[1.6084,48.7607],[1.5819,48.7619],[1.5773,48.8049],[1.5916,48.815],[1.5789,48.8297],[1.5981,48.8389],[1.5773,48.8447],[1.5839,48.8606],[1.5456,48.8702],[1.5634,48.8905],[1.5388,48.9047],[1.5384,48.9225],[1.5143,48.9219],[1.5014,48.941],[1.4611,48.9375],[1.4478,48.9246],[1.4718,48.8971],[1.4646,48.8768],[1.4409,48.8648],[1.4043,48.8607],[1.3612,48.8337],[1.3558,48.8167],[1.375,48.7813],[1.3534,48.7793],[1.3294,48.7609],[1.297,48.7682],[1.2601,48.7578],[1.2441,48.7697],[1.2229,48.7673],[1.233,48.763],[1.2229,48.758],[1.1874,48.773],[1.1577,48.7695],[1.1519,48.7859],[1.1214,48.7892],[1.1279,48.7656],[1.1181,48.7661],[1.1139,48.7461],[1.0866,48.7573],[1.07,48.7486],[1.0639,48.7595],[1.0348,48.7406],[1.0339,48.7286],[1.0211,48.7349],[0.9905,48.7256],[0.9782,48.7309],[0.9212,48.7092],[0.8994,48.7105],[0.8902,48.7204],[0.8726,48.7132],[0.8639,48.6876],[0.8273,48.6807],[0.8148,48.6702]]]},"properties":{"shapeName":"Eure-et-Loir","shapeISO":"","shapeID":"29444166B66992959571509","shapeGroup":"FRA","shapeType":"ADM2"}},
{"type":"Feature","geometry":{"type":"MultiPolygon","coordinates":[[[[-4.0408,48.7458],[-3.9888,48.7394],[-4.0067,48.753],[-4.0408,48.7458]]],[[[-5.1413,48.4492],[-5.0956,48.4558],[-5.0983,48.4451],[-5.1182,48.4385],[-5.1028,48.4362],[-5.0802,48.4513],[-5.0598,48.4495],[-5.0343,48.4629],[-5.0587,48.4669],[-5.0503,48.4765],[-5.0744,48.4833],[-5.0759,48.474],[-5.1072,48.4724],[-5.1413,48.4492]]],[[[-3.929,48.6922],[-3.9226,48.6799],[-3.9258,48.6996],[-3.929,48.6922]]],[[[-4.1932,47.8644],[-4.1781,47.8506],[-4.1819,47.8674],[-4.1932,47.8644]]],[[[-3.6596,48.6561],[-3.6393,48.6734],[-3.6547,48.682],[-3.6436,48.6967],[-3.6805,48.6866],[-3.7028,48.6905],[-3.7228,48.7064],[-3.7582,48.7102],[-3.7847,48.7012],[-3.8209,48.7189],[-3.8208,48.7011],[-3.8312,48.7143],[-3.8551,48.6895],[-3.8462,48.6609],[-3.8549,48.6738],[-3.8646,48.6713],[-3.8434,48.6285],[-3.8591,48.6145],[-3.8493,48.6036],[-3.8702,48.6042],[-3.8575,48.6086],[-3.8622,48.6137],[-3.8571,48.6262],[-3.8978,48.6465],[-3.906,48.662],[-3.8906,48.6709],[-3.9221,48.6758],[-3.9301,48.6579],[-3.9414,48.6589],[-3.9547,48.6457],[-3.9502,48.6728],[-3.9717,48.6746],[-3.9682,48.6901],[-3.9594,48.6833],[-3.9577,48.6884],[-3.9762,48.6996],[-3.9614,48.7203],[-3.9891,48.7275],[-4.0008,48.7116],[-4.0069,48.7276],[-4.0157,48.7126],[-4.0353,48.714],[-4.0426,48.7025],[-4.0534,48.7062],[-4.0564,48.6868],[-4.0357,48.6879],[-4.0547,48.6854],[-4.07,48.6879],[-4.0561,48.6693],[-4.0829,48.6937],[-4.0958,48.6858],[-4.0994,48.6957],[-4.1299,48.697],[-4.188,48.6864],[-4.2138,48.6688],[-4.2213,48.6568],[-4.1944,48.6519],[-4.2746,48.6498],[-4.3017,48.6413],[-4.2967,48.6326],[-4.3188,48.6465],[-4.299,48.6539],[-4.2963,48.6648],[-4.3135,48.6727],[-4.3257,48.6662],[-4.3248,48.6751],[-4.3469,48.6784],[-4.3796,48.6594],[-4.4355,48.656],[-4.433,48.6475],[-4.3986,48.6362],[-4.433,48.6421],[-4.4348,48.6354],[-4.4489,48.6435],[-4.465,48.6264],[-4.5004,48.621],[-4.5132,48.6352],[-4.5311,48.6294],[-4.5422,48.6373],[-4.5418,48.6245],[-4.5662,48.6256],[-4.5686,48.6093],[-4.5525,48.6111],[-4.5598,48.6038],[-4.5166,48.5939],[-4.5152,48.5866],[-4.5433,48.5985],[-4.5956,48.5933],[-4.5859,48.6022],[-4.5981,48.6084],[-4.6123,48.5782],[-4.5939,48.5745],[-4.5871,48.5626],[-4.539,48.5626],[-4.5051,48.5459],[-4.5559,48.5599],[-4.5949,48.5532],[-4.5969,48.5718],[-4.6275,48.579],[-4.6542,48.57],[-4.6705,48.5761],[-4.6797,48.5669],[-4.7045,48.5702],[-4.7042,48.5501],[-4.7225,48.5596],[-4.753,48.5438],[-4.7462,48.5291],[-4.7588,48.5344],[-4.7581,48.5207],[-4.778,48.5165],[-4.7665,48.5103],[-4.7789,48.5039],[-4.7741,48.4845],[-4.7596,48.4704],[-4.725,48.476],[-4.7184,48.4755],[-4.7167,48.4687],[-4.7207,48.4748],[-4.7502,48.4713],[-4.7596,48.4598],[-4.7616,48.4694],[-4.7834,48.4455],[-4.7953,48.413],[-4.7738,48.4052],[-4.7767,48.3911],[-4.7603,48.3742],[-4.7896,48.3624],[-4.766,48.3636],[-4.7815,48.3587],[-4.7721,48.3293],[-4.7098,48.3307],[-4.698,48.3378],[-4.7011,48.3499],[-4.6806,48.3558],[-4.6087,48.3381],[-4.5538,48.362],[-4.5379,48.3573],[-4.4907,48.3684],[-4.5238,48.3658],[-4.5054,48.379],[-4.4572,48.3879],[-4.4431,48.3796],[-4.4298,48.3974],[-4.4017,48.3898],[-4.3612,48.41],[-4.347,48.4074],[-4.3143,48.4199],[-4.2699,48.4452],[-4.3108,48.4169],[-4.4078,48.3812],[-4.4372,48.3599],[-4.4392,48.3414],[-4.4589,48.3269],[-4.3977,48.3424],[-4.4181,48.3245],[-4.3778,48.3254],[-4.3671,48.3449],[-4.3405,48.3585],[-4.3552,48.3433],[-4.3174,48.3621],[-4.3302,48.3389],[-4.2988,48.3453],[-4.3035,48.3552],[-4.2612,48.3608],[-4.2925,48.3505],[-4.278,48.3445],[-4.3174,48.3352],[-4.3028,48.3308],[-4.3196,48.3289],[-4.3354,48.3133],[-4.307,48.3188],[-4.2932,48.3116],[-4.2833,48.3231],[-4.242,48.3287],[-4.282,48.3126],[-4.2546,48.3092],[-4.2466,48.299],[-4.2452,48.3111],[-4.2204,48.3139],[-4.2404,48.3091],[-4.2391,48.299],[-4.181,48.2965],[-4.2799,48.279],[-4.24,48.2541],[-4.2139,48.2602],[-4.1997,48.2494],[-4.2108,48.2472],[-4.207,48.2396],[-4.2182,48.2586],[-4.2429,48.2488],[-4.2553,48.2602],[-4.2706,48.2581],[-4.2553,48.263],[-4.289,48.2733],[-4.2892,48.2813],[-4.2803,48.2898],[-4.2659,48.2845],[-4.2643,48.2925],[-4.2885,48.2988],[-4.3975,48.2747],[-4.4122,48.2775],[-4.4191,48.2938],[-4.4608,48.2947],[-4.5037,48.2812],[-4.5183,48.2945],[-4.4974,48.3048],[-4.5062,48.3109],[-4.5359,48.2841],[-4.5565,48.3003],[-4.5322,48.3417],[-4.5549,48.3385],[-4.5818,48.3194],[-4.5704,48.282],[-4.5932,48.2752],[-4.6011,48.2877],[-4.6306,48.2799],[-4.6154,48.2739],[-4.6225,48.2526],[-4.6129,48.2621],[-4.5826,48.2507],[-4.5576,48.2588],[-4.5441,48.2492],[-4.5456,48.2404],[-4.5735,48.2358],[-4.5521,48.2089],[-4.5595,48.17],[-4.5417,48.1683],[-4.5401,48.181],[-4.5184,48.1917],[-4.5105,48.2118],[-4.4937,48.2207],[-4.5041,48.2253],[-4.4973,48.2336],[-4.4644,48.2395],[-4.4607,48.2352],[-4.4485,48.2357],[-4.4331,48.2307],[-4.4312,48.2371],[-4.4286,48.2346],[-4.4338,48.2283],[-4.3781,48.2188],[-4.3744,48.2066],[-4.3345,48.2071],[-4.3038,48.1963],[-4.2911,48.1762],[-4.2962,48.1592],[-4.2745,48.1557],[-4.2678,48.1305],[-4.2763,48.1341],[-4.2856,48.1262],[-4.2835,48.1095],[-4.3048,48.0892],[-4.327,48.1002],[-4.3417,48.0959],[-4.3624,48.1092],[-4.416,48.1068],[-4.4334,48.0966],[-4.4665,48.0993],[-4.4863,48.0864],[-4.5363,48.0899],[-4.5517,48.0761],[-4.5817,48.0824],[-4.5912,48.0737],[-4.6312,48.0729],[-4.6316,48.0671],[-4.6664,48.0729],[-4.6719,48.0605],[-4.7146,48.0651],[-4.7068,48.0448],[-4.7411,48.0402],[-4.6974,48.026],[-4.6507,48.0217],[-4.6325,48.0293],[-4.6231,48.0178],[-4.5661,47.9997],[-4.5408,48.0109],[-4.5354,48.0247],[-4.5349,48.0097],[-4.451,47.9811],[-4.3897,47.9292],[-4.3624,47.8895],[-4.3462,47.8398],[-4.3523,47.8288],[-4.3814,47.821],[-4.3748,47.7974],[-4.3009,47.8009],[-4.2924,47.7918],[-4.2724,47.8008],[-4.2815,47.7918],[-4.224,47.7916],[-4.2131,47.8028],[-4.1925,47.7958],[-4.1735,47.8068],[-4.1591,47.8314],[-4.1829,47.8356],[-4.196,47.857],[-4.2222,47.8681],[-4.2037,47.8671],[-4.1967,47.858],[-4.195,47.8762],[-4.1844,47.8811],[-4.1677,47.875],[-4.1764,47.8724],[-4.169,47.8393],[-4.1405,47.8595],[-4.1131,47.8623],[-4.1305,47.89],[-4.1709,47.8948],[-4.1764,47.9072],[-4.1662,47.8956],[-4.1457,47.8973],[-4.1518,47.9105],[-4.141,47.9264],[-4.1116,47.9361],[-4.1134,47.9526],[-4.1232,47.9538],[-4.1116,47.9564],[-4.1193,47.9654],[-4.101,47.9707],[-4.1169,47.9752],[-4.1156,47.9839],[-4.0958,47.9697],[-4.1097,47.9425],[-4.0961,47.9423],[-4.0816,47.9554],[-4.0747,47.9484],[-4.0955,47.9415],[-4.0686,47.9329],[-4.1084,47.9423],[-4.1122,47.9314],[-4.1395,47.9256],[-4.1414,47.9004],[-4.1166,47.8961],[-4.1244,47.8882],[-4.1057,47.8811],[-4.1167,47.8769],[-4.0986,47.8624],[-4.0772,47.8667],[-4.0834,47.8737],[-4.0675,47.8708],[-4.0738,47.8646],[-4.0633,47.8675],[-4.0471,47.8515],[-4.0888,47.8624],[-4.0404,47.8444],[-3.976,47.8542],[-3.9901,47.883],[-3.9725,47.891],[-3.9816,47.8889],[-3.992,47.8967],[-3.9825,47.8933],[-3.9793,47.9021],[-3.9536,47.8939],[-3.946,47.9051],[-3.9496,47.8905],[-3.9413,47.8945],[-3.9478,47.888],[-3.93,47.8711],[-3.9169,47.868],[-3.9056,47.8771],[-3.9114,47.8666],[-3.8987,47.8589],[-3.9191,47.8559],[-3.8867,47.8493],[-3.8938,47.8419],[-3.8989,47.8466],[-3.9018,47.8344],[-3.8509,47.7991],[-3.8439,47.8056],[-3.8554,47.7901],[-3.839,47.7986],[-3.8,47.7875],[-3.7424,47.797],[-3.7449,47.8141],[-3.7587,47.8164],[-3.7454,47.8189],[-3.7573,47.836],[-3.7475,47.8532],[-3.7505,47.8338],[-3.7326,47.8031],[-3.7118,47.8147],[-3.7053,47.814],[-3.6986,47.8319],[-3.6945,47.8205],[-3.6736,47.8287],[-3.6512,47.8217],[-3.6971,47.819],[-3.6992,47.8085],[-3.7078,47.8133],[-3.7231,47.8028],[-3.6776,47.7755],[-3.6687,47.7908],[-3.6687,47.7814],[-3.6523,47.7792],[-3.6382,47.7929],[-3.6454,47.774],[-3.6124,47.7686],[-3.6021,47.7789],[-3.6028,47.7688],[-3.5395,47.7626],[-3.5234,47.7972],[-3.5411,47.829],[-3.5231,47.8495],[-3.512,47.8321],[-3.4879,47.8237],[-3.475,47.8356],[-3.4577,47.8367],[-3.4483,47.8637],[-3.4193,47.8692],[-3.3982,47.8632],[-3.4052,47.902],[-3.4193,47.9053],[-3.4054,47.9063],[-3.4089,47.9161],[-3.3869,47.9255],[-3.4017,47.9435],[-3.3919,47.9574],[-3.4151,47.9751],[-3.4453,47.9586],[-3.4605,47.9607],[-3.4674,47.9453],[-3.4914,47.975],[-3.5196,47.9764],[-3.5318,47.9891],[-3.5582,47.9941],[-3.584,47.9845],[-3.5963,47.9906],[-3.6189,47.9817],[-3.6397,47.9849],[-3.6734,48.0586],[-3.7086,48.0666],[-3.6984,48.0687],[-3.7045,48.0867],[-3.695,48.0937],[-3.7333,48.0964],[-3.7347,48.1126],[-3.7088,48.1355],[-3.7144,48.1432],[-3.5648,48.1858],[-3.5441,48.1939],[-3.5194,48.1895],[-3.5208,48.2028],[-3.5394,48.2066],[-3.5579,48.2286],[-3.556,48.242],[-3.5229,48.2557],[-3.518,48.2823],[-3.555,48.2936],[-3.5184,48.3188],[-3.5251,48.3235],[-3.5411,48.3114],[-3.5522,48.3162],[-3.5632,48.3472],[-3.5541,48.3785],[-3.6077,48.388],[-3.6003,48.422],[-3.5508,48.4478],[-3.6076,48.4784],[-3.6043,48.4964],[-3.5398,48.5382],[-3.5713,48.5584],[-3.5987,48.5571],[-3.5886,48.5827],[-3.6407,48.5963],[-3.6596,48.6561]]],[[[-4.9674,48.3982],[-4.9538,48.3933],[-4.9563,48.4025],[-4.9674,48.3982]]]]},"properties":{"shapeName":"Finistère","shapeISO":"","shapeID":"29444166B28282788434260","shapeGroup":"FRA","shapeType":"ADM2"}},
{"type":"Feature","geometry":{"type":"Polygon","coordinates":[[[3.9984,44.4597],[3.9755,44.4431],[3.9611,44.414],[3.9484,44.4123],[3.952,44.4016],[3.9175,44.4053],[3.8857,44.3881],[3.9077,44.3752],[3.9346,44.3359],[3.952,44.3322],[3.9229,44.3052],[3.94,44.2858],[3.9337,44.2757],[3.9755,44.2588],[3.9463,44.2425],[3.9516,44.2183],[3.9365,44.1951],[3.9572,44.1938],[3.9742,44.1629],[3.9233,44.1823],[3.9273,44.1613],[3.9116,44.1601],[3.9095,44.1471],[3.8896,44.1449],[3.8753,44.1262],[3.8309,44.1375],[3.797,44.1274],[3.7736,44.1435],[3.7649,44.141],[3.7604,44.1512],[3.7062,44.1647],[3.67,44.1865],[3.6607,44.1739],[3.6496,44.1808],[3.637,44.1763],[3.6262,44.1533],[3.6532,44.146],[3.636,44.1406],[3.6328,44.1212],[3.6043,44.1153],[3.5642,44.1235],[3.5437,44.1096],[3.5353,44.1212],[3.4394,44.1293],[3.4309,44.148],[3.3966,44.1612],[3.3956,44.1686],[3.374,44.171],[3.3346,44.1588],[3.3323,44.1418],[3.3203,44.1359],[3.3242,44.1086],[3.2625,44.0935],[3.294,44.0675],[3.3289,44.079],[3.3527,44.0499],[3.3901,44.0572],[3.4,44.0436],[3.4518,44.0218],[3.4403,43.9983],[3.418,43.993],[3.4059,43.9697],[3.3774,43.9675],[3.3756,43.9559],[3.3566,43.9488],[3.3582,43.9137],[3.4232,43.9127],[3.4419,43.8875],[3.4221,43.8727],[3.4318,43.863],[3.4623,43.8717],[3.4834,43.8924],[3.5127,43.8962],[3.5282,43.8541],[3.5595,43.8563],[3.5789,43.8436],[3.6005,43.8494],[3.5749,43.8655],[3.5824,43.8773],[3.6236,43.9169],[3.6388,43.9161],[3.6393,43.8962],[3.6478,43.9017],[3.6409,43.9156],[3.6714,43.9096],[3.6758,43.9315],[3.6898,43.9394],[3.6856,43.9538],[3.7322,43.972],[3.7877,43.9668],[3.7955,43.9423],[3.8271,43.9358],[3.828,43.9226],[3.7997,43.8912],[3.8039,43.8792],[3.8307,43.8664],[3.8519,43.8675],[3.8568,43.8771],[3.8977,43.8777],[3.9169,43.8879],[3.9221,43.8584],[3.9806,43.8431],[3.9592,43.805],[3.9745,43.8015],[4.001,43.8129],[4.0184,43.8076],[4.0536,43.7856],[4.0534,43.7724],[4.0674,43.765],[4.0851,43.7683],[4.1154,43.7372],[4.1435,43.7361],[4.1938,43.6421],[4.1496,43.5979],[4.1502,43.5854],[4.0747,43.5886],[4.1081,43.5702],[4.1013,43.5547],[4.1317,43.535],[4.1389,43.54],[4.1374,43.525],[4.1226,43.5208],[4.1392,43.5205],[4.1312,43.5173],[4.1383,43.5136],[4.1216,43.5213],[4.1164,43.5108],[4.1381,43.5103],[4.11,43.509],[4.1294,43.4871],[4.1731,43.4699],[4.2302,43.4605],[4.2397,43.4992],[4.3247,43.5282],[4.3078,43.5454],[4.3139,43.5556],[4.323,43.5538],[4.3165,43.5441],[4.3343,43.5354],[4.3809,43.5526],[4.3877,43.5624],[4.4088,43.5608],[4.4165,43.5715],[4.403,43.5732],[4.424,43.5847],[4.4603,43.5889],[4.4731,43.6113],[4.4406,43.6106],[4.4263,43.625],[4.4515,43.6646],[4.4776,43.6728],[4.4856,43.6986],[4.5394,43.7076],[4.5949,43.687],[4.6273,43.6854],[4.6125,43.7261],[4.6516,43.7825],[4.6552,43.8075],[4.6423,43.8311],[4.6668,43.8466],[4.6602,43.8532],[4.6413,43.8511],[4.6421,43.8675],[4.6929,43.8845],[4.7393,43.9241],[4.7774,43.9371],[4.8119,43.962],[4.8131,43.9881],[4.8427,43.9869],[4.8436,44.0091],[4.8196,44.0172],[4.7872,44.0659],[4.7597,44.075],[4.7602,44.0872],[4.7205,44.0818],[4.7061,44.1078],[4.7225,44.1873],[4.7058,44.1927],[4.7064,44.2145],[4.6743,44.2144],[4.6779,44.2344],[4.6495,44.2703],[4.6349,44.2848],[4.6164,44.2782],[4.6068,44.2905],[4.5599,44.302],[4.5486,44.326],[4.5127,44.3281],[4.5044,44.3443],[4.4996,44.3383],[4.4531,44.3389],[4.4533,44.2979],[4.4393,44.2834],[4.4333,44.2916],[4.3952,44.291],[4.3895,44.301],[4.4033,44.3336],[4.3914,44.3468],[4.3258,44.3383],[4.3303,44.3318],[4.3163,44.3206],[4.2882,44.3148],[4.289,44.2921],[4.2585,44.2643],[4.1865,44.2998],[4.1775,44.3178],[4.1429,44.3132],[4.1299,44.3369],[4.1162,44.3269],[4.0965,44.3349],[4.0737,44.3298],[4.0517,44.317],[4.0357,44.3297],[4.0543,44.3377],[4.0573,44.3637],[4.0402,44.3916],[4.0645,44.3941],[4.0684,44.405],[4.0354,44.4199],[4.0463,44.4318],[4.0372,44.4461],[3.9984,44.4597]]]},"properties":{"shapeName":"Gard","shapeISO":"","shapeID":"29444166B65685353516975","shapeGroup":"FRA","shapeType":"ADM2"}},
{"type":"Feature","geometry":{"type":"Polygon","coordinates":[[[1.6884,43.2735],[1.716,43.2953],[1.7037,43.3027],[1.7358,43.3141],[1.7226,43.3415],[1.7333,43.335],[1.7514,43.3496],[1.7727,43.3366],[1.7825,43.3462],[1.8135,43.3414],[1.8031,43.3926],[1.8262,43.3948],[1.8172,43.411],[1.8277,43.4185],[1.8422,43.4148],[1.8428,43.4327],[1.8562,43.4435],[1.8966,43.4177],[1.9048,43.4077],[1.8957,43.3969],[1.9047,43.3934],[1.9191,43.4214],[1.9495,43.4194],[1.9545,43.4265],[1.988,43.4074],[2.0202,43.4228],[2.0374,43.4222],[2.0291,43.4367],[2.0136,43.4504],[2.0202,43.4736],[2.0483,43.4855],[2.0424,43.5121],[2.0375,43.4993],[2.0156,43.5095],[2.0161,43.4876],[1.9899,43.4776],[1.8926,43.5116],[1.8711,43.5344],[1.88,43.5402],[1.8505,43.5494],[1.8401,43.5777],[1.7892,43.5835],[1.7658,43.6031],[1.7492,43.6012],[1.6922,43.6233],[1.699,43.6486],[1.7311,43.6577],[1.7208,43.6883],[1.6643,43.6937],[1.6608,43.7057],[1.6818,43.7007],[1.7066,43.7165],[1.6502,43.7514],[1.656,43.7679],[1.6408,43.779],[1.6448,43.8002],[1.5902,43.8145],[1.5932,43.8431],[1.5724,43.8489],[1.5551,43.8685],[1.5644,43.8716],[1.5466,43.9024],[1.5558,43.9183],[1.533,43.9215],[1.5243,43.904],[1.5152,43.9062],[1.4919,43.8872],[1.477,43.9083],[1.449,43.8704],[1.4181,43.8711],[1.4052,43.8847],[1.3932,43.8805],[1.3652,43.8898],[1.3483,43.8694],[1.3595,43.8512],[1.3194,43.8581],[1.2939,43.8457],[1.3137,43.8321],[1.3548,43.8363],[1.36,43.8173],[1.311,43.8005],[1.2817,43.7959],[1.2785,43.803],[1.2668,43.7982],[1.2812,43.7906],[1.2743,43.7853],[1.2129,43.7676],[1.2056,43.7748],[1.2167,43.7919],[1.1803,43.795],[1.1503,43.8223],[1.1102,43.7962],[1.1111,43.8052],[1.0828,43.816],[1.0573,43.798],[1.0362,43.8042],[0.9921,43.7974],[0.98,43.7865],[0.9537,43.7874],[0.966,43.76],[0.9755,43.7611],[0.9895,43.7396],[1.0236,43.7226],[1.0253,43.712],[1.0642,43.7028],[1.0486,43.6755],[1.0749,43.6618],[1.1009,43.6611],[1.0878,43.6451],[1.112,43.637],[1.1406,43.6421],[1.1427,43.6215],[1.1589,43.6054],[1.1801,43.6148],[1.1943,43.6034],[1.1995,43.5692],[1.1612,43.5746],[1.1564,43.5568],[1.1122,43.5567],[1.1186,43.5456],[1.0972,43.5333],[1.0877,43.5471],[1.0509,43.5414],[1.0764,43.5269],[1.0576,43.5272],[1.0503,43.5159],[1.0734,43.5061],[1.0593,43.5056],[1.0564,43.4935],[1.0459,43.4961],[1.0519,43.487],[1.0333,43.4871],[1.0175,43.4736],[1.0454,43.4591],[1.0187,43.4307],[1.0301,43.4183],[0.993,43.4095],[1.0058,43.3798],[0.9938,43.3666],[0.9776,43.3628],[0.9633,43.3875],[0.9444,43.3808],[0.9173,43.4064],[0.8205,43.417],[0.8069,43.3997],[0.7483,43.4205],[0.7592,43.4044],[0.7336,43.371],[0.7168,43.3813],[0.6658,43.3225],[0.6459,43.3118],[0.6071,43.3108],[0.6362,43.2958],[0.6164,43.2894],[0.6143,43.2774],[0.5966,43.2739],[0.5504,43.236],[0.5728,43.2333],[0.5737,43.22],[0.5521,43.2093],[0.5176,43.2126],[0.5059,43.1982],[0.5266,43.1988],[0.5222,43.1919],[0.4417,43.131],[0.4644,43.1181],[0.453,43.1113],[0.4892,43.1154],[0.5026,43.1066],[0.5008,43.0962],[0.5326,43.0938],[0.5316,43.0829],[0.5642,43.0743],[0.5529,43.0656],[0.5672,43.0374],[0.5379,43.0416],[0.5282,43.0047],[0.542,43.001],[0.5666,43.0209],[0.5915,43.0224],[0.5932,43.0355],[0.6079,43.0343],[0.6278,42.9982],[0.6114,42.9883],[0.6186,42.9729],[0.6461,42.9603],[0.5998,42.9276],[0.5759,42.8708],[0.5623,42.8608],[0.4773,42.8783],[0.4602,42.852],[0.4675,42.8467],[0.4546,42.7716],[0.4631,42.7434],[0.449,42.7339],[0.4846,42.7103],[0.4778,42.7],[0.5161,42.6913],[0.5266,42.7026],[0.5876,42.6947],[0.5971,42.7056],[0.6177,42.6958],[0.6767,42.6908],[0.6787,42.7261],[0.6641,42.7496],[0.6393,42.7549],[0.6672,42.7751],[0.6448,42.783],[0.6699,42.8023],[0.6591,42.8381],[0.678,42.8552],[0.7091,42.8614],[0.7771,42.8362],[0.8015,42.8406],[0.8581,42.8257],[0.848,42.8656],[0.8351,42.872],[0.8441,42.8898],[0.8267,42.916],[0.8844,42.9319],[0.8749,42.9578],[0.975,42.9727],[1.0034,43.005],[1.0222,43.01],[0.9859,43.0302],[0.9844,43.0447],[0.9932,43.0396],[0.9945,43.0463],[0.979,43.0726],[0.9965,43.0724],[1.0066,43.0822],[0.9911,43.0929],[1.0044,43.1044],[1.0008,43.1141],[1.0362,43.0993],[1.0535,43.1454],[1.088,43.1338],[1.1244,43.1568],[1.1463,43.1374],[1.1663,43.1301],[1.1752,43.1409],[1.2071,43.1201],[1.2236,43.0858],[1.2619,43.0917],[1.2604,43.1091],[1.3028,43.1226],[1.2739,43.1484],[1.2191,43.1526],[1.214,43.1624],[1.2322,43.1882],[1.2512,43.1833],[1.2741,43.1963],[1.3212,43.1901],[1.3276,43.2047],[1.3745,43.2139],[1.3833,43.2293],[1.3735,43.2447],[1.3398,43.2442],[1.3184,43.2512],[1.3306,43.2627],[1.2937,43.2639],[1.3023,43.2723],[1.2925,43.2889],[1.3027,43.2863],[1.305,43.2985],[1.318,43.2957],[1.3318,43.3159],[1.3731,43.3101],[1.3632,43.3076],[1.376,43.2884],[1.4288,43.2544],[1.4161,43.2263],[1.4678,43.2089],[1.4868,43.2277],[1.5091,43.222],[1.4925,43.2368],[1.5045,43.2493],[1.4895,43.2585],[1.4965,43.2932],[1.5063,43.286],[1.5124,43.2937],[1.5179,43.2893],[1.5186,43.2693],[1.5462,43.2774],[1.5649,43.2534],[1.5713,43.2762],[1.6373,43.2555],[1.6357,43.237],[1.6553,43.244],[1.6499,43.261],[1.6736,43.2815],[1.6884,43.2735]]]},"properties":{"shapeName":"Haute-Garonne","shapeISO":"","shapeID":"29444166B14857210007928","shapeGroup":"FRA","shapeType":"ADM2"}},
{"type":"Feature","geometry":{"type":"Polygon","coordinates":[[[0.9537,43.7874],[0.9241,43.7929],[0.9155,43.7842],[0.8977,43.7865],[0.9257,43.8316],[0.8952,43.8398],[0.8949,43.8501],[0.9123,43.8495],[0.8837,43.8746],[0.883,43.8884],[0.9024,43.9007],[0.8634,43.9238],[0.8428,43.9146],[0.8094,43.9327],[0.7699,43.9222],[0.7601,43.9364],[0.7585,43.945],[0.7853,43.9554],[0.7951,43.9755],[0.8275,43.9966],[0.8126,44.0246],[0.8254,44.0301],[0.8417,44.0246],[0.8646,44.0387],[0.8195,44.0565],[0.7638,44.0298],[0.7518,44.0666],[0.7419,44.0652],[0.7077,44.0584],[0.6634,44.0241],[0.6542,44.0425],[0.5919,44.08],[0.5554,44.0547],[0.5116,44.0634],[0.5046,44.0507],[0.4856,44.0592],[0.4841,44.0527],[0.4596,44.0555],[0.4426,44.0287],[0.397,44.0224],[0.3814,44.0064],[0.3581,44.017],[0.3157,44.01],[0.3179,43.9947],[0.3029,43.991],[0.2329,44.0091],[0.2354,44.0212],[0.2142,44.0231],[0.1644,43.9951],[0.1568,43.9726],[0.1386,43.9747],[0.1419,43.9945],[0.1273,44.0023],[0.1172,43.9879],[0.0759,43.9829],[0.069,43.9653],[0.0552,43.9599],[0.0765,43.9157],[0.0586,43.8968],[0.0309,43.9005],[-0.0239,43.9298],[0.0058,43.9437],[0.0067,43.9538],[-0.0362,43.9837],[-0.0441,43.9628],[-0.0594,43.961],[-0.0702,43.945],[-0.0935,43.9484],[-0.0954,43.9292],[-0.1074,43.9286],[-0.1259,43.9445],[-0.1356,43.936],[-0.1527,43.94],[-0.1614,43.9273],[-0.1797,43.9389],[-0.1994,43.9151],[-0.218,43.907],[-0.2244,43.9143],[-0.2403,43.8979],[-0.1905,43.8808],[-0.1852,43.8633],[-0.1961,43.8719],[-0.2087,43.8576],[-0.1881,43.8325],[-0.1984,43.8292],[-0.1917,43.8104],[-0.2272,43.8086],[-0.2064,43.7593],[-0.2185,43.7504],[-0.1976,43.7477],[-0.194,43.7368],[-0.2505,43.708],[-0.2386,43.6931],[-0.2581,43.6737],[-0.2396,43.6711],[-0.2424,43.6551],[-0.2631,43.653],[-0.2637,43.636],[-0.2821,43.6429],[-0.2776,43.616],[-0.2472,43.6158],[-0.2545,43.5971],[-0.2425,43.5848],[-0.2108,43.5932],[-0.2047,43.5836],[-0.1766,43.5968],[-0.1609,43.5806],[-0.1215,43.5869],[-0.0971,43.5822],[-0.0974,43.5896],[-0.0769,43.5901],[-0.0739,43.6065],[-0.0447,43.6133],[-0.0395,43.6056],[-0.015,43.6055],[-0.0026,43.5657],[0.0158,43.5434],[0.0293,43.5451],[0.0426,43.5351],[0.0527,43.5173],[0.0808,43.5243],[0.0897,43.5104],[0.1166,43.515],[0.1347,43.4665],[0.1496,43.4655],[0.1662,43.4446],[0.1322,43.424],[0.1531,43.3994],[0.1738,43.4028],[0.1818,43.3712],[0.1995,43.3756],[0.2063,43.368],[0.2324,43.3679],[0.2981,43.3885],[0.3082,43.3674],[0.3272,43.373],[0.3319,43.3432],[0.3892,43.3561],[0.3993,43.3502],[0.3963,43.3334],[0.4107,43.3296],[0.4431,43.3279],[0.4452,43.3407],[0.4942,43.3251],[0.5079,43.3341],[0.5515,43.3297],[0.6071,43.3108],[0.6459,43.3118],[0.6658,43.3225],[0.7168,43.3813],[0.7336,43.371],[0.7592,43.4044],[0.7483,43.4205],[0.8069,43.3997],[0.8205,43.417],[0.9173,43.4064],[0.9444,43.3808],[0.9633,43.3875],[0.9776,43.3628],[0.9938,43.3666],[1.0058,43.3798],[0.993,43.4095],[1.0301,43.4183],[1.0187,43.4307],[1.0454,43.4591],[1.0175,43.4736],[1.0333,43.4871],[1.0519,43.487],[1.0459,43.4961],[1.0564,43.4935],[1.0593,43.5056],[1.0734,43.5061],[1.0503,43.5159],[1.0576,43.5272],[1.0764,43.5269],[1.0509,43.5414],[1.0877,43.5471],[1.0972,43.5333],[1.1186,43.5456],[1.1122,43.5567],[1.1564,43.5568],[1.1612,43.5746],[1.1995,43.5692],[1.1943,43.6034],[1.1801,43.6148],[1.1589,43.6054],[1.1427,43.6215],[1.1406,43.6421],[1.112,43.637],[1.0878,43.6451],[1.1009,43.6611],[1.0749,43.6618],[1.0486,43.6755],[1.0642,43.7028],[1.0253,43.712],[1.0236,43.7226],[0.9895,43.7396],[0.9755,43.7611],[0.966,43.76],[0.9537,43.7874]]]},"properties":{"shapeName":"Gers","shapeISO":"","shapeID":"29444166B47069974768565","shapeGroup":"FRA","shapeType":"ADM2"}},
{"type":"Feature","geometry":{"type":"MultiPolygon","coordinates":[[[[-1.0163,44.6553],[-1.0263,44.6624],[-1.0321,44.6501],[-1.0111,44.6502],[-1.0163,44.6553]]],[[[-1.2568,44.5675],[-1.2536,44.5654],[-1.2454,44.5691],[-1.2447,44.5712],[-1.2462,44.5688],[-1.2508,44.5698],[-1.2529,44.5721],[-1.2376,44.5885],[-1.2539,44.5718],[-1.2568,44.5675]]],[[[-1.1887,44.7],[-1.1806,44.6921],[-1.1663,44.6956],[-1.176,44.7045],[-1.1887,44.7]]],[[[-1.0257,45.5747],[-1.0922,45.5656],[-1.1005,45.5409],[-1.1523,45.484],[-1.1616,45.2962],[-1.2601,44.6307],[-1.2451,44.6213],[-1.2291,44.7007],[-1.173,44.7457],[-1.1799,44.7588],[-1.1623,44.7809],[-1.1512,44.764],[-1.0927,44.736],[-1.0363,44.6936],[-1.0693,44.6961],[-1.0498,44.6821],[-1.0382,44.6858],[-1.0449,44.6813],[-1.0222,44.678],[-0.9977,44.6484],[-1.0012,44.6432],[-1.0182,44.6494],[-1.0171,44.64],[-1.0393,44.6538],[-1.0525,44.6436],[-1.0741,44.6462],[-1.0758,44.6395],[-1.1122,44.6468],[-1.1193,44.6395],[-1.1179,44.6473],[-1.1402,44.6483],[-1.1438,44.638],[-1.1437,44.6604],[-1.1935,44.6599],[-1.2109,44.5997],[-1.2561,44.5346],[-1.2536,44.4675],[-1.1074,44.5025],[-1.0851,44.5324],[-1.0265,44.5071],[-0.9876,44.5081],[-0.9806,44.4828],[-1.0073,44.4366],[-1.0292,44.4228],[-0.9191,44.4435],[-0.8431,44.4184],[-0.81,44.4203],[-0.7805,44.4281],[-0.781,44.4405],[-0.7293,44.4482],[-0.6927,44.4406],[-0.6762,44.4573],[-0.6441,44.4505],[-0.6277,44.4429],[-0.6255,44.4124],[-0.6424,44.4001],[-0.5285,44.3648],[-0.5096,44.3362],[-0.479,44.325],[-0.4318,44.3226],[-0.4311,44.3007],[-0.3833,44.2864],[-0.3966,44.2366],[-0.3896,44.2095],[-0.2718,44.1939],[-0.2233,44.2059],[-0.226,44.2648],[-0.203,44.2642],[-0.1939,44.2716],[-0.1407,44.2264],[-0.1232,44.2406],[-0.1082,44.231],[-0.0882,44.2363],[-0.0742,44.2524],[-0.067,44.2464],[-0.0534,44.2658],[-0.033,44.2717],[-0.0437,44.2936],[-0.0348,44.2967],[-0.0858,44.3376],[-0.0788,44.3537],[-0.0288,44.3602],[-0.0124,44.372],[0.015,44.3667],[0.0237,44.3762],[0.0073,44.382],[0.0186,44.3896],[-0.0141,44.4186],[0.0081,44.4491],[-0.0132,44.4606],[-0.0156,44.5055],[0.0181,44.5299],[-0.0014,44.552],[0.0206,44.5417],[0.036,44.554],[0.0699,44.5488],[0.0821,44.5841],[0.151,44.6087],[0.1395,44.6407],[0.1652,44.6331],[0.183,44.6601],[0.1627,44.6706],[0.1343,44.6661],[0.1343,44.6824],[0.1028,44.6859],[0.1048,44.7075],[0.1179,44.713],[0.1332,44.7045],[0.1403,44.7373],[0.1506,44.7301],[0.1751,44.7337],[0.1845,44.7491],[0.2012,44.7223],[0.2195,44.7246],[0.2099,44.7405],[0.2264,44.7645],[0.2556,44.7502],[0.297,44.7624],[0.2711,44.7853],[0.2638,44.8265],[0.2868,44.823],[0.3151,44.8454],[0.2775,44.8675],[0.2379,44.8721],[0.2425,44.8581],[0.1902,44.8203],[0.1473,44.8294],[0.1112,44.819],[0.108,44.8319],[0.0978,44.8332],[0.0715,44.8187],[0.0392,44.8278],[0.0221,44.8497],[-0.0342,44.8522],[-0.0103,44.8583],[0.0343,44.9146],[0.0033,44.9477],[0.0138,44.979],[0.0306,44.9761],[0.0437,45.035],[0.0733,45.0701],[0.0443,45.1157],[-0.0076,45.1192],[-0.0405,45.1026],[-0.0636,45.0993],[-0.0933,45.1213],[-0.1419,45.0901],[-0.1907,45.094],[-0.2588,45.1146],[-0.2801,45.1435],[-0.3077,45.1497],[-0.3134,45.1374],[-0.3203,45.1561],[-0.3515,45.1701],[-0.3636,45.1703],[-0.3835,45.1436],[-0.4209,45.2086],[-0.4052,45.2397],[-0.4073,45.2476],[-0.425,45.2484],[-0.4154,45.2691],[-0.4259,45.2787],[-0.4743,45.2941],[-0.514,45.286],[-0.5662,45.2955],[-0.5689,45.3314],[-0.5869,45.3445],[-0.5963,45.3204],[-0.6445,45.315],[-0.644,45.322],[-0.7137,45.3279],[-0.7527,45.3218],[-0.774,45.3692],[-0.8456,45.4399],[-1.0257,45.5747]]]]},"properties":{"shapeName":"Gironde","shapeISO":"","shapeID":"29444166B86553747081520","shapeGroup":"FRA","shapeType":"ADM2"}},
{"type":"Feature","geometry":{"type":"Polygon","coordinates":[[[3.2401,43.2128],[3.3386,43.2668],[3.4064,43.2887],[3.4323,43.2898],[3.4439,43.2796],[3.5047,43.2686],[3.4955,43.2798],[3.5105,43.285],[3.5063,43.2678],[3.5306,43.291],[3.5221,43.2905],[3.523,43.2957],[3.53,43.2913],[3.6388,43.3811],[3.6632,43.3935],[3.7019,43.3942],[3.7001,43.4026],[3.7147,43.3989],[3.7278,43.4176],[3.7529,43.4278],[3.748,43.4185],[3.7529,43.4258],[3.7776,43.4303],[3.773,43.4349],[3.7778,43.4342],[3.7776,43.4294],[3.8454,43.4827],[3.9124,43.5199],[3.9774,43.5398],[3.9705,43.5439],[3.975,43.5467],[3.9771,43.5405],[4.007,43.5519],[4.0482,43.5573],[4.0815,43.5519],[4.0777,43.5579],[4.0818,43.5603],[4.0811,43.5532],[4.1013,43.5547],[4.1081,43.5702],[4.0747,43.5886],[4.1502,43.5854],[4.1496,43.5979],[4.1938,43.6421],[4.1435,43.7361],[4.1154,43.7372],[4.0851,43.7683],[4.0674,43.765],[4.0534,43.7724],[4.0536,43.7856],[4.0184,43.8076],[4.001,43.8129],[3.9745,43.8015],[3.9592,43.805],[3.9806,43.8431],[3.9221,43.8584],[3.9169,43.8879],[3.8977,43.8777],[3.8568,43.8771],[3.8519,43.8675],[3.8307,43.8664],[3.8039,43.8792],[3.7997,43.8912],[3.828,43.9226],[3.8271,43.9358],[3.7955,43.9423],[3.7877,43.9668],[3.7322,43.972],[3.6856,43.9538],[3.6898,43.9394],[3.6758,43.9315],[3.6714,43.9096],[3.6409,43.9156],[3.6478,43.9017],[3.6393,43.8962],[3.6388,43.9161],[3.6236,43.9169],[3.5824,43.8773],[3.5749,43.8655],[3.6005,43.8494],[3.5789,43.8436],[3.5595,43.8563],[3.5282,43.8541],[3.5127,43.8962],[3.4834,43.8924],[3.4623,43.8717],[3.4318,43.863],[3.4221,43.8727],[3.4419,43.8875],[3.4232,43.9127],[3.3582,43.9137],[3.343,43.8943],[3.265,43.8953],[3.2346,43.8616],[3.2517,43.8438],[3.2491,43.8297],[3.2128,43.8134],[3.1498,43.8135],[3.0865,43.8359],[3.0619,43.8341],[3.0636,43.809],[3.0487,43.8005],[3.076,43.7685],[3.0525,43.7458],[3.0535,43.7163],[3.0694,43.7068],[3.0618,43.6937],[3.0273,43.6926],[2.9849,43.709],[2.9354,43.6946],[2.919,43.6876],[2.9198,43.6624],[2.9074,43.6542],[2.879,43.6573],[2.8735,43.645],[2.8132,43.6411],[2.7949,43.6245],[2.7545,43.614],[2.7206,43.6453],[2.6846,43.6538],[2.6523,43.649],[2.6456,43.6605],[2.6286,43.6101],[2.6143,43.5998],[2.6316,43.5842],[2.6157,43.5667],[2.6764,43.5135],[2.6584,43.517],[2.6563,43.4824],[2.668,43.47],[2.665,43.462],[2.6384,43.4672],[2.6463,43.4591],[2.6179,43.4382],[2.6056,43.4409],[2.6067,43.4314],[2.5658,43.4227],[2.5934,43.4126],[2.5928,43.4037],[2.5595,43.3932],[2.5572,43.3661],[2.5396,43.3459],[2.5516,43.3343],[2.5857,43.3335],[2.6171,43.2843],[2.6319,43.2984],[2.6594,43.2927],[2.6892,43.3229],[2.7059,43.2988],[2.7049,43.2747],[2.7246,43.2732],[2.7524,43.2548],[2.7723,43.2577],[2.7911,43.2926],[2.8182,43.3095],[2.8055,43.3198],[2.8686,43.3297],[2.8758,43.3403],[2.8554,43.3732],[2.8694,43.3832],[2.8695,43.3735],[2.8902,43.3657],[2.8842,43.3346],[2.8919,43.3274],[2.9141,43.3196],[2.9214,43.326],[2.9459,43.3119],[3.004,43.3199],[3.0108,43.2738],[3.0256,43.2823],[3.0544,43.2799],[3.079,43.2613],[3.111,43.2533],[3.12,43.2615],[3.1425,43.2591],[3.1436,43.2472],[3.1573,43.2422],[3.199,43.2501],[3.2401,43.2128]]]},"properties":{"shapeName":"Hérault","shapeISO":"","shapeID":"29444166B6585722780804","shapeGroup":"FRA","shapeType":"ADM2"}},
{"type":"Feature","geometry":{"type":"MultiPolygon","coordinates":[[[[-2.007,48.5657],[-2.0133,48.5712],[-1.9956,48.5824],[-2.0276,48.5973],[-2.0184,48.605],[-2.0358,48.6002],[-2.0297,48.6239],[-2.0545,48.6261],[-2.0478,48.6392],[-2.0773,48.6411],[-2.0946,48.6337],[-2.1037,48.6392],[-2.1033,48.6329],[-2.1127,48.6454],[-2.1238,48.6354],[-2.1505,48.6351],[-2.1238,48.6045],[-2.1245,48.5892],[-2.0942,48.5706],[-2.0444,48.5642],[-2.0538,48.5541],[-2.0446,48.5418],[-2.007,48.5657]]],[[[-2.2876,48.1338],[-2.2535,48.1064],[-2.256,48.0631],[-2.2345,48.0633],[-2.2372,48.0751],[-2.2196,48.0809],[-2.1809,48.0832],[-2.1685,48.0762],[-2.1886,48.0526],[-2.2423,48.0529],[-2.2636,48.0401],[-2.2798,48.0262],[-2.2746,48.0107],[-2.2876,47.9916],[-2.2369,47.9998],[-2.1915,47.991],[-2.1785,47.9799],[-2.144,47.984],[-2.0784,47.9192],[-2.0859,47.9036],[-2.1057,47.9023],[-2.1007,47.8957],[-2.1157,47.8902],[-2.0957,47.8617],[-2.1096,47.8489],[-2.0912,47.8434],[-2.0549,47.8687],[-2.0516,47.8406],[-2.0353,47.8328],[-2.0494,47.8171],[-2.0704,47.8118],[-2.0738,47.7891],[-2.1282,47.7688],[-2.1271,47.761],[-2.0845,47.7628],[-2.0838,47.75],[-2.0619,47.7514],[-2.0577,47.7427],[-2.1071,47.7375],[-2.1314,47.7223],[-2.1186,47.7083],[-2.1225,47.6829],[-2.1036,47.6758],[-2.114,47.6482],[-2.0959,47.647],[-2.094,47.6396],[-2.1048,47.6385],[-2.0967,47.6317],[-2.0817,47.65],[-2.0512,47.6499],[-2.0389,47.6697],[-2.0127,47.6662],[-1.9736,47.6944],[-1.9695,47.6736],[-1.9565,47.6712],[-1.9379,47.6862],[-1.8778,47.6955],[-1.8593,47.7082],[-1.8276,47.7108],[-1.7709,47.6983],[-1.7517,47.7075],[-1.7223,47.6983],[-1.7036,47.7005],[-1.7073,47.7144],[-1.6576,47.7094],[-1.6382,47.7223],[-1.6231,47.7635],[-1.5942,47.7671],[-1.5868,47.7797],[-1.5291,47.7848],[-1.5032,47.8017],[-1.4713,47.803],[-1.4785,47.8358],[-1.4235,47.8328],[-1.4055,47.8244],[-1.3935,47.8293],[-1.365,47.7987],[-1.2461,47.7767],[-1.2381,47.8098],[-1.216,47.8317],[-1.2229,47.8524],[-1.1891,47.8672],[-1.1968,47.8891],[-1.1761,47.8974],[-1.1555,47.9654],[-1.1253,47.9716],[-1.125,47.9868],[-1.0493,47.9846],[-1.0156,48.0034],[-1.035,48.0336],[-1.0214,48.0684],[-1.0497,48.09],[-1.0641,48.1608],[-1.0744,48.1593],[-1.0808,48.1756],[-1.0738,48.2007],[-1.0873,48.2093],[-1.0805,48.2195],[-1.102,48.2627],[-1.0904,48.2894],[-1.0451,48.3278],[-1.0651,48.3673],[-1.0535,48.3828],[-1.0836,48.4337],[-1.0652,48.4514],[-1.0639,48.4673],[-1.079,48.4818],[-1.0701,48.5088],[-1.1172,48.5217],[-1.1542,48.5192],[-1.1699,48.5312],[-1.1929,48.5288],[-1.2068,48.5423],[-1.2173,48.5368],[-1.2519,48.5438],[-1.2728,48.5339],[-1.279,48.5093],[-1.3009,48.4989],[-1.3268,48.4987],[-1.3287,48.4862],[-1.3406,48.4903],[-1.3451,48.4725],[-1.3698,48.4604],[-1.428,48.4617],[-1.4498,48.4875],[-1.4899,48.4893],[-1.5157,48.5376],[-1.533,48.5462],[-1.519,48.5667],[-1.5316,48.5809],[-1.5431,48.5799],[-1.5373,48.5989],[-1.5709,48.6262],[-1.7687,48.6023],[-1.8224,48.6102],[-1.8539,48.6218],[-1.8721,48.6465],[-1.8626,48.6678],[-1.8357,48.6806],[-1.8492,48.6948],[-1.8436,48.7126],[-1.9046,48.6899],[-1.9322,48.6937],[-1.9369,48.7027],[-1.9381,48.6944],[-1.96,48.6894],[-1.9369,48.6841],[-1.9895,48.6841],[-1.9897,48.6637],[-2.0292,48.6511],[-2.0319,48.6421],[-2.0191,48.64],[-2.0314,48.6347],[-2.0135,48.6274],[-2.0151,48.6141],[-2.001,48.6153],[-2.0125,48.5983],[-1.9973,48.6036],[-1.9978,48.5901],[-1.9614,48.5925],[-1.9546,48.5759],[-1.9872,48.5846],[-1.9726,48.5653],[-1.9776,48.5561],[-1.9605,48.5504],[-1.9698,48.5357],[-1.9462,48.5402],[-1.9318,48.5509],[-1.9223,48.5448],[-1.9106,48.5126],[-1.923,48.4982],[-1.909,48.4816],[-1.9288,48.4764],[-1.9278,48.4531],[-1.9517,48.4398],[-1.9363,48.4198],[-1.9431,48.4009],[-1.93,48.3948],[-1.9399,48.3931],[-1.9474,48.3671],[-1.929,48.3471],[-1.9669,48.343],[-1.9539,48.3157],[-1.9683,48.3033],[-1.9572,48.2937],[-1.9667,48.2912],[-1.9751,48.3017],[-1.9936,48.299],[-2.0052,48.2921],[-2.0021,48.2807],[-2.0143,48.2797],[-2.0504,48.2904],[-2.0532,48.2983],[-2.0801,48.2933],[-2.0806,48.2773],[-2.1143,48.2714],[-2.0957,48.2664],[-2.111,48.2577],[-2.1065,48.2519],[-2.1527,48.2621],[-2.1841,48.2497],[-2.1839,48.2103],[-2.2278,48.2112],[-2.2183,48.2042],[-2.2233,48.1729],[-2.249,48.1564],[-2.2361,48.1445],[-2.2705,48.1516],[-2.2876,48.1338]]]]},"properties":{"shapeName":"Ille-et-Vilaine","shapeISO":"","shapeID":"29444166B68700463469318","shapeGroup":"FRA","shapeType":"ADM2"}},
{"type":"Feature","geometry":{"type":"Polygon","coordinates":[[[1.839,47.2197],[1.7959,47.2379],[1.7756,47.2315],[1.7159,47.277],[1.7042,47.265],[1.6673,47.2572],[1.6446,47.2644],[1.6514,47.2733],[1.5924,47.2765],[1.5929,47.2578],[1.524,47.2553],[1.5309,47.2185],[1.5028,47.2351],[1.4576,47.2398],[1.3266,47.1864],[1.3467,47.1688],[1.366,47.1229],[1.3436,47.1006],[1.3177,47.1042],[1.3122,47.0719],[1.2934,47.0724],[1.2691,47.0495],[1.277,47.0395],[1.2533,47.0218],[1.232,47.0142],[1.2231,47.0244],[1.169,47.0408],[1.0837,47.0211],[1.0736,47.003],[1.0556,46.996],[1.0499,46.9806],[1.0647,46.9556],[1.0355,46.94],[1.0103,46.8145],[0.9836,46.8038],[1.004,46.7933],[1.0117,46.7578],[0.9831,46.7642],[0.9537,46.7367],[0.9265,46.7573],[0.8674,46.7482],[0.8771,46.738],[0.9018,46.7364],[0.9277,46.696],[0.9025,46.6794],[0.9179,46.6505],[0.9064,46.6486],[0.8939,46.6269],[0.9107,46.6017],[0.9377,46.5945],[0.9412,46.581],[0.9638,46.5715],[1.0144,46.5678],[1.0223,46.5361],[1.0921,46.5375],[1.1463,46.5058],[1.1334,46.4977],[1.1576,46.4695],[1.1352,46.471],[1.1518,46.4486],[1.1865,46.4411],[1.1868,46.4282],[1.2132,46.4331],[1.1775,46.3839],[1.1914,46.3765],[1.21,46.3899],[1.219,46.3656],[1.2606,46.379],[1.3037,46.3711],[1.3229,46.3851],[1.3147,46.3958],[1.3562,46.4002],[1.4093,46.3613],[1.4156,46.3469],[1.4403,46.3564],[1.4349,46.3647],[1.4457,46.3747],[1.4665,46.3756],[1.4781,46.3942],[1.4979,46.3945],[1.5227,46.4267],[1.5443,46.4191],[1.5464,46.3932],[1.5788,46.4105],[1.5956,46.4086],[1.6093,46.4231],[1.6226,46.4186],[1.6145,46.3995],[1.6277,46.3883],[1.6435,46.3853],[1.6837,46.4182],[1.7027,46.3969],[1.7272,46.3892],[1.7505,46.4056],[1.7597,46.4261],[1.7546,46.4523],[1.7981,46.4552],[1.8195,46.43],[1.8397,46.4258],[1.9096,46.4438],[1.9239,46.4318],[1.9786,46.4416],[1.9946,46.4307],[2.074,46.42],[2.089,46.4089],[2.1034,46.4096],[2.1154,46.4222],[2.1681,46.424],[2.1539,46.4341],[2.1515,46.4578],[2.1929,46.4702],[2.2044,46.4844],[2.1585,46.5573],[2.1747,46.5645],[2.1671,46.5892],[2.1861,46.604],[2.1795,46.6277],[2.1894,46.6422],[2.1758,46.651],[2.1626,46.6464],[2.1631,46.6541],[2.1392,46.6643],[2.1364,46.677],[2.1482,46.6772],[2.1555,46.6922],[2.1182,46.7103],[2.0871,46.7124],[2.0926,46.7256],[2.072,46.7351],[2.0667,46.7516],[2.0952,46.7551],[2.1164,46.7799],[2.0427,46.8401],[2.0763,46.8347],[2.0965,46.8552],[2.0828,46.8686],[2.1262,46.8799],[2.155,46.9117],[2.1464,46.9176],[2.1103,46.9132],[2.0704,46.9344],[2.0702,46.9544],[2.0882,46.9604],[2.0919,46.9883],[2.1089,46.9972],[2.0513,47.0421],[2.0288,47.0456],[2.0553,47.0718],[2.0488,47.1068],[2.0245,47.1044],[2.0289,47.0951],[2.0033,47.0942],[2.0126,47.1113],[1.9998,47.1143],[1.9964,47.1272],[1.9637,47.1246],[1.9236,47.1019],[1.9048,47.1089],[1.883,47.1006],[1.8271,47.1218],[1.8039,47.119],[1.7737,47.131],[1.8234,47.1738],[1.8423,47.1777],[1.839,47.2197]]]},"properties":{"shapeName":"Indre","shapeISO":"","shapeID":"29444166B54615812601715","shapeGroup":"FRA","shapeType":"ADM2"}},
{"type":"Feature","geometry":{"type":"Polygon","coordinates":[[[1.3266,47.1864],[1.2946,47.2374],[1.2431,47.2741],[1.2411,47.2882],[1.2231,47.2941],[1.1942,47.283],[1.1741,47.2886],[1.162,47.2722],[1.1273,47.2978],[1.1079,47.2986],[1.0948,47.3287],[1.1231,47.3537],[1.1044,47.3702],[1.1235,47.392],[1.0849,47.4297],[1.1137,47.428],[1.1335,47.449],[1.1128,47.4661],[1.0854,47.4641],[1.0946,47.4694],[1.0657,47.5053],[1.07,47.523],[1.0448,47.5318],[1.0779,47.5622],[1.0771,47.5723],[1.0635,47.5664],[1.0329,47.6081],[1.0122,47.6038],[0.997,47.5841],[0.984,47.6054],[0.9918,47.6202],[0.9193,47.6327],[0.8922,47.6115],[0.899,47.6037],[0.8608,47.5993],[0.8502,47.6246],[0.8633,47.632],[0.8437,47.6455],[0.8671,47.6908],[0.8279,47.6768],[0.788,47.6799],[0.7388,47.6962],[0.7034,47.6831],[0.6747,47.6993],[0.6482,47.6841],[0.6538,47.699],[0.6396,47.7099],[0.6149,47.6941],[0.6148,47.6829],[0.5867,47.6692],[0.5583,47.6708],[0.5515,47.6592],[0.5166,47.6568],[0.4984,47.6446],[0.464,47.6456],[0.4501,47.6194],[0.4242,47.6179],[0.3826,47.6434],[0.3647,47.6202],[0.3835,47.6101],[0.4024,47.5785],[0.3785,47.5684],[0.3395,47.5795],[0.3221,47.5954],[0.2777,47.5974],[0.253,47.6135],[0.2299,47.6085],[0.2346,47.5781],[0.2152,47.5732],[0.1931,47.5381],[0.2143,47.5238],[0.2261,47.5266],[0.22,47.5019],[0.1811,47.4533],[0.1809,47.4163],[0.1535,47.3988],[0.1695,47.3959],[0.1672,47.3855],[0.183,47.3804],[0.1404,47.3619],[0.1475,47.346],[0.1175,47.3323],[0.0786,47.2839],[0.0886,47.2754],[0.0679,47.2455],[0.0792,47.2168],[0.0536,47.1993],[0.0665,47.1897],[0.0539,47.1637],[0.0656,47.1431],[0.0784,47.1464],[0.0812,47.1185],[0.1044,47.1207],[0.1112,47.1304],[0.1271,47.1198],[0.1407,47.1247],[0.1352,47.1071],[0.1619,47.1001],[0.1824,47.1151],[0.2012,47.0913],[0.1745,47.0718],[0.1761,47.0606],[0.1923,47.0654],[0.2139,47.0541],[0.2442,47.0715],[0.2678,47.0677],[0.2598,47.0555],[0.2682,47.0424],[0.3053,47.0527],[0.3103,47.0257],[0.2986,47.0197],[0.313,46.9981],[0.2914,46.9903],[0.3056,46.9864],[0.3013,46.9559],[0.325,46.9305],[0.3665,46.9499],[0.4386,46.9295],[0.4449,46.9413],[0.5052,46.96],[0.5994,46.9562],[0.6013,46.9731],[0.574,46.9832],[0.5676,47.0065],[0.6183,47.0076],[0.6333,46.9869],[0.6929,46.9741],[0.7048,46.9029],[0.7527,46.8602],[0.7709,46.8644],[0.7678,46.8512],[0.796,46.8501],[0.7867,46.8407],[0.809,46.828],[0.8148,46.7888],[0.8282,46.7868],[0.8281,46.7771],[0.8674,46.7482],[0.9265,46.7573],[0.9537,46.7367],[0.9831,46.7642],[1.0117,46.7578],[1.004,46.7933],[0.9836,46.8038],[1.0103,46.8145],[1.0355,46.94],[1.0647,46.9556],[1.0499,46.9806],[1.0556,46.996],[1.0736,47.003],[1.0837,47.0211],[1.169,47.0408],[1.2231,47.0244],[1.232,47.0142],[1.2533,47.0218],[1.277,47.0395],[1.2691,47.0495],[1.2934,47.0724],[1.3122,47.0719],[1.3177,47.1042],[1.3436,47.1006],[1.366,47.1229],[1.3467,47.1688],[1.3266,47.1864]]]},"properties":{"shapeName":"Indre-et-Loire ","shapeISO":"","shapeID":"29444166B19195541270637","shapeGroup":"FRA","shapeType":"ADM2"}},
{"type":"Feature","geometry":{"type":"Polygon","coordinates":[[[5.1015,45.8136],[5.0892,45.7845],[5.0591,45.792],[5.0661,45.7677],[5.0958,45.7693],[5.0943,45.7393],[5.1392,45.7312],[5.1593,45.7154],[5.1547,45.7004],[5.1311,45.7078],[5.1048,45.7006],[5.108,45.6881],[5.0604,45.6664],[5.0582,45.6535],[5.0381,45.6449],[5.037,45.613],[5.0046,45.6232],[4.9888,45.6185],[5.0015,45.6142],[4.9981,45.6034],[4.9709,45.6132],[4.9013,45.6063],[4.8596,45.591],[4.8578,45.5765],[4.8291,45.5883],[4.7769,45.5875],[4.8725,45.529],[4.8422,45.5008],[4.7815,45.4717],[4.7793,45.4548],[4.7571,45.4556],[4.7596,45.4329],[4.742,45.4156],[4.7584,45.3903],[4.7555,45.3661],[4.7742,45.3527],[4.7621,45.3426],[4.762,45.3238],[4.8004,45.2984],[4.8589,45.3086],[4.8587,45.2984],[4.8797,45.2968],[4.9288,45.3239],[4.995,45.344],[5.0093,45.3423],[5.0228,45.3177],[5.0543,45.3191],[5.0754,45.2818],[5.1377,45.2977],[5.122,45.2456],[5.1414,45.243],[5.1604,45.2551],[5.1569,45.2472],[5.1767,45.2486],[5.2017,45.2174],[5.1793,45.2174],[5.1644,45.2006],[5.19,45.1697],[5.1918,45.1544],[5.1813,45.1481],[5.191,45.14],[5.1871,45.1203],[5.1542,45.0793],[5.1376,45.0814],[5.1343,45.0747],[5.1485,45.0769],[5.1626,45.0656],[5.1813,45.0843],[5.2085,45.0841],[5.2691,45.0546],[5.2928,45.0638],[5.3188,45.0514],[5.3411,45.0619],[5.346,45.048],[5.3857,45.0348],[5.3973,45.0383],[5.381,45.0512],[5.3868,45.0585],[5.3915,45.0463],[5.4137,45.0449],[5.4257,45.0563],[5.4358,45.0545],[5.4616,45.0866],[5.4832,45.0839],[5.4942,45.0717],[5.4749,45.0703],[5.465,45.0447],[5.4936,44.9961],[5.4777,44.9668],[5.4837,44.9223],[5.4638,44.826],[5.4851,44.8229],[5.4619,44.7949],[5.5547,44.7675],[5.5498,44.7945],[5.5818,44.778],[5.5884,44.7623],[5.6263,44.7533],[5.6523,44.7226],[5.6988,44.7221],[5.7043,44.7294],[5.7561,44.6959],[5.8015,44.7068],[5.8297,44.7425],[5.8271,44.7597],[5.8819,44.7467],[5.9001,44.7584],[5.9196,44.7514],[5.9375,44.7637],[5.9511,44.7596],[5.9529,44.7711],[5.9803,44.7813],[5.9777,44.7909],[5.9495,44.8044],[5.9792,44.8186],[6.0055,44.8205],[6.0214,44.8374],[6.0565,44.8158],[6.1115,44.8437],[6.1329,44.8645],[6.1685,44.8522],[6.1964,44.859],[6.25,44.8519],[6.2694,44.8705],[6.295,44.8742],[6.3234,44.8523],[6.3546,44.854],[6.3588,44.9413],[6.3229,44.953],[6.3295,44.9692],[6.3148,44.9802],[6.3235,44.9991],[6.3064,45.0048],[6.2534,44.9952],[6.2039,45.0125],[6.2189,45.0645],[6.2444,45.0715],[6.2288,45.1084],[6.2606,45.1268],[6.2656,45.1399],[6.25,45.1509],[6.2229,45.1408],[6.212,45.1549],[6.1808,45.1648],[6.1624,45.1513],[6.1438,45.1546],[6.1619,45.1884],[6.1595,45.2024],[6.1385,45.2127],[6.1417,45.223],[6.1271,45.2319],[6.141,45.2613],[6.1307,45.2849],[6.1539,45.3113],[6.1868,45.3199],[6.1948,45.3522],[6.1708,45.3574],[6.1919,45.3696],[6.1311,45.4353],[6.0947,45.4316],[6.0924,45.4443],[6.0496,45.4379],[6.0085,45.4536],[6.0095,45.4736],[5.9661,45.4923],[5.9155,45.4766],[5.9257,45.4638],[5.921,45.4436],[5.904,45.4325],[5.9035,45.4074],[5.9283,45.4164],[5.91,45.3905],[5.8914,45.3907],[5.8878,45.4029],[5.8539,45.4175],[5.8153,45.423],[5.7976,45.4385],[5.7405,45.4364],[5.7363,45.4725],[5.7191,45.4838],[5.7133,45.5072],[5.7006,45.5086],[5.6923,45.5274],[5.6698,45.538],[5.6809,45.5415],[5.6745,45.5595],[5.6465,45.5774],[5.6237,45.6133],[5.5864,45.6671],[5.552,45.6732],[5.5473,45.6987],[5.5668,45.6841],[5.5737,45.6947],[5.5519,45.7022],[5.5468,45.7131],[5.5273,45.7153],[5.4235,45.8068],[5.421,45.8213],[5.4356,45.8287],[5.4136,45.8522],[5.3536,45.8829],[5.3022,45.8485],[5.2717,45.7931],[5.2262,45.7697],[5.1901,45.7724],[5.1789,45.792],[5.1511,45.8054],[5.1161,45.8111],[5.1094,45.7981],[5.1015,45.8136]]]},"properties":{"shapeName":"Isère","shapeISO":"","shapeID":"29444166B91645868350210","shapeGroup":"FRA","shapeType":"ADM2"}},
{"type":"Feature","geometry":{"type":"Polygon","coordinates":[[[6.0639,46.4164],[6.0864,46.4439],[6.0728,46.4654],[6.0969,46.4813],[6.1213,46.5175],[6.1535,46.5368],[6.1567,46.5453],[6.138,46.5578],[6.1244,46.5576],[6.0485,46.6078],[6.0649,46.6133],[6.0593,46.6261],[6.106,46.6505],[6.0698,46.6897],[6.1783,46.7404],[6.1837,46.7551],[6.2072,46.7652],[6.2033,46.7728],[6.1516,46.8211],[6.1055,46.8456],[6.0867,46.8432],[6.0649,46.8604],[6.047,46.8457],[6.0227,46.8526],[6.0307,46.8742],[6.019,46.8681],[6.0058,46.8731],[6.0087,46.8957],[5.9815,46.908],[5.9971,46.9335],[5.9564,46.9486],[5.9795,46.9635],[5.976,46.9761],[5.944,46.9799],[5.9495,46.9901],[5.9178,46.9794],[5.9218,47.0145],[5.8971,46.9957],[5.8765,47.0059],[5.8467,47.0034],[5.8396,47.0155],[5.8137,47.0174],[5.8111,47.0469],[5.7978,47.0431],[5.7914,47.0223],[5.7632,47.0114],[5.743,47.0226],[5.7531,47.0398],[5.7366,47.0553],[5.7637,47.0446],[5.7847,47.0549],[5.7709,47.0945],[5.7877,47.0959],[5.8282,47.1412],[5.8134,47.15],[5.8102,47.17],[5.7851,47.1706],[5.7804,47.1928],[5.7615,47.1935],[5.7539,47.2064],[5.7376,47.2015],[5.6987,47.2649],[5.6759,47.2757],[5.6415,47.2559],[5.6235,47.2528],[5.6017,47.262],[5.5775,47.2526],[5.5717,47.2687],[5.5561,47.2685],[5.559,47.2781],[5.5316,47.2841],[5.5184,47.3041],[5.5054,47.2831],[5.4883,47.2892],[5.478,47.2562],[5.4863,47.2434],[5.4739,47.231],[5.4805,47.2183],[5.4451,47.1997],[5.4592,47.1828],[5.4385,47.1415],[5.4085,47.1268],[5.4109,47.1148],[5.3857,47.082],[5.3354,47.0781],[5.284,47.0482],[5.2754,47.0269],[5.3183,47.0127],[5.2742,46.9985],[5.2553,46.9799],[5.2651,46.958],[5.252,46.9443],[5.2644,46.9376],[5.262,46.9274],[5.2893,46.9415],[5.3083,46.9385],[5.3286,46.8876],[5.3513,46.8935],[5.362,46.8828],[5.3995,46.8927],[5.4018,46.8685],[5.4445,46.8517],[5.4497,46.8565],[5.4344,46.8614],[5.4608,46.8547],[5.4653,46.8408],[5.4628,46.8274],[5.4166,46.8268],[5.408,46.8333],[5.3692,46.826],[5.3515,46.8137],[5.3392,46.8261],[5.3421,46.8196],[5.3271,46.8153],[5.3329,46.7956],[5.3711,46.7862],[5.3717,46.7766],[5.3902,46.7706],[5.3667,46.7521],[5.361,46.7313],[5.3936,46.7286],[5.3941,46.7082],[5.4084,46.6986],[5.3953,46.685],[5.4213,46.6734],[5.4272,46.6602],[5.4131,46.6541],[5.4414,46.6372],[5.4187,46.6162],[5.3961,46.6112],[5.4143,46.6005],[5.4057,46.5816],[5.3672,46.5797],[5.3679,46.5669],[5.3559,46.562],[5.3584,46.5197],[5.4207,46.5015],[5.4178,46.4761],[5.3981,46.4666],[5.384,46.4712],[5.3733,46.4601],[5.3233,46.4625],[5.3106,46.4469],[5.3246,46.4285],[5.2988,46.4131],[5.3341,46.397],[5.3414,46.402],[5.3626,46.3944],[5.3779,46.3822],[5.3624,46.3699],[5.3772,46.364],[5.3801,46.3458],[5.402,46.339],[5.4048,46.3101],[5.4235,46.3477],[5.4371,46.3151],[5.4658,46.3237],[5.4753,46.3154],[5.4565,46.2748],[5.4737,46.2643],[5.5417,46.2698],[5.5654,46.2938],[5.5964,46.2963],[5.6117,46.3255],[5.6323,46.3311],[5.6434,46.3448],[5.644,46.325],[5.7146,46.309],[5.7252,46.2607],[5.768,46.2682],[5.8529,46.2614],[5.864,46.2714],[5.8695,46.2649],[5.8946,46.2866],[5.9091,46.2838],[5.9218,46.3124],[5.9414,46.3088],[5.984,46.3639],[6.0147,46.3764],[6.0639,46.4164]]]},"properties":{"shapeName":"Jura","shapeISO":"","shapeID":"29444166B73543866728585","shapeGroup":"FRA","shapeType":"ADM2"}},
{"type":"Feature","geometry":{"type":"Polygon","coordinates":[[[0.0759,43.9829],[0.0602,44.0247],[0.0759,44.03],[0.083,44.0637],[0.1054,44.0784],[0.1014,44.0875],[0.1365,44.1086],[0.1361,44.1242],[0.0346,44.1307],[-0.004,44.1499],[-0.1289,44.1524],[-0.1295,44.2041],[-0.1407,44.2264],[-0.1939,44.2716],[-0.203,44.2642],[-0.226,44.2648],[-0.2233,44.2059],[-0.2718,44.1939],[-0.3896,44.2095],[-0.3966,44.2366],[-0.3833,44.2864],[-0.4311,44.3007],[-0.4318,44.3226],[-0.479,44.325],[-0.5096,44.3362],[-0.5285,44.3648],[-0.6424,44.4001],[-0.6255,44.4124],[-0.6277,44.4429],[-0.6441,44.4505],[-0.6762,44.4573],[-0.6927,44.4406],[-0.7293,44.4482],[-0.781,44.4405],[-0.7805,44.4281],[-0.81,44.4203],[-0.8431,44.4184],[-0.9191,44.4435],[-1.0292,44.4228],[-1.0073,44.4366],[-0.9806,44.4828],[-0.9876,44.5081],[-1.0265,44.5071],[-1.0851,44.5324],[-1.1074,44.5025],[-1.2536,44.4675],[-1.3239,44.0893],[-1.4387,43.7076],[-1.4453,43.6465],[-1.5209,43.5288],[-1.494,43.5285],[-1.477,43.5395],[-1.461,43.5331],[-1.4658,43.5163],[-1.4312,43.5145],[-1.4178,43.497],[-1.3677,43.4951],[-1.3251,43.5051],[-1.2911,43.4982],[-1.1843,43.5472],[-1.1307,43.519],[-1.1329,43.5098],[-1.1718,43.5052],[-1.1689,43.4922],[-1.1532,43.4969],[-1.1451,43.4874],[-1.1094,43.5141],[-1.0875,43.5109],[-1.0813,43.5231],[-1.0689,43.5083],[-1.0466,43.5143],[-1.0238,43.5017],[-0.9926,43.5044],[-0.9892,43.5313],[-1.0012,43.5383],[-0.9485,43.5321],[-0.9396,43.5386],[-0.9262,43.5319],[-0.9203,43.5448],[-0.8942,43.5508],[-0.8472,43.5419],[-0.8426,43.5538],[-0.8195,43.5614],[-0.8033,43.5562],[-0.7683,43.5795],[-0.7178,43.5406],[-0.7082,43.5413],[-0.7077,43.5601],[-0.6874,43.5573],[-0.641,43.5748],[-0.6582,43.5559],[-0.6334,43.5543],[-0.6142,43.5376],[-0.5966,43.5384],[-0.5668,43.5583],[-0.5521,43.5433],[-0.449,43.5962],[-0.4314,43.5844],[-0.4479,43.5666],[-0.4635,43.5667],[-0.4494,43.55],[-0.3944,43.5693],[-0.3361,43.5506],[-0.3042,43.5598],[-0.3011,43.5712],[-0.2905,43.5682],[-0.2831,43.5862],[-0.2425,43.5848],[-0.2545,43.5971],[-0.2472,43.6158],[-0.2776,43.616],[-0.2821,43.6429],[-0.2637,43.636],[-0.2631,43.653],[-0.2424,43.6551],[-0.2396,43.6711],[-0.2581,43.6737],[-0.2386,43.6931],[-0.2505,43.708],[-0.194,43.7368],[-0.1976,43.7477],[-0.2185,43.7504],[-0.2064,43.7593],[-0.2272,43.8086],[-0.1917,43.8104],[-0.1984,43.8292],[-0.1881,43.8325],[-0.2087,43.8576],[-0.1961,43.8719],[-0.1852,43.8633],[-0.1905,43.8808],[-0.2403,43.8979],[-0.2244,43.9143],[-0.218,43.907],[-0.1994,43.9151],[-0.1797,43.9389],[-0.1614,43.9273],[-0.1527,43.94],[-0.1356,43.936],[-0.1259,43.9445],[-0.1074,43.9286],[-0.0954,43.9292],[-0.0935,43.9484],[-0.0702,43.945],[-0.0594,43.961],[-0.0441,43.9628],[-0.0362,43.9837],[0.0067,43.9538],[0.0058,43.9437],[-0.0239,43.9298],[0.0309,43.9005],[0.0586,43.8968],[0.0765,43.9157],[0.0552,43.9599],[0.069,43.9653],[0.0759,43.9829]]]},"properties":{"shapeName":"Landes","shapeISO":"","shapeID":"29444166B39932690726806","shapeGroup":"FRA","shapeType":"ADM2"}},
{"type":"Feature","geometry":{"type":"Polygon","coordinates":[[[2.2386,47.6206],[2.2412,47.6412],[2.2199,47.668],[2.2053,47.6612],[2.2034,47.6786],[2.149,47.6704],[2.127,47.6784],[2.1106,47.6695],[2.1078,47.6765],[2.0745,47.6822],[2.0664,47.6742],[2.0088,47.6787],[1.9962,47.6639],[1.9637,47.6578],[1.94,47.659],[1.9367,47.6796],[1.9029,47.6716],[1.8904,47.6791],[1.866,47.6746],[1.8586,47.6924],[1.8435,47.6863],[1.8452,47.6571],[1.8101,47.6534],[1.7943,47.6361],[1.7785,47.6432],[1.7817,47.6523],[1.7397,47.6618],[1.7136,47.7334],[1.6753,47.7387],[1.6265,47.761],[1.6135,47.7365],[1.5826,47.7267],[1.6005,47.7413],[1.5477,47.7696],[1.5708,47.7968],[1.5258,47.8201],[1.5354,47.8406],[1.5484,47.8412],[1.5906,47.8788],[1.5749,47.8985],[1.5817,47.9021],[1.5224,47.9321],[1.5266,47.9454],[1.555,47.9532],[1.5476,47.9655],[1.5668,47.9744],[1.5647,47.9897],[1.5201,47.9823],[1.4392,48.012],[1.4374,47.9769],[1.4086,47.9699],[1.3869,47.9813],[1.3697,47.9538],[1.3459,47.9652],[1.3438,47.9574],[1.3086,47.9539],[1.2996,47.9682],[1.2653,47.9619],[1.2466,47.9799],[1.1965,47.9677],[1.2027,47.9774],[1.1871,48.0025],[1.1591,48.0177],[1.166,48.0284],[1.1228,48.0358],[1.1064,48.0603],[1.1122,48.0807],[1.0695,48.0757],[1.0627,48.0868],[0.9953,48.0878],[0.991,48.0971],[1.0038,48.1056],[1.046,48.1177],[1.0405,48.132],[1.0035,48.1305],[0.9486,48.0979],[0.944,48.1125],[0.9102,48.1032],[0.8765,48.1097],[0.8411,48.1029],[0.8123,48.095],[0.8383,48.089],[0.8482,48.0946],[0.8436,48.073],[0.7939,48.0697],[0.7934,48.0486],[0.808,48.0317],[0.8424,48.0302],[0.8187,47.9867],[0.8489,47.9414],[0.8136,47.9319],[0.8118,47.8885],[0.79,47.9121],[0.7596,47.8996],[0.7592,47.8592],[0.7747,47.8397],[0.7457,47.8276],[0.712,47.7872],[0.6913,47.7834],[0.7038,47.7678],[0.6771,47.7696],[0.6259,47.7515],[0.6089,47.7252],[0.5806,47.7129],[0.5955,47.688],[0.6149,47.6941],[0.6396,47.7099],[0.6538,47.699],[0.6482,47.6841],[0.6747,47.6993],[0.7034,47.6831],[0.7388,47.6962],[0.788,47.6799],[0.8279,47.6768],[0.8671,47.6908],[0.8437,47.6455],[0.8633,47.632],[0.8502,47.6246],[0.8608,47.5993],[0.899,47.6037],[0.8922,47.6115],[0.9193,47.6327],[0.9918,47.6202],[0.984,47.6054],[0.997,47.5841],[1.0122,47.6038],[1.0329,47.6081],[1.0635,47.5664],[1.0771,47.5723],[1.0779,47.5622],[1.0448,47.5318],[1.07,47.523],[1.0657,47.5053],[1.0946,47.4694],[1.0854,47.4641],[1.1128,47.4661],[1.1335,47.449],[1.1137,47.428],[1.0849,47.4297],[1.1235,47.392],[1.1044,47.3702],[1.1231,47.3537],[1.0948,47.3287],[1.1079,47.2986],[1.1273,47.2978],[1.162,47.2722],[1.1741,47.2886],[1.1942,47.283],[1.2231,47.2941],[1.2411,47.2882],[1.2431,47.2741],[1.2946,47.2374],[1.3266,47.1864],[1.4576,47.2398],[1.5028,47.2351],[1.5309,47.2185],[1.524,47.2553],[1.5929,47.2578],[1.5924,47.2765],[1.6514,47.2733],[1.6446,47.2644],[1.6673,47.2572],[1.7042,47.265],[1.7159,47.277],[1.7756,47.2315],[1.7959,47.2379],[1.839,47.2197],[1.8522,47.2223],[1.8722,47.2055],[1.9033,47.2149],[1.9164,47.2357],[1.8935,47.2529],[1.9244,47.2648],[1.943,47.2912],[1.9982,47.264],[2.0246,47.2648],[2.0779,47.2859],[2.1291,47.2795],[2.1576,47.2983],[2.1493,47.3189],[2.1316,47.3207],[2.1287,47.3337],[2.1195,47.3329],[2.1275,47.3443],[2.1138,47.3701],[2.0969,47.3668],[2.115,47.4218],[2.1374,47.4057],[2.1889,47.4378],[2.2051,47.4053],[2.231,47.4078],[2.2437,47.4148],[2.2479,47.4414],[2.235,47.4517],[2.2452,47.4582],[2.237,47.4713],[2.2477,47.4917],[2.2279,47.4969],[2.1962,47.4878],[2.2155,47.5221],[2.1965,47.5482],[2.1289,47.5512],[2.1196,47.5832],[2.1527,47.6011],[2.2386,47.6206]]]},"properties":{"shapeName":"Loir-et-Cher","shapeISO":"","shapeID":"29444166B49073830062787","shapeGroup":"FRA","shapeType":"ADM2"}},
{"type":"Feature","geometry":{"type":"Polygon","coordinates":[[[3.694,45.9307],[3.7245,45.9213],[3.7544,45.8861],[3.7351,45.8707],[3.7155,45.8705],[3.7285,45.8627],[3.7188,45.8483],[3.7284,45.8313],[3.7116,45.7995],[3.6884,45.7915],[3.7318,45.7745],[3.7388,45.7664],[3.7271,45.7555],[3.7459,45.7411],[3.7578,45.7469],[3.7809,45.7247],[3.7768,45.6912],[3.8232,45.6327],[3.8582,45.6251],[3.8609,45.6155],[3.9351,45.5786],[3.9545,45.5558],[3.946,45.5444],[3.9619,45.506],[3.9847,45.4954],[3.9835,45.4823],[3.9664,45.472],[3.9751,45.4483],[3.9599,45.4436],[3.9631,45.4356],[3.9141,45.4226],[3.8985,45.4103],[3.8891,45.3934],[3.8975,45.357],[3.9084,45.3333],[3.9224,45.3466],[3.9148,45.354],[3.9353,45.359],[3.9364,45.3722],[3.9488,45.3764],[3.9604,45.367],[3.9776,45.3758],[4.0198,45.3276],[4.0213,45.3504],[4.0459,45.3557],[4.0708,45.3361],[4.0813,45.3585],[4.108,45.3547],[4.1196,45.3695],[4.1551,45.3635],[4.1597,45.3728],[4.1439,45.3842],[4.1781,45.3928],[4.202,45.3814],[4.2266,45.3902],[4.2445,45.3852],[4.2572,45.37],[4.2711,45.3746],[4.2716,45.3584],[4.2872,45.3557],[4.2952,45.3677],[4.3028,45.3608],[4.3081,45.3714],[4.3302,45.3692],[4.3681,45.3371],[4.3317,45.3185],[4.3514,45.3033],[4.3717,45.3015],[4.3494,45.2743],[4.3875,45.2552],[4.4017,45.2698],[4.4344,45.2751],[4.4831,45.2366],[4.5092,45.2312],[4.5097,45.2449],[4.5407,45.2346],[4.5404,45.2435],[4.6016,45.2505],[4.6061,45.2628],[4.5909,45.2737],[4.598,45.2895],[4.6239,45.2923],[4.6147,45.3116],[4.6412,45.3172],[4.6386,45.3264],[4.6622,45.3404],[4.7555,45.3661],[4.7584,45.3903],[4.742,45.4156],[4.7596,45.4329],[4.7571,45.4556],[4.7386,45.4728],[4.7392,45.4871],[4.7224,45.4942],[4.6985,45.4773],[4.6764,45.482],[4.6714,45.4734],[4.6706,45.4837],[4.6516,45.4911],[4.6505,45.5318],[4.6831,45.5508],[4.6803,45.5679],[4.6491,45.5651],[4.6594,45.5434],[4.6448,45.5406],[4.6145,45.5754],[4.5872,45.5706],[4.5676,45.5837],[4.521,45.5727],[4.5048,45.5766],[4.5049,45.5873],[4.4694,45.585],[4.4727,45.5974],[4.449,45.6061],[4.4418,45.6231],[4.4102,45.6318],[4.3927,45.6626],[4.3662,45.6712],[4.3736,45.6906],[4.3657,45.6985],[4.4031,45.7447],[4.3909,45.7551],[4.3592,45.7512],[4.348,45.7696],[4.3587,45.7836],[4.3603,45.7776],[4.38,45.7841],[4.374,45.8051],[4.389,45.8066],[4.3758,45.8249],[4.3906,45.8375],[4.3823,45.8448],[4.3947,45.8651],[4.3633,45.8641],[4.3426,45.877],[4.3234,45.9035],[4.346,45.9156],[4.3352,45.9167],[4.3458,45.9303],[4.3003,45.947],[4.2907,45.9722],[4.2528,45.9837],[4.2437,45.9972],[4.2692,46.0013],[4.2713,45.9878],[4.2872,45.9992],[4.2995,45.9891],[4.3124,46.005],[4.3059,46.0217],[4.2776,46.0223],[4.2505,46.0501],[4.2859,46.0538],[4.3005,46.0652],[4.3225,46.1308],[4.3618,46.1387],[4.3771,46.15],[4.4173,46.136],[4.4331,46.1571],[4.4335,46.1728],[4.396,46.1893],[4.4216,46.209],[4.407,46.2207],[4.3873,46.22],[4.3894,46.213],[4.3628,46.1999],[4.3707,46.1843],[4.3268,46.185],[4.3158,46.1707],[4.2911,46.1718],[4.281,46.1561],[4.2499,46.1582],[4.2635,46.1754],[4.2547,46.1881],[4.2249,46.1777],[4.2078,46.1949],[4.185,46.19],[4.187,46.1746],[4.1332,46.1773],[4.1038,46.1986],[4.0596,46.1884],[4.0294,46.1692],[3.9899,46.1691],[3.971,46.1891],[3.9727,46.2028],[3.918,46.2029],[3.8901,46.2145],[3.91,46.2479],[3.8995,46.2759],[3.8778,46.2759],[3.8677,46.2624],[3.8034,46.2582],[3.8027,46.2385],[3.7693,46.2413],[3.7966,46.207],[3.7888,46.1858],[3.8087,46.1646],[3.7898,46.1551],[3.8021,46.1307],[3.7931,46.1122],[3.8215,46.0898],[3.8051,46.0531],[3.8321,45.9997],[3.8235,45.9871],[3.7988,45.9842],[3.7877,45.9731],[3.7562,45.9831],[3.7421,45.9659],[3.7097,45.9742],[3.694,45.9307]]]},"properties":{"shapeName":"Loire","shapeISO":"","shapeID":"29444166B11036857103617","shapeGroup":"FRA","shapeType":"ADM2"}},
{"type":"Feature","geometry":{"type":"Polygon","coordinates":[[[4.4831,45.2366],[4.4344,45.2751],[4.4017,45.2698],[4.3875,45.2552],[4.3494,45.2743],[4.3717,45.3015],[4.3514,45.3033],[4.3317,45.3185],[4.3681,45.3371],[4.3302,45.3692],[4.3081,45.3714],[4.3028,45.3608],[4.2952,45.3677],[4.2872,45.3557],[4.2716,45.3584],[4.2711,45.3746],[4.2572,45.37],[4.2445,45.3852],[4.2266,45.3902],[4.202,45.3814],[4.1781,45.3928],[4.1439,45.3842],[4.1597,45.3728],[4.1551,45.3635],[4.1196,45.3695],[4.108,45.3547],[4.0813,45.3585],[4.0708,45.3361],[4.0459,45.3557],[4.0213,45.3504],[4.0198,45.3276],[3.9776,45.3758],[3.9604,45.367],[3.9488,45.3764],[3.9364,45.3722],[3.9353,45.359],[3.9148,45.354],[3.9224,45.3466],[3.9084,45.3333],[3.8975,45.357],[3.8706,45.3554],[3.8463,45.3705],[3.8374,45.3659],[3.8362,45.3831],[3.8223,45.3801],[3.8049,45.3921],[3.7852,45.3705],[3.7901,45.3539],[3.7407,45.3528],[3.7297,45.3613],[3.6999,45.3595],[3.7075,45.3757],[3.6889,45.3735],[3.6796,45.3842],[3.6699,45.3834],[3.6638,45.3615],[3.6449,45.3593],[3.6449,45.3511],[3.6186,45.3375],[3.5897,45.3575],[3.5706,45.4021],[3.5565,45.3916],[3.5288,45.3989],[3.5076,45.41],[3.5013,45.4276],[3.4798,45.4211],[3.4626,45.4016],[3.4202,45.3974],[3.3785,45.4007],[3.356,45.4226],[3.3407,45.4215],[3.3275,45.3967],[3.3201,45.4132],[3.2983,45.4204],[3.2896,45.4008],[3.2539,45.3886],[3.2359,45.3947],[3.2184,45.3693],[3.1815,45.3648],[3.1809,45.3511],[3.1037,45.3541],[3.1161,45.3337],[3.0905,45.3225],[3.1141,45.31],[3.1049,45.3002],[3.0842,45.299],[3.0823,45.2897],[3.1178,45.2842],[3.161,45.2953],[3.1647,45.2686],[3.1908,45.281],[3.2232,45.2771],[3.2211,45.2441],[3.234,45.2377],[3.235,45.2204],[3.2731,45.2086],[3.2608,45.1708],[3.267,45.1543],[3.2821,45.1516],[3.2735,45.1452],[3.288,45.1205],[3.2997,45.1254],[3.362,45.1042],[3.3284,45.0948],[3.3018,45.1074],[3.2823,45.1031],[3.2898,45.0868],[3.315,45.0851],[3.2993,45.0612],[3.3004,45.0312],[3.3109,45.0204],[3.327,45.0306],[3.3371,45.0254],[3.3247,45.0098],[3.3473,45.0144],[3.3497,45.0017],[3.3703,45.005],[3.3645,44.9904],[3.3455,44.986],[3.3479,44.9739],[3.3613,44.9714],[3.3729,44.9757],[3.3716,44.9603],[3.3906,44.9504],[3.4044,44.9571],[3.4207,44.8949],[3.4587,44.8394],[3.4561,44.8292],[3.4798,44.809],[3.4907,44.8077],[3.5062,44.8241],[3.5617,44.8249],[3.5707,44.8358],[3.5896,44.8266],[3.5935,44.8766],[3.6302,44.8809],[3.6535,44.8762],[3.6727,44.8566],[3.6721,44.8433],[3.6576,44.8361],[3.6632,44.8298],[3.6983,44.831],[3.7009,44.837],[3.7223,44.8309],[3.7434,44.8386],[3.7617,44.8012],[3.771,44.8035],[3.7987,44.7861],[3.809,44.7652],[3.8312,44.7768],[3.8421,44.7721],[3.8299,44.7547],[3.8626,44.744],[3.8696,44.755],[3.8933,44.7513],[3.9002,44.7644],[3.9249,44.7698],[3.9105,44.7787],[3.923,44.7778],[3.9368,44.7954],[3.9448,44.8246],[3.9631,44.8296],[3.9881,44.8114],[3.9821,44.8324],[3.9911,44.8337],[4.0004,44.8197],[4.0054,44.8381],[4.0135,44.8267],[4.0277,44.8321],[4.0201,44.8459],[4.0342,44.8718],[4.071,44.8666],[4.1164,44.8792],[4.1566,44.8732],[4.1793,44.8871],[4.1819,44.9084],[4.2165,44.9335],[4.227,44.9657],[4.236,44.9704],[4.2524,44.9588],[4.3143,44.9728],[4.2905,44.9963],[4.3019,45.0264],[4.3411,45.0259],[4.3811,45.0396],[4.3775,45.0551],[4.3648,45.0537],[4.3458,45.0676],[4.367,45.089],[4.3593,45.0997],[4.3995,45.1045],[4.4001,45.1184],[4.3694,45.1285],[4.3739,45.144],[4.423,45.1373],[4.4361,45.1086],[4.4383,45.1221],[4.4572,45.1189],[4.4431,45.1448],[4.4807,45.1956],[4.4773,45.2132],[4.4908,45.2235],[4.4831,45.2366]]]},"properties":{"shapeName":"Haute-Loire","shapeISO":"","shapeID":"29444166B92097492937040","shapeGroup":"FRA","shapeType":"ADM2"}},
{"type":"Feature","geometry":{"type":"Polygon","coordinates":[[[-2.0967,47.6317],[-2.0837,47.6116],[-2.1035,47.5933],[-2.0988,47.5335],[-2.156,47.522],[-2.1543,47.4964],[-2.1642,47.4892],[-2.1922,47.4967],[-2.1846,47.5122],[-2.2438,47.4939],[-2.2656,47.5018],[-2.2549,47.5116],[-2.2985,47.5159],[-2.3172,47.4612],[-2.353,47.4544],[-2.3682,47.4643],[-2.3986,47.456],[-2.4168,47.4603],[-2.4231,47.4772],[-2.4532,47.4625],[-2.4588,47.4481],[-2.4458,47.4359],[-2.4581,47.4235],[-2.4327,47.4139],[-2.463,47.4112],[-2.4675,47.422],[-2.5596,47.3741],[-2.5282,47.3637],[-2.5078,47.3429],[-2.5043,47.3166],[-2.5146,47.3036],[-2.4731,47.2994],[-2.4684,47.2938],[-2.4804,47.2932],[-2.47,47.2841],[-2.5025,47.2849],[-2.5248,47.302],[-2.5448,47.2984],[-2.546,47.2903],[-2.432,47.2581],[-2.4165,47.2607],[-2.4279,47.2773],[-2.4239,47.2837],[-2.4229,47.2741],[-2.4007,47.281],[-2.3738,47.2783],[-2.3466,47.2651],[-2.3498,47.2556],[-2.2984,47.2332],[-2.2674,47.2387],[-2.2536,47.2532],[-2.2289,47.2559],[-2.2096,47.2705],[-2.2023,47.2665],[-2.187,47.2807],[-2.1704,47.2687],[-2.171,47.2406],[-2.1818,47.2356],[-2.159,47.2086],[-2.1643,47.1757],[-2.1768,47.1568],[-2.2138,47.1568],[-2.2471,47.1321],[-2.1443,47.1118],[-2.1115,47.1083],[-2.0988,47.1153],[-2.1061,47.107],[-2.0536,47.095],[-1.9755,47.0288],[-1.9425,46.9945],[-1.9167,46.9921],[-1.9172,46.9748],[-1.8991,46.9607],[-1.8281,46.953],[-1.8322,46.9322],[-1.7457,46.9284],[-1.7372,46.8959],[-1.7229,46.8838],[-1.6866,46.8907],[-1.6653,46.8748],[-1.6047,46.8756],[-1.5485,46.8601],[-1.5463,46.8749],[-1.5274,46.8729],[-1.5008,46.8834],[-1.546,46.9253],[-1.5291,46.9227],[-1.5187,46.9347],[-1.5555,46.9788],[-1.5425,47.0014],[-1.5516,47.019],[-1.5245,47.0232],[-1.4924,47.0422],[-1.4723,47.0314],[-1.4601,46.9922],[-1.4769,46.9821],[-1.4574,46.9545],[-1.4719,46.9332],[-1.4584,46.926],[-1.3649,46.957],[-1.359,46.9812],[-1.3781,46.9916],[-1.3629,47.0055],[-1.3784,47.0317],[-1.3663,47.0419],[-1.3418,47.0398],[-1.3456,47.0459],[-1.3005,47.0342],[-1.288,47.0761],[-1.2704,47.085],[-1.2015,47.0403],[-1.1484,47.0295],[-1.1174,47.0399],[-1.1153,47.0627],[-1.1542,47.0718],[-1.1696,47.0933],[-1.2494,47.0978],[-1.2245,47.1187],[-1.2389,47.1372],[-1.2047,47.145],[-1.1617,47.1779],[-1.1622,47.1874],[-1.1784,47.1936],[-1.1745,47.2144],[-1.1888,47.2201],[-1.1812,47.2408],[-1.198,47.253],[-1.2302,47.2395],[-1.2545,47.248],[-1.2781,47.2707],[-1.2748,47.2905],[-1.2963,47.3063],[-1.3542,47.3042],[-1.2969,47.3386],[-1.1887,47.3523],[-1.1658,47.3665],[-1.0165,47.365],[-0.9749,47.3713],[-0.9467,47.387],[-0.9613,47.4183],[-0.9467,47.4281],[-0.968,47.4686],[-0.9589,47.4812],[-0.9662,47.4924],[-1.0064,47.488],[-1.0445,47.5056],[-1.0387,47.5483],[-1.0605,47.556],[-1.0556,47.5653],[-1.0419,47.5623],[-1.0427,47.5692],[-1.0191,47.5767],[-1.0104,47.5933],[-1.0713,47.6046],[-1.1007,47.6207],[-1.1377,47.6191],[-1.1575,47.6356],[-1.1603,47.6613],[-1.1821,47.6643],[-1.1749,47.6951],[-1.1895,47.6992],[-1.1816,47.7035],[-1.195,47.708],[-1.1954,47.7218],[-1.2152,47.7189],[-1.2554,47.7312],[-1.2556,47.7426],[-1.2417,47.7429],[-1.2338,47.7564],[-1.2499,47.765],[-1.2461,47.7767],[-1.365,47.7987],[-1.3935,47.8293],[-1.4055,47.8244],[-1.4235,47.8328],[-1.4785,47.8358],[-1.4713,47.803],[-1.5032,47.8017],[-1.5291,47.7848],[-1.5868,47.7797],[-1.5942,47.7671],[-1.6231,47.7635],[-1.6382,47.7223],[-1.6576,47.7094],[-1.7073,47.7144],[-1.7036,47.7005],[-1.7223,47.6983],[-1.7517,47.7075],[-1.7709,47.6983],[-1.8276,47.7108],[-1.8593,47.7082],[-1.8778,47.6955],[-1.9379,47.6862],[-1.9565,47.6712],[-1.9695,47.6736],[-1.9736,47.6944],[-2.0127,47.6662],[-2.0389,47.6697],[-2.0512,47.6499],[-2.0817,47.65],[-2.0967,47.6317]]]},"properties":{"shapeName":"Loire-Atlantique","shapeISO":"","shapeID":"29444166B39405184226314","shapeGroup":"FRA","shapeType":"ADM2"}},
{"type":"Feature","geometry":{"type":"Polygon","coordinates":[[[2.8745,47.5203],[2.8486,47.5377],[2.8566,47.5527],[2.8731,47.5452],[2.8739,47.5528],[2.9048,47.5563],[2.9143,47.566],[2.9588,47.5575],[2.9765,47.5695],[2.9361,47.5994],[2.9452,47.6084],[2.9323,47.6271],[2.9539,47.6459],[2.9182,47.6698],[2.9262,47.682],[2.8792,47.7038],[2.8789,47.7204],[2.8608,47.7102],[2.8484,47.7171],[2.859,47.7495],[2.8519,47.7578],[2.9095,47.7695],[2.9304,47.7622],[2.9882,47.786],[3.025,47.7873],[3.0122,47.8342],[3.0291,47.835],[3.0292,47.8571],[2.9946,47.8674],[3.0124,47.874],[3.0093,47.9055],[3.0505,47.9106],[3.0509,47.9242],[3.1053,47.9469],[3.1287,47.9825],[3.12,47.9865],[3.1242,48.0069],[3.0995,48.02],[3.1242,48.0311],[3.0945,48.0403],[3.0954,48.054],[3.0502,48.0722],[3.035,48.1161],[3.0159,48.1158],[3.0293,48.1333],[3.01,48.1457],[2.9947,48.1416],[2.9907,48.1527],[2.9637,48.1531],[2.9532,48.1652],[2.9366,48.1635],[2.8677,48.1566],[2.8209,48.1297],[2.8008,48.1316],[2.798,48.1509],[2.8114,48.1637],[2.7953,48.1691],[2.7552,48.1602],[2.7367,48.1661],[2.7556,48.1459],[2.7206,48.137],[2.7055,48.1231],[2.6644,48.1201],[2.6392,48.1389],[2.5747,48.1313],[2.5593,48.1418],[2.5379,48.1407],[2.5212,48.125],[2.4418,48.1248],[2.4832,48.1646],[2.506,48.1565],[2.5168,48.1668],[2.5072,48.1798],[2.523,48.1949],[2.5185,48.2283],[2.5066,48.2258],[2.5063,48.2386],[2.4842,48.2389],[2.4687,48.2553],[2.4501,48.2499],[2.4234,48.2603],[2.4234,48.2944],[2.403,48.3206],[2.3973,48.3132],[2.3583,48.3084],[2.3293,48.3328],[2.3171,48.3317],[2.2956,48.3079],[2.2668,48.3147],[2.2452,48.2982],[2.2462,48.3312],[2.2319,48.3277],[2.2041,48.3449],[2.1809,48.3115],[2.1521,48.3161],[2.1639,48.2984],[2.1104,48.297],[2.1054,48.3077],[2.0894,48.2948],[2.0527,48.2954],[2.0408,48.2846],[1.9938,48.2868],[1.9844,48.2641],[1.961,48.2472],[1.9628,48.2225],[1.9794,48.204],[1.9709,48.19],[1.9571,48.2036],[1.9514,48.1896],[1.9711,48.183],[1.971,48.1711],[1.9511,48.1756],[1.9409,48.1677],[1.9251,48.1744],[1.9142,48.1675],[1.9034,48.1528],[1.9204,48.1464],[1.9127,48.1292],[1.902,48.1313],[1.8844,48.0977],[1.8652,48.0952],[1.8659,48.0837],[1.8448,48.0892],[1.83,48.0788],[1.802,48.0894],[1.7981,48.0767],[1.7452,48.0639],[1.7385,48.0698],[1.7086,48.0672],[1.6892,48.078],[1.6701,48.0627],[1.6592,48.0767],[1.624,48.0703],[1.6196,48.0429],[1.5972,48.0432],[1.5941,48.0307],[1.5455,48.0445],[1.5472,48.0295],[1.5226,48.0345],[1.5124,48.028],[1.5266,48.0072],[1.5201,47.9823],[1.5647,47.9897],[1.5668,47.9744],[1.5476,47.9655],[1.555,47.9532],[1.5266,47.9454],[1.5224,47.9321],[1.5817,47.9021],[1.5749,47.8985],[1.5906,47.8788],[1.5484,47.8412],[1.5354,47.8406],[1.5258,47.8201],[1.5708,47.7968],[1.5477,47.7696],[1.6005,47.7413],[1.5826,47.7267],[1.6135,47.7365],[1.6265,47.761],[1.6753,47.7387],[1.7136,47.7334],[1.7397,47.6618],[1.7817,47.6523],[1.7785,47.6432],[1.7943,47.6361],[1.8101,47.6534],[1.8452,47.6571],[1.8435,47.6863],[1.8586,47.6924],[1.866,47.6746],[1.8904,47.6791],[1.9029,47.6716],[1.9367,47.6796],[1.94,47.659],[1.9637,47.6578],[1.9962,47.6639],[2.0088,47.6787],[2.0664,47.6742],[2.0745,47.6822],[2.1078,47.6765],[2.1106,47.6695],[2.127,47.6784],[2.149,47.6704],[2.2034,47.6786],[2.2053,47.6612],[2.2199,47.668],[2.2412,47.6412],[2.2386,47.6206],[2.2895,47.6291],[2.3729,47.5857],[2.4381,47.6098],[2.4914,47.5683],[2.5632,47.5721],[2.6165,47.541],[2.6153,47.5239],[2.6539,47.5123],[2.6574,47.4872],[2.6694,47.4847],[2.7247,47.494],[2.7316,47.5382],[2.7458,47.5251],[2.7853,47.5159],[2.7931,47.4977],[2.8067,47.4943],[2.8745,47.5203]]]},"properties":{"shapeName":"Loiret","shapeISO":"","shapeID":"29444166B76955339583295","shapeGroup":"FRA","shapeType":"ADM2"}},
{"type":"Feature","geometry":{"type":"Polygon","coordinates":[[[2.2078,44.6158],[2.1687,44.6389],[2.1746,44.6531],[2.1616,44.6636],[2.1793,44.6745],[2.1596,44.6974],[2.13,44.6985],[2.1545,44.7364],[2.149,44.7697],[2.1698,44.7778],[2.168,44.8107],[2.1351,44.8271],[2.1282,44.8455],[2.0837,44.8861],[2.0858,44.9041],[2.1082,44.9104],[2.0765,44.9341],[2.0806,44.954],[2.0629,44.9766],[2.0453,44.9837],[1.9908,44.9761],[1.9493,44.9526],[1.9402,44.953],[1.9392,44.9733],[1.9081,44.9781],[1.887,44.9563],[1.8428,44.9371],[1.8318,44.946],[1.8261,44.9289],[1.8002,44.9203],[1.7857,44.9369],[1.7746,44.9235],[1.7488,44.9379],[1.7507,44.9559],[1.711,44.9673],[1.7025,44.9879],[1.6301,45.0335],[1.6091,45.0289],[1.5761,45.0407],[1.5445,45.029],[1.5373,45.0467],[1.4832,45.0306],[1.464,45.0142],[1.4482,45.0194],[1.4091,45.0069],[1.4167,44.961],[1.4345,44.9447],[1.4425,44.9162],[1.4251,44.92],[1.4107,44.9089],[1.4397,44.889],[1.4407,44.8761],[1.4114,44.8727],[1.4025,44.849],[1.3658,44.8458],[1.3641,44.8116],[1.2985,44.7965],[1.2934,44.7898],[1.3048,44.7849],[1.2964,44.7767],[1.3228,44.765],[1.3158,44.7405],[1.3002,44.7444],[1.2877,44.7149],[1.2708,44.7229],[1.2246,44.6843],[1.1813,44.6833],[1.1467,44.6708],[1.1505,44.633],[1.0946,44.5923],[1.1032,44.5717],[1.0751,44.5773],[1.0703,44.5664],[1.0452,44.5624],[1.0131,44.5362],[1.0087,44.5471],[0.9815,44.5444],[1.0164,44.5055],[1.009,44.48],[1.024,44.4732],[1.0208,44.4452],[1.0325,44.4413],[1.0281,44.4342],[1.0575,44.4278],[1.0615,44.402],[1.0508,44.392],[1.0642,44.3786],[1.1036,44.3924],[1.1363,44.3934],[1.1334,44.3713],[1.105,44.3643],[1.0885,44.3711],[1.0918,44.3605],[1.0812,44.3544],[1.1162,44.338],[1.1084,44.3272],[1.1224,44.3157],[1.1606,44.3107],[1.1677,44.3028],[1.1813,44.3097],[1.1775,44.2919],[1.2044,44.2823],[1.214,44.2682],[1.2208,44.2805],[1.2478,44.2662],[1.2554,44.2857],[1.271,44.2811],[1.3042,44.2942],[1.2936,44.2728],[1.3046,44.262],[1.2845,44.2527],[1.2814,44.2357],[1.3063,44.2272],[1.3351,44.2289],[1.3576,44.2033],[1.381,44.2252],[1.4534,44.2545],[1.4717,44.2869],[1.484,44.2725],[1.5093,44.2738],[1.5268,44.2606],[1.5183,44.2492],[1.5411,44.2272],[1.5748,44.2338],[1.5871,44.2489],[1.5608,44.2794],[1.5786,44.2839],[1.5707,44.3017],[1.6168,44.2972],[1.6142,44.2806],[1.634,44.2686],[1.6523,44.2855],[1.6338,44.299],[1.6528,44.2963],[1.6603,44.2833],[1.6958,44.3125],[1.7367,44.3181],[1.7373,44.327],[1.7563,44.3257],[1.7749,44.3116],[1.7941,44.3349],[1.8265,44.3237],[1.8333,44.3356],[1.8532,44.3317],[1.882,44.3402],[1.892,44.353],[1.9089,44.3501],[1.912,44.3569],[1.8671,44.3977],[1.8734,44.4237],[1.8496,44.4361],[1.8534,44.4631],[1.8415,44.4815],[1.8842,44.4845],[1.8898,44.5058],[1.917,44.4865],[1.9127,44.505],[1.9613,44.5205],[1.9873,44.5507],[2.0325,44.5598],[2.0355,44.5716],[2.0586,44.5834],[2.0676,44.5752],[2.0608,44.5654],[2.0824,44.5873],[2.1029,44.5718],[2.1255,44.5794],[2.1331,44.5695],[2.1538,44.5718],[2.1785,44.5944],[2.1944,44.5854],[2.2019,44.5962],[2.1941,44.6001],[2.2109,44.6048],[2.2078,44.6158]]]},"properties":{"shapeName":"Lot","shapeISO":"","shapeID":"29444166B44586442299991","shapeGroup":"FRA","shapeType":"ADM2"}},
{"type":"Feature","geometry":{"type":"Polygon","coordinates":[[[0.297,44.7624],[0.2556,44.7502],[0.2264,44.7645],[0.2099,44.7405],[0.2195,44.7246],[0.2012,44.7223],[0.1845,44.7491],[0.1751,44.7337],[0.1506,44.7301],[0.1403,44.7373],[0.1332,44.7045],[0.1179,44.713],[0.1048,44.7075],[0.1028,44.6859],[0.1343,44.6824],[0.1343,44.6661],[0.1627,44.6706],[0.183,44.6601],[0.1652,44.6331],[0.1395,44.6407],[0.151,44.6087],[0.0821,44.5841],[0.0699,44.5488],[0.036,44.554],[0.0206,44.5417],[-0.0014,44.552],[0.0181,44.5299],[-0.0156,44.5055],[-0.0132,44.4606],[0.0081,44.4491],[-0.0141,44.4186],[0.0186,44.3896],[0.0073,44.382],[0.0237,44.3762],[0.015,44.3667],[-0.0124,44.372],[-0.0288,44.3602],[-0.0788,44.3537],[-0.0858,44.3376],[-0.0348,44.2967],[-0.0437,44.2936],[-0.033,44.2717],[-0.0534,44.2658],[-0.067,44.2464],[-0.0742,44.2524],[-0.0882,44.2363],[-0.1082,44.231],[-0.1232,44.2406],[-0.1407,44.2264],[-0.1295,44.2041],[-0.1289,44.1524],[-0.004,44.1499],[0.0346,44.1307],[0.1361,44.1242],[0.1365,44.1086],[0.1014,44.0875],[0.1054,44.0784],[0.083,44.0637],[0.0759,44.03],[0.0602,44.0247],[0.0759,43.9829],[0.1172,43.9879],[0.1273,44.0023],[0.1419,43.9945],[0.1386,43.9747],[0.1568,43.9726],[0.1644,43.9951],[0.2142,44.0231],[0.2354,44.0212],[0.2329,44.0091],[0.3029,43.991],[0.3179,43.9947],[0.3157,44.01],[0.3581,44.017],[0.3814,44.0064],[0.397,44.0224],[0.4426,44.0287],[0.4596,44.0555],[0.4841,44.0527],[0.4856,44.0592],[0.5046,44.0507],[0.5116,44.0634],[0.5554,44.0547],[0.5919,44.08],[0.6542,44.0425],[0.6634,44.0241],[0.7077,44.0584],[0.7419,44.0652],[0.756,44.1069],[0.775,44.1169],[0.7986,44.1106],[0.7883,44.1444],[0.8195,44.1438],[0.8672,44.1263],[0.8809,44.1297],[0.8828,44.1426],[0.8942,44.138],[0.8896,44.1724],[0.8712,44.1677],[0.8529,44.175],[0.8531,44.184],[0.8619,44.1936],[0.9062,44.1904],[0.9292,44.2304],[0.9188,44.2382],[0.934,44.2489],[0.9278,44.2672],[0.9402,44.2634],[0.9509,44.2751],[0.9258,44.2865],[0.9163,44.3023],[0.8949,44.2969],[0.869,44.3096],[0.8945,44.3425],[0.8866,44.3654],[0.8964,44.3819],[0.92,44.3844],[0.9345,44.3724],[0.9411,44.3445],[0.948,44.3608],[0.9774,44.3565],[0.9967,44.3691],[1.0483,44.3623],[1.0622,44.3655],[1.0642,44.3786],[1.0508,44.392],[1.0615,44.402],[1.0575,44.4278],[1.0281,44.4342],[1.0325,44.4413],[1.0208,44.4452],[1.024,44.4732],[1.009,44.48],[1.0164,44.5055],[0.9815,44.5444],[1.0087,44.5471],[1.0131,44.5362],[1.0452,44.5624],[1.0703,44.5664],[1.0751,44.5773],[1.073,44.5963],[1.0137,44.6144],[0.9802,44.645],[0.968,44.6345],[0.9396,44.64],[0.9008,44.6175],[0.8762,44.6157],[0.87,44.5975],[0.8337,44.5999],[0.8393,44.6137],[0.8292,44.6129],[0.817,44.6271],[0.8386,44.6356],[0.8349,44.6534],[0.8524,44.669],[0.8271,44.6733],[0.8272,44.6919],[0.7974,44.7018],[0.786,44.6849],[0.7631,44.69],[0.763,44.6787],[0.684,44.6753],[0.6587,44.6769],[0.6546,44.6968],[0.6303,44.7068],[0.6198,44.6911],[0.585,44.6991],[0.57,44.6739],[0.5481,44.6648],[0.5118,44.6789],[0.4169,44.6451],[0.3861,44.657],[0.3749,44.653],[0.3662,44.6621],[0.3525,44.6544],[0.3597,44.6905],[0.3405,44.7031],[0.3466,44.7222],[0.297,44.7624]]]},"properties":{"shapeName":"Lot-et-Garonne","shapeISO":"","shapeID":"29444166B43955208715015","shapeGroup":"FRA","shapeType":"ADM2"}},
{"type":"Feature","geometry":{"type":"Polygon","coordinates":[[[3.8626,44.744],[3.8299,44.7547],[3.8421,44.7721],[3.8312,44.7768],[3.809,44.7652],[3.7987,44.7861],[3.771,44.8035],[3.7617,44.8012],[3.7434,44.8386],[3.7223,44.8309],[3.7009,44.837],[3.6983,44.831],[3.6632,44.8298],[3.6576,44.8361],[3.6721,44.8433],[3.6727,44.8566],[3.6535,44.8762],[3.6302,44.8809],[3.5935,44.8766],[3.5896,44.8266],[3.5707,44.8358],[3.5617,44.8249],[3.5062,44.8241],[3.4907,44.8077],[3.4798,44.809],[3.4561,44.8292],[3.4587,44.8394],[3.4207,44.8949],[3.4044,44.9571],[3.3906,44.9504],[3.3716,44.9603],[3.3729,44.9757],[3.3613,44.9714],[3.3546,44.9549],[3.3372,44.9559],[3.2863,44.9264],[3.2618,44.9319],[3.2674,44.9426],[3.2417,44.9354],[3.2499,44.9163],[3.2267,44.9098],[3.2382,44.8868],[3.1994,44.8749],[3.1917,44.8623],[3.1637,44.8739],[3.1423,44.903],[3.1281,44.9036],[3.124,44.8897],[3.1158,44.8947],[3.1029,44.8864],[3.1102,44.8662],[3.0932,44.8547],[3.0993,44.8333],[3.0723,44.8376],[3.0773,44.8246],[3.0479,44.8041],[3.0493,44.763],[3.031,44.7494],[3.0269,44.7296],[3.0391,44.7151],[3.0162,44.7141],[2.9817,44.6447],[3.0321,44.5976],[3.0763,44.5726],[3.0842,44.5595],[3.0683,44.5021],[3.1369,44.4562],[3.1416,44.4262],[3.1268,44.4142],[3.1372,44.4109],[3.1405,44.3922],[3.1182,44.385],[3.1194,44.364],[3.132,44.3573],[3.1337,44.3303],[3.1542,44.3311],[3.1449,44.3182],[3.1544,44.3085],[3.1224,44.2854],[3.1202,44.2618],[3.1383,44.2639],[3.1477,44.2765],[3.1618,44.2447],[3.1885,44.2495],[3.192,44.2407],[3.2306,44.2303],[3.2038,44.19],[3.2885,44.1997],[3.2939,44.2071],[3.3621,44.2016],[3.3574,44.1932],[3.374,44.171],[3.3956,44.1686],[3.3966,44.1612],[3.4309,44.148],[3.4394,44.1293],[3.5353,44.1212],[3.5437,44.1096],[3.5642,44.1235],[3.6043,44.1153],[3.6328,44.1212],[3.636,44.1406],[3.6532,44.146],[3.6262,44.1533],[3.637,44.1763],[3.6496,44.1808],[3.6607,44.1739],[3.67,44.1865],[3.7062,44.1647],[3.7604,44.1512],[3.7649,44.141],[3.7736,44.1435],[3.797,44.1274],[3.8309,44.1375],[3.8753,44.1262],[3.8896,44.1449],[3.9095,44.1471],[3.9116,44.1601],[3.9273,44.1613],[3.9233,44.1823],[3.9742,44.1629],[3.9572,44.1938],[3.9365,44.1951],[3.9516,44.2183],[3.9463,44.2425],[3.9755,44.2588],[3.9337,44.2757],[3.94,44.2858],[3.9229,44.3052],[3.952,44.3322],[3.9346,44.3359],[3.9077,44.3752],[3.8857,44.3881],[3.9175,44.4053],[3.952,44.4016],[3.9484,44.4123],[3.9611,44.414],[3.9755,44.4431],[3.9984,44.4597],[3.9856,44.4778],[3.9888,44.5039],[3.9551,44.5666],[3.9455,44.5736],[3.9236,44.5716],[3.9182,44.5884],[3.9051,44.5926],[3.9066,44.611],[3.8937,44.6135],[3.8979,44.6442],[3.8693,44.6784],[3.8843,44.697],[3.8693,44.6973],[3.8722,44.7076],[3.8611,44.7113],[3.8775,44.7374],[3.8626,44.744]]]},"properties":{"shapeName":"Lozère","shapeISO":"","shapeID":"29444166B39231555768445","shapeGroup":"FRA","shapeType":"ADM2"}},
{"type":"Feature","geometry":{"type":"Polygon","coordinates":[[[-1.2461,47.7767],[-1.2499,47.765],[-1.2338,47.7564],[-1.2417,47.7429],[-1.2556,47.7426],[-1.2554,47.7312],[-1.2152,47.7189],[-1.1954,47.7218],[-1.195,47.708],[-1.1816,47.7035],[-1.1895,47.6992],[-1.1749,47.6951],[-1.1821,47.6643],[-1.1603,47.6613],[-1.1575,47.6356],[-1.1377,47.6191],[-1.1007,47.6207],[-1.0713,47.6046],[-1.0104,47.5933],[-1.0191,47.5767],[-1.0427,47.5692],[-1.0419,47.5623],[-1.0556,47.5653],[-1.0605,47.556],[-1.0387,47.5483],[-1.0445,47.5056],[-1.0064,47.488],[-0.9662,47.4924],[-0.9589,47.4812],[-0.968,47.4686],[-0.9467,47.4281],[-0.9613,47.4183],[-0.9467,47.387],[-0.9749,47.3713],[-1.0165,47.365],[-1.1658,47.3665],[-1.1887,47.3523],[-1.2969,47.3386],[-1.3542,47.3042],[-1.2963,47.3063],[-1.2748,47.2905],[-1.2781,47.2707],[-1.2545,47.248],[-1.2302,47.2395],[-1.198,47.253],[-1.1812,47.2408],[-1.1888,47.2201],[-1.1745,47.2144],[-1.1784,47.1936],[-1.1622,47.1874],[-1.1617,47.1779],[-1.2047,47.145],[-1.2389,47.1372],[-1.2245,47.1187],[-1.2494,47.0978],[-1.1696,47.0933],[-1.1542,47.0718],[-1.1153,47.0627],[-1.1174,47.0399],[-1.1484,47.0295],[-1.0546,47.0044],[-1.0163,47.0036],[-1.0022,47.0215],[-0.9822,47.0106],[-0.9776,47.0189],[-0.9608,46.9947],[-0.9292,47.0081],[-0.9352,47.0023],[-0.9025,46.9939],[-0.8922,46.9761],[-0.8583,46.9693],[-0.844,46.9897],[-0.8117,46.9945],[-0.8085,46.9867],[-0.7867,47.0055],[-0.7723,47.0046],[-0.7615,46.9923],[-0.743,46.992],[-0.7434,47.001],[-0.7159,46.984],[-0.6967,46.9949],[-0.6802,46.9877],[-0.6718,47.0032],[-0.6458,46.9921],[-0.5955,46.9979],[-0.5624,47.0305],[-0.5423,47.0325],[-0.5563,47.0427],[-0.5576,47.0641],[-0.493,47.0834],[-0.4595,47.082],[-0.485,47.066],[-0.4803,47.0533],[-0.4611,47.0688],[-0.427,47.073],[-0.4071,47.0665],[-0.3962,47.0916],[-0.3538,47.0954],[-0.3357,47.088],[-0.2626,47.1057],[-0.2629,47.099],[-0.2411,47.1056],[-0.2061,47.0932],[-0.1846,47.1085],[-0.1414,47.1041],[-0.1754,47.0681],[-0.1474,47.07],[-0.1288,47.0544],[-0.1021,47.0652],[-0.1013,47.0858],[-0.0859,47.101],[-0.0355,47.0867],[-0.0265,47.1061],[-0.0411,47.1137],[-0.0051,47.1618],[0.0189,47.176],[0.0363,47.16],[0.0492,47.1689],[0.0539,47.1637],[0.0665,47.1897],[0.0536,47.1993],[0.0792,47.2168],[0.0679,47.2455],[0.0886,47.2754],[0.0786,47.2839],[0.1175,47.3323],[0.1475,47.346],[0.1404,47.3619],[0.183,47.3804],[0.1672,47.3855],[0.1695,47.3959],[0.1535,47.3988],[0.1809,47.4163],[0.1811,47.4533],[0.22,47.5019],[0.2261,47.5266],[0.2143,47.5238],[0.1931,47.5381],[0.2152,47.5732],[0.2346,47.5781],[0.2299,47.6085],[0.2125,47.6125],[0.2058,47.6036],[0.2019,47.6156],[0.1857,47.6166],[0.1827,47.5966],[0.1621,47.5942],[0.1484,47.5813],[0.1157,47.6057],[0.053,47.6058],[0.0099,47.6238],[-0.0017,47.6466],[-0.0203,47.6368],[-0.0248,47.647],[-0.0547,47.6485],[-0.0735,47.6606],[-0.0898,47.6505],[-0.1017,47.6621],[-0.1114,47.6354],[-0.1351,47.6325],[-0.1587,47.6468],[-0.1966,47.649],[-0.1953,47.6617],[-0.2199,47.6881],[-0.1744,47.7165],[-0.2022,47.7252],[-0.2347,47.7034],[-0.2855,47.7195],[-0.3309,47.7219],[-0.3624,47.7145],[-0.3567,47.7306],[-0.3749,47.739],[-0.3818,47.7607],[-0.4158,47.7809],[-0.4099,47.7653],[-0.4289,47.7678],[-0.4546,47.7565],[-0.4843,47.7801],[-0.5193,47.7875],[-0.5196,47.7641],[-0.5329,47.7508],[-0.5849,47.7589],[-0.6108,47.7357],[-0.6536,47.7334],[-0.7103,47.7446],[-0.7363,47.7375],[-0.759,47.745],[-0.7596,47.7539],[-0.7834,47.7502],[-0.8161,47.7713],[-0.8401,47.7683],[-0.8395,47.7523],[-0.8935,47.7635],[-0.8952,47.7746],[-0.9321,47.7937],[-0.9352,47.7855],[-0.9608,47.7964],[-0.9722,47.7833],[-0.9554,47.7794],[-0.9506,47.7683],[-0.9815,47.7616],[-1.0134,47.7669],[-1.0224,47.7783],[-1.0315,47.7706],[-1.1247,47.7842],[-1.1404,47.7749],[-1.1711,47.7793],[-1.2381,47.8098],[-1.2461,47.7767]]]},"properties":{"shapeName":"Maine-et-Loire","shapeISO":"","shapeID":"29444166B93652606552669","shapeGroup":"FRA","shapeType":"ADM2"}},
{"type":"Feature","geometry":{"type":"Polygon","coordinates":[[[-1.1403,49.3088],[-1.1143,49.3263],[-1.1179,49.3447],[-1.1552,49.3623],[-1.1709,49.3572],[-1.1914,49.3381],[-1.2129,49.3311],[-1.234,49.3024],[-1.2255,49.3172],[-1.2456,49.3256],[-1.2253,49.3196],[-1.2139,49.3316],[-1.1839,49.3459],[-1.1834,49.3627],[-1.1755,49.3636],[-1.1797,49.3779],[-1.1622,49.3914],[-1.1782,49.4201],[-1.2928,49.5164],[-1.3073,49.5411],[-1.2963,49.5833],[-1.2714,49.5848],[-1.2727,49.5708],[-1.2558,49.6127],[-1.2289,49.6058],[-1.2397,49.6546],[-1.2731,49.6791],[-1.2653,49.697],[-1.2931,49.6929],[-1.3721,49.7068],[-1.4207,49.7049],[-1.453,49.6915],[-1.4729,49.6972],[-1.4878,49.6682],[-1.542,49.654],[-1.5869,49.651],[-1.6002,49.6605],[-1.6026,49.6464],[-1.618,49.6486],[-1.6201,49.6392],[-1.6192,49.648],[-1.6363,49.6537],[-1.6162,49.6581],[-1.6717,49.6579],[-1.687,49.6738],[-1.7015,49.67],[-1.7183,49.6798],[-1.7589,49.6782],[-1.8237,49.6903],[-1.8527,49.7182],[-1.8858,49.706],[-1.9063,49.7223],[-1.9424,49.7257],[-1.9474,49.7049],[-1.936,49.6887],[-1.9471,49.6751],[-1.8724,49.6572],[-1.8473,49.6245],[-1.8416,49.5727],[-1.8892,49.5341],[-1.8816,49.5191],[-1.8498,49.5073],[-1.8092,49.3725],[-1.7898,49.3698],[-1.7865,49.3771],[-1.7719,49.3802],[-1.764,49.3712],[-1.7873,49.3747],[-1.7243,49.3272],[-1.7011,49.3337],[-1.7177,49.3313],[-1.7179,49.3465],[-1.687,49.3305],[-1.7084,49.3269],[-1.7076,49.3174],[-1.6861,49.2883],[-1.6571,49.2821],[-1.6745,49.2795],[-1.6788,49.2857],[-1.6284,49.2116],[-1.6164,49.2401],[-1.5667,49.2211],[-1.6138,49.2183],[-1.5919,49.1348],[-1.6103,49.099],[-1.6098,49.072],[-1.6085,49.0826],[-1.5975,49.0736],[-1.6013,49.0527],[-1.6069,49.0679],[-1.5945,49.0234],[-1.585,49.0045],[-1.5782,48.9988],[-1.5685,48.9962],[-1.5816,49.0039],[-1.5745,49.0013],[-1.5787,49.0154],[-1.5601,49.0383],[-1.5424,49.0411],[-1.5049,49.0203],[-1.5335,49.0341],[-1.5572,49.0263],[-1.5486,48.9898],[-1.5609,49.0047],[-1.5626,48.9421],[-1.5397,48.9323],[-1.5485,48.8934],[-1.5627,48.9139],[-1.5529,48.9367],[-1.565,48.9218],[-1.5824,48.853],[-1.6144,48.8341],[-1.5939,48.8347],[-1.5742,48.8214],[-1.5704,48.7437],[-1.529,48.7299],[-1.5016,48.6862],[-1.4495,48.6701],[-1.4466,48.6542],[-1.3729,48.6929],[-1.3997,48.6555],[-1.3638,48.6469],[-1.3453,48.6329],[-1.3922,48.6448],[-1.4259,48.6437],[-1.4497,48.623],[-1.4893,48.6162],[-1.5108,48.6192],[-1.5106,48.637],[-1.5116,48.6175],[-1.5298,48.6296],[-1.5709,48.6262],[-1.5373,48.5989],[-1.5431,48.5799],[-1.5316,48.5809],[-1.519,48.5667],[-1.533,48.5462],[-1.5157,48.5376],[-1.4899,48.4893],[-1.4498,48.4875],[-1.428,48.4617],[-1.3698,48.4604],[-1.3451,48.4725],[-1.3406,48.4903],[-1.3287,48.4862],[-1.3268,48.4987],[-1.3009,48.4989],[-1.279,48.5093],[-1.2728,48.5339],[-1.2519,48.5438],[-1.2173,48.5368],[-1.2068,48.5423],[-1.1929,48.5288],[-1.1699,48.5312],[-1.1542,48.5192],[-1.1172,48.5217],[-1.0701,48.5088],[-1.0602,48.5155],[-1.0029,48.4891],[-0.9723,48.4945],[-0.9554,48.5173],[-0.9235,48.5133],[-0.9073,48.4962],[-0.8603,48.5015],[-0.8474,48.5216],[-0.7743,48.5629],[-0.77,48.5897],[-0.7517,48.6019],[-0.7527,48.6223],[-0.7384,48.6224],[-0.7631,48.6314],[-0.7731,48.6579],[-0.7351,48.686],[-0.7907,48.7043],[-0.8178,48.7312],[-0.8498,48.7309],[-0.8521,48.746],[-0.8412,48.7524],[-0.8221,48.7717],[-0.8833,48.7563],[-0.8943,48.7677],[-0.9366,48.7749],[-0.9513,48.7892],[-0.9675,48.7861],[-0.9712,48.7728],[-0.9913,48.7782],[-1.0143,48.7719],[-1.0438,48.7836],[-1.0588,48.7734],[-1.0813,48.7774],[-1.1017,48.7908],[-1.0912,48.7932],[-1.1025,48.8143],[-1.1596,48.8263],[-1.1572,48.8363],[-1.1215,48.8483],[-1.0983,48.8762],[-1.0702,48.8708],[-1.0135,48.9152],[-1.0206,48.9276],[-1.0663,48.9201],[-1.0325,48.9381],[-1.0044,48.9356],[-0.9891,48.9519],[-0.9431,48.9679],[-0.9113,48.9936],[-0.9052,49.0116],[-0.861,49.031],[-0.8921,49.046],[-0.8694,49.0676],[-0.8786,49.1168],[-0.8913,49.1197],[-0.9249,49.1015],[-0.8865,49.1293],[-0.9333,49.1461],[-0.9407,49.1525],[-0.9316,49.1582],[-0.9585,49.1614],[-0.9499,49.1677],[-0.9258,49.164],[-0.916,49.1845],[-0.9038,49.1846],[-0.9146,49.1916],[-0.8884,49.2034],[-0.901,49.2029],[-0.9261,49.2322],[-0.9312,49.2166],[-0.9466,49.2152],[-0.9737,49.1915],[-1.0239,49.2036],[-1.0351,49.2206],[-1.0747,49.2321],[-1.0977,49.2552],[-1.1359,49.2704],[-1.1348,49.2785],[-1.1205,49.2801],[-1.1343,49.286],[-1.1403,49.3088]]]},"properties":{"shapeName":"Manche","shapeISO":"","shapeID":"29444166B25199754609160","shapeGroup":"FRA","shapeType":"ADM2"}},
{"type":"Feature","geometry":{"type":"Polygon","coordinates":[[[3.485,48.8518],[3.487,48.8151],[3.4699,48.8211],[3.4481,48.811],[3.4163,48.818],[3.4053,48.8102],[3.4231,48.8007],[3.4421,48.8037],[3.4428,48.7859],[3.4295,48.7794],[3.4082,48.7842],[3.396,48.7586],[3.4082,48.7524],[3.4285,48.7584],[3.4385,48.7391],[3.4697,48.7379],[3.4639,48.7072],[3.4778,48.6979],[3.4406,48.6637],[3.4606,48.653],[3.4509,48.6347],[3.4923,48.6475],[3.5336,48.6465],[3.5193,48.6331],[3.5555,48.6202],[3.5624,48.6021],[3.5805,48.6046],[3.5826,48.585],[3.5926,48.5876],[3.6047,48.5727],[3.6268,48.5773],[3.6437,48.5364],[3.7341,48.5392],[3.7663,48.5276],[3.7982,48.5291],[3.8254,48.5152],[3.8656,48.5379],[3.8542,48.5803],[3.8992,48.5749],[3.9085,48.6017],[3.9492,48.6032],[3.9684,48.6316],[3.978,48.6258],[3.9847,48.6534],[4.0012,48.664],[4.0299,48.6596],[4.0581,48.6662],[4.0785,48.7015],[4.1312,48.6863],[4.1652,48.7077],[4.2332,48.7022],[4.2432,48.7167],[4.264,48.706],[4.2995,48.7147],[4.3248,48.7006],[4.3343,48.6751],[4.3174,48.652],[4.3347,48.6325],[4.315,48.6164],[4.4038,48.5612],[4.4934,48.539],[4.5109,48.548],[4.5286,48.5406],[4.5254,48.5282],[4.5454,48.5252],[4.5562,48.5419],[4.5919,48.5536],[4.6429,48.5538],[4.6377,48.5419],[4.6701,48.5319],[4.718,48.542],[4.7992,48.5301],[4.7829,48.5544],[4.7965,48.5679],[4.7762,48.5659],[4.7636,48.5946],[4.804,48.5966],[4.8297,48.6127],[4.858,48.6143],[4.842,48.6496],[4.7723,48.652],[4.7817,48.6702],[4.8171,48.6805],[4.8678,48.6672],[4.911,48.6889],[4.9387,48.6748],[4.9506,48.6893],[4.9884,48.6844],[5.0064,48.6988],[4.9973,48.7096],[5.0157,48.7096],[5.0042,48.7197],[5.0092,48.7414],[4.982,48.7451],[4.933,48.7918],[4.8884,48.8008],[4.8971,48.8089],[4.8889,48.8176],[4.9369,48.8427],[4.9247,48.8646],[4.9117,48.8681],[4.9246,48.8913],[4.9124,48.8986],[4.9507,48.931],[4.9593,48.9259],[5.0135,48.9371],[5.0395,48.9743],[4.9937,48.9842],[5.0393,48.9976],[5.0365,49.0245],[5.0093,49.0353],[4.9653,49.0217],[5.0061,49.0591],[4.9959,49.1085],[4.9397,49.1851],[4.9935,49.2101],[4.9709,49.236],[4.9508,49.237],[4.9214,49.2516],[4.9346,49.2597],[4.9162,49.2607],[4.9239,49.2668],[4.8924,49.2581],[4.8762,49.2632],[4.8833,49.2568],[4.8624,49.2408],[4.8663,49.227],[4.831,49.2336],[4.8152,49.2501],[4.7894,49.2409],[4.7447,49.2415],[4.7274,49.2533],[4.7036,49.2508],[4.6899,49.2578],[4.6704,49.2413],[4.6342,49.2317],[4.6174,49.238],[4.6086,49.2693],[4.5918,49.2734],[4.598,49.2914],[4.5566,49.2953],[4.5159,49.2801],[4.4472,49.2725],[4.3964,49.2921],[4.3756,49.3238],[4.3435,49.3139],[4.3439,49.3237],[4.3082,49.3269],[4.2941,49.3527],[4.2769,49.3517],[4.2584,49.3635],[4.2485,49.3823],[4.2011,49.3838],[4.1914,49.4013],[4.0482,49.4056],[4.0358,49.3599],[4.0127,49.3583],[3.9951,49.3783],[3.9615,49.3773],[3.9247,49.4078],[3.8957,49.3929],[3.8702,49.4068],[3.8226,49.4025],[3.8611,49.386],[3.8478,49.3646],[3.8587,49.3541],[3.8528,49.345],[3.8239,49.3574],[3.7777,49.356],[3.7408,49.3476],[3.7422,49.3368],[3.6694,49.3251],[3.6439,49.3127],[3.6383,49.301],[3.6573,49.291],[3.6516,49.2784],[3.6651,49.2694],[3.6527,49.2544],[3.6607,49.2602],[3.6783,49.2352],[3.6517,49.2218],[3.6549,49.2126],[3.6804,49.2059],[3.6817,49.1974],[3.6975,49.2066],[3.6972,49.1879],[3.7114,49.1782],[3.7513,49.1778],[3.7488,49.1571],[3.7029,49.1415],[3.6855,49.1544],[3.6215,49.1504],[3.5997,49.1207],[3.6029,49.1146],[3.612,49.1183],[3.6389,49.0775],[3.6098,49.0734],[3.5877,49.0594],[3.5851,49.039],[3.616,49.0332],[3.65,49.043],[3.6778,49.0139],[3.6401,49.0043],[3.6211,48.9661],[3.5914,48.9605],[3.6029,48.944],[3.5748,48.9395],[3.5707,48.915],[3.5287,48.9122],[3.503,48.8714],[3.4814,48.8664],[3.485,48.8518]]]},"properties":{"shapeName":"Marne","shapeISO":"","shapeID":"29444166B88365210161394","shapeGroup":"FRA","shapeType":"ADM2"}},
{"type":"Feature","geometry":{"type":"Polygon","coordinates":[[[4.7043,48.0203],[4.7366,48.0053],[4.7932,48.0061],[4.7932,47.9965],[4.8106,47.9887],[4.7946,47.9845],[4.7865,47.9642],[4.8452,47.9612],[4.8661,47.9405],[4.8312,47.9179],[4.8333,47.9072],[4.8604,47.8963],[4.8692,47.9177],[4.9029,47.921],[4.9275,47.8886],[4.9275,47.8715],[4.9541,47.8668],[4.9607,47.839],[4.9941,47.8197],[4.9824,47.7998],[4.918,47.7771],[4.9224,47.759],[4.946,47.7665],[4.959,47.7619],[4.9661,47.7406],[4.9568,47.7324],[4.9718,47.7302],[4.9537,47.7028],[4.9691,47.6858],[4.9951,47.6891],[5.0292,47.7099],[5.0288,47.6933],[5.0608,47.6948],[5.0438,47.6766],[5.0534,47.6684],[5.0793,47.6683],[5.0782,47.6599],[5.1015,47.6596],[5.1254,47.6468],[5.1616,47.6804],[5.1784,47.681],[5.1744,47.6516],[5.2123,47.6414],[5.2369,47.6168],[5.2587,47.6222],[5.2381,47.5965],[5.2531,47.5769],[5.2779,47.5816],[5.2808,47.5926],[5.3225,47.6124],[5.3394,47.6102],[5.3415,47.5952],[5.3549,47.5913],[5.3738,47.6045],[5.3731,47.6196],[5.4057,47.6469],[5.4063,47.6734],[5.4199,47.6777],[5.4439,47.6706],[5.4828,47.6846],[5.5299,47.673],[5.5676,47.7074],[5.5852,47.7],[5.5968,47.672],[5.6911,47.6847],[5.6834,47.7172],[5.6959,47.7252],[5.6915,47.7366],[5.7096,47.7453],[5.709,47.7639],[5.68,47.7701],[5.6818,47.8093],[5.7001,47.8239],[5.7421,47.8195],[5.7512,47.829],[5.7442,47.8489],[5.7612,47.8593],[5.7989,47.8557],[5.7962,47.8467],[5.8284,47.8519],[5.8287,47.8572],[5.818,47.852],[5.8282,47.8577],[5.8213,47.8701],[5.8498,47.9054],[5.8867,47.9028],[5.8847,47.9262],[5.8531,47.9502],[5.8458,47.9757],[5.8316,47.9578],[5.8153,47.9574],[5.8053,47.947],[5.7873,47.9526],[5.7785,47.978],[5.7947,47.998],[5.7768,48.0336],[5.7645,48.0299],[5.7406,48.05],[5.7208,48.0442],[5.6963,48.0778],[5.6575,48.0863],[5.6559,48.0691],[5.6297,48.0836],[5.6477,48.1043],[5.6715,48.1084],[5.6566,48.1205],[5.685,48.1464],[5.6796,48.1793],[5.7018,48.1904],[5.731,48.1897],[5.7297,48.1983],[5.6877,48.2344],[5.6769,48.2289],[5.6415,48.2418],[5.6538,48.2685],[5.6133,48.2911],[5.5884,48.2738],[5.5373,48.3183],[5.524,48.3481],[5.4806,48.3567],[5.426,48.3311],[5.4186,48.3607],[5.4429,48.3794],[5.3936,48.3917],[5.4198,48.3952],[5.4701,48.4209],[5.4095,48.4447],[5.3982,48.4739],[5.3812,48.4711],[5.3476,48.4829],[5.3288,48.5097],[5.306,48.5162],[5.2957,48.5083],[5.2272,48.5321],[5.2123,48.5288],[5.1672,48.565],[5.1463,48.5603],[5.1183,48.5845],[5.1194,48.5957],[5.0703,48.596],[5.0537,48.6339],[5.0327,48.6133],[5.0021,48.6129],[4.9948,48.6219],[5.0062,48.6337],[4.9928,48.6583],[5.011,48.6678],[5.009,48.6785],[4.9884,48.6844],[4.9506,48.6893],[4.9387,48.6748],[4.911,48.6889],[4.8678,48.6672],[4.8171,48.6805],[4.7817,48.6702],[4.7723,48.652],[4.842,48.6496],[4.858,48.6143],[4.8297,48.6127],[4.804,48.5966],[4.7636,48.5946],[4.7762,48.5659],[4.7965,48.5679],[4.7829,48.5544],[4.7992,48.5301],[4.718,48.542],[4.6701,48.5319],[4.6768,48.5181],[4.6574,48.505],[4.6533,48.4708],[4.6278,48.4686],[4.629,48.4617],[4.6785,48.4405],[4.6899,48.4252],[4.6803,48.4171],[4.7084,48.4012],[4.7053,48.3909],[4.7473,48.3924],[4.7602,48.3876],[4.7546,48.3665],[4.84,48.342],[4.8142,48.323],[4.8263,48.3022],[4.8508,48.2962],[4.8428,48.2826],[4.8616,48.2664],[4.8447,48.2574],[4.8389,48.2375],[4.8539,48.2288],[4.8352,48.2212],[4.8616,48.2109],[4.8646,48.1994],[4.8371,48.1684],[4.8369,48.1518],[4.8524,48.143],[4.8286,48.1291],[4.8344,48.1052],[4.7317,48.1194],[4.7242,48.1062],[4.7041,48.1002],[4.7049,48.0888],[4.6576,48.0792],[4.6905,48.0727],[4.7232,48.0458],[4.705,48.0277],[4.7148,48.0208],[4.7043,48.0203]]]},"properties":{"shapeName":"Haute-Marne","shapeISO":"","shapeID":"29444166B63123006968328","shapeGroup":"FRA","shapeType":"ADM2"}},
{"type":"Feature","geometry":{"type":"Polygon","coordinates":[[[-1.2381,47.8098],[-1.1711,47.7793],[-1.1404,47.7749],[-1.1247,47.7842],[-1.0315,47.7706],[-1.0224,47.7783],[-1.0134,47.7669],[-0.9815,47.7616],[-0.9506,47.7683],[-0.9554,47.7794],[-0.9722,47.7833],[-0.9608,47.7964],[-0.9352,47.7855],[-0.9321,47.7937],[-0.8952,47.7746],[-0.8935,47.7635],[-0.8395,47.7523],[-0.8401,47.7683],[-0.8161,47.7713],[-0.7834,47.7502],[-0.7596,47.7539],[-0.759,47.745],[-0.7363,47.7375],[-0.7103,47.7446],[-0.6536,47.7334],[-0.6108,47.7357],[-0.5849,47.7589],[-0.5329,47.7508],[-0.5196,47.7641],[-0.5193,47.7875],[-0.4843,47.7801],[-0.4546,47.7565],[-0.4289,47.7678],[-0.4099,47.7653],[-0.4158,47.7809],[-0.3818,47.7607],[-0.3882,47.8055],[-0.4294,47.8067],[-0.4481,47.8324],[-0.4285,47.8506],[-0.411,47.8468],[-0.4122,47.8577],[-0.3706,47.8591],[-0.3804,47.8657],[-0.3691,47.8702],[-0.3732,47.8846],[-0.4109,47.8951],[-0.4034,47.9028],[-0.413,47.916],[-0.4025,47.9208],[-0.4016,47.9138],[-0.397,47.9258],[-0.3767,47.9329],[-0.3201,47.9353],[-0.2765,47.9575],[-0.3025,47.9658],[-0.3086,48.0057],[-0.3414,48.0119],[-0.3332,48.0276],[-0.3416,48.0432],[-0.2799,48.0553],[-0.2721,48.0652],[-0.2309,48.0592],[-0.2223,48.0784],[-0.2374,48.0829],[-0.2377,48.0975],[-0.216,48.1131],[-0.223,48.123],[-0.2468,48.1277],[-0.2391,48.1358],[-0.254,48.1366],[-0.2378,48.1532],[-0.2526,48.1575],[-0.1468,48.2051],[-0.1446,48.2241],[-0.1671,48.2637],[-0.1557,48.2652],[-0.138,48.2966],[-0.155,48.314],[-0.1573,48.3411],[-0.1223,48.3383],[-0.1367,48.3644],[-0.1123,48.3743],[-0.0779,48.3689],[-0.0549,48.3821],[-0.051,48.453],[-0.0707,48.4584],[-0.0731,48.4506],[-0.1063,48.447],[-0.1475,48.4569],[-0.1561,48.496],[-0.1733,48.5098],[-0.1444,48.5277],[-0.2082,48.5642],[-0.2172,48.558],[-0.2462,48.5664],[-0.2627,48.5484],[-0.2409,48.5369],[-0.2748,48.5179],[-0.2715,48.5074],[-0.2852,48.5064],[-0.2881,48.5194],[-0.3201,48.5231],[-0.3372,48.5008],[-0.3559,48.4957],[-0.3532,48.4837],[-0.3935,48.5012],[-0.3958,48.5104],[-0.4235,48.5068],[-0.4474,48.5154],[-0.4889,48.5013],[-0.5099,48.5091],[-0.5512,48.4733],[-0.5953,48.4726],[-0.6511,48.4439],[-0.6558,48.475],[-0.6688,48.4865],[-0.6922,48.4681],[-0.7047,48.4756],[-0.7144,48.4691],[-0.7309,48.4732],[-0.736,48.4614],[-0.7149,48.449],[-0.7646,48.4363],[-0.7798,48.4461],[-0.7779,48.4655],[-0.7968,48.4662],[-0.8132,48.4552],[-0.8148,48.4722],[-0.8603,48.5015],[-0.9073,48.4962],[-0.9235,48.5133],[-0.9554,48.5173],[-0.9723,48.4945],[-1.0029,48.4891],[-1.0602,48.5155],[-1.0701,48.5088],[-1.079,48.4818],[-1.0639,48.4673],[-1.0652,48.4514],[-1.0836,48.4337],[-1.0535,48.3828],[-1.0651,48.3673],[-1.0451,48.3278],[-1.0904,48.2894],[-1.102,48.2627],[-1.0805,48.2195],[-1.0873,48.2093],[-1.0738,48.2007],[-1.0808,48.1756],[-1.0744,48.1593],[-1.0641,48.1608],[-1.0497,48.09],[-1.0214,48.0684],[-1.035,48.0336],[-1.0156,48.0034],[-1.0493,47.9846],[-1.125,47.9868],[-1.1253,47.9716],[-1.1555,47.9654],[-1.1761,47.8974],[-1.1968,47.8891],[-1.1891,47.8672],[-1.2229,47.8524],[-1.216,47.8317],[-1.2381,47.8098]]]},"properties":{"shapeName":"Mayenne","shapeISO":"","shapeID":"29444166B79150552688542","shapeGroup":"FRA","shapeType":"ADM2"}},
{"type":"Feature","geometry":{"type":"MultiPolygon","coordinates":[[[[5.4261,49.4861],[5.4548,49.481],[5.4601,49.488],[5.4725,49.4857],[5.4422,49.5038],[5.4261,49.4861]]],[[[5.4705,49.4973],[5.4827,49.4946],[5.475,49.4835],[5.4636,49.482],[5.471,49.461],[5.4609,49.4534],[5.4873,49.4477],[5.4714,49.4277],[5.508,49.4212],[5.4971,49.4076],[5.4468,49.404],[5.4759,49.3969],[5.4805,49.3824],[5.4996,49.4088],[5.5296,49.4061],[5.5704,49.4234],[5.6083,49.4179],[5.6333,49.4378],[5.6927,49.4155],[5.6869,49.3937],[5.7076,49.3841],[5.7122,49.3635],[5.7392,49.3543],[5.7214,49.3244],[5.7335,49.3101],[5.7632,49.3169],[5.7691,49.3036],[5.7618,49.2789],[5.7228,49.2644],[5.7302,49.2571],[5.721,49.2478],[5.7406,49.2302],[5.7187,49.2162],[5.7251,49.1956],[5.7657,49.1976],[5.7444,49.1566],[5.7598,49.1529],[5.756,49.1425],[5.7723,49.14],[5.748,49.1219],[5.7725,49.1055],[5.7845,49.1129],[5.8219,49.1087],[5.8268,49.0899],[5.8051,49.0649],[5.8361,49.0661],[5.854,49.0431],[5.8295,49.0317],[5.8135,49.0049],[5.8283,49.0065],[5.8006,48.9862],[5.8345,48.9757],[5.8488,48.9532],[5.8318,48.9439],[5.8002,48.9467],[5.7788,48.9252],[5.747,48.9161],[5.7906,48.8861],[5.7641,48.8728],[5.7817,48.8283],[5.7571,48.8004],[5.7775,48.7958],[5.7368,48.7705],[5.742,48.7528],[5.7139,48.7445],[5.7649,48.7015],[5.7429,48.6526],[5.7585,48.6212],[5.8036,48.6252],[5.7909,48.6076],[5.7619,48.6095],[5.715,48.5888],[5.7154,48.5618],[5.7765,48.541],[5.7612,48.524],[5.7652,48.4965],[5.7866,48.4827],[5.846,48.5071],[5.9065,48.4952],[5.9036,48.4802],[5.8856,48.4692],[5.8991,48.4468],[5.8554,48.4094],[5.8742,48.4006],[5.8952,48.4053],[5.9093,48.4293],[5.8978,48.4364],[5.9314,48.4342],[5.9249,48.4218],[5.9153,48.4278],[5.9073,48.4193],[5.9048,48.4003],[5.9185,48.4053],[5.9277,48.3939],[5.9332,48.4033],[5.945,48.4006],[5.9551,48.3874],[5.9449,48.3757],[5.9605,48.3647],[5.9532,48.358],[5.9804,48.349],[6.0036,48.3632],[6.0226,48.3565],[6.0486,48.3662],[6.0715,48.3598],[6.0798,48.3691],[6.0691,48.3753],[6.0872,48.3838],[6.099,48.3689],[6.0927,48.3611],[6.1167,48.354],[6.1524,48.3814],[6.1501,48.4095],[6.1735,48.4055],[6.1819,48.4121],[6.1785,48.3976],[6.1909,48.3954],[6.2174,48.4017],[6.2333,48.3971],[6.2604,48.4064],[6.2701,48.4263],[6.2807,48.4233],[6.2956,48.4347],[6.3074,48.4117],[6.3301,48.4051],[6.3583,48.4045],[6.3831,48.4154],[6.3817,48.4063],[6.3929,48.4087],[6.3886,48.3909],[6.412,48.392],[6.4355,48.4128],[6.5006,48.4142],[6.5342,48.4317],[6.5761,48.4144],[6.5841,48.4173],[6.5672,48.4409],[6.5842,48.4604],[6.6231,48.4731],[6.6388,48.4639],[6.645,48.4271],[6.6828,48.4246],[6.6995,48.4131],[6.7135,48.4228],[6.7387,48.4108],[6.765,48.4119],[6.7673,48.3992],[6.789,48.4023],[6.783,48.3892],[6.7939,48.4034],[6.8151,48.395],[6.8279,48.4165],[6.8644,48.4368],[6.8703,48.4205],[6.8917,48.4176],[6.9799,48.4785],[7.0091,48.4813],[7.0939,48.513],[7.1232,48.5136],[7.1034,48.5193],[7.0807,48.5126],[7.0647,48.5238],[7.0796,48.5366],[7.0565,48.5392],[7.0841,48.5454],[7.0539,48.5519],[7.0342,48.5806],[6.9933,48.5936],[7.0168,48.6046],[7.01,48.6115],[6.9509,48.6109],[6.9303,48.6356],[6.9114,48.6206],[6.8531,48.6213],[6.8344,48.6438],[6.7825,48.6427],[6.7772,48.654],[6.7641,48.652],[6.7599,48.6699],[6.7275,48.6642],[6.6922,48.6731],[6.6856,48.6858],[6.6682,48.6673],[6.6768,48.689],[6.662,48.706],[6.6388,48.7011],[6.626,48.7132],[6.5991,48.7157],[6.5624,48.7565],[6.5052,48.7474],[6.512,48.7546],[6.4884,48.7664],[6.4534,48.7661],[6.4526,48.7799],[6.4333,48.7891],[6.3957,48.7747],[6.3708,48.7848],[6.3576,48.7791],[6.3455,48.804],[6.3562,48.8116],[6.3386,48.8111],[6.3319,48.8233],[6.3011,48.8238],[6.3173,48.8307],[6.3342,48.8258],[6.3395,48.8337],[6.3063,48.8333],[6.2841,48.8463],[6.3001,48.8523],[6.2977,48.8668],[6.3123,48.8651],[6.2973,48.8826],[6.3284,48.9002],[6.3113,48.9211],[6.2883,48.9163],[6.2877,48.9278],[6.2712,48.9333],[6.2416,48.9236],[6.2242,48.9271],[6.2224,48.9389],[6.1766,48.9347],[6.1724,48.9443],[6.1325,48.9345],[6.1172,48.9677],[6.0815,48.9631],[6.0731,48.9814],[6.0463,48.9764],[6.0313,48.9843],[6.0294,48.99],[6.0449,48.9831],[6.0446,49.0139],[6.0204,49.0234],[6.0149,49.0373],[5.9581,49.0473],[5.9511,49.0648],[5.9355,49.0699],[5.9405,49.0865],[5.9249,49.0922],[5.9315,49.1092],[6.0058,49.1132],[5.9815,49.1445],[5.9971,49.1488],[5.9891,49.155],[6.0098,49.1528],[6.033,49.1653],[5.9785,49.1951],[5.9877,49.21],[6.0032,49.2091],[6.0079,49.2215],[6.0289,49.2294],[6.0326,49.2507],[6.0057,49.2567],[6.0051,49.3108],[5.9859,49.3053],[5.9409,49.3357],[5.9784,49.3447],[5.9249,49.3731],[5.9359,49.3792],[5.9332,49.3959],[5.9111,49.4073],[5.9425,49.4302],[5.9305,49.4466],[5.9429,49.4518],[5.9317,49.4716],[5.9413,49.4757],[5.9293,49.4855],[5.8977,49.4807],[5.8934,49.4968],[5.8663,49.4999],[5.8361,49.5199],[5.8458,49.5299],[5.837,49.5427],[5.8172,49.537],[5.8081,49.5426],[5.8159,49.5485],[5.7715,49.5633],[5.7583,49.5614],[5.7576,49.543],[5.7464,49.5395],[5.6426,49.5504],[5.6156,49.5272],[5.611,49.506],[5.5912,49.5229],[5.5567,49.5292],[5.5407,49.5151],[5.4838,49.5074],[5.4705,49.4973]]]]},"properties":{"shapeName":"Meurthe-et-Moselle","shapeISO":"","shapeID":"29444166B55179033691193","shapeGroup":"FRA","shapeType":"ADM2"}},
{"type":"Feature","geometry":{"type":"Polygon","coordinates":[[[4.9508,49.237],[4.9709,49.236],[4.9935,49.2101],[4.9397,49.1851],[4.9959,49.1085],[5.0061,49.0591],[4.9653,49.0217],[5.0093,49.0353],[5.0365,49.0245],[5.0393,48.9976],[4.9937,48.9842],[5.0395,48.9743],[5.0135,48.9371],[4.9593,48.9259],[4.9507,48.931],[4.9124,48.8986],[4.9246,48.8913],[4.9117,48.8681],[4.9247,48.8646],[4.9369,48.8427],[4.8889,48.8176],[4.8971,48.8089],[4.8884,48.8008],[4.933,48.7918],[4.982,48.7451],[5.0092,48.7414],[5.0042,48.7197],[5.0157,48.7096],[4.9973,48.7096],[5.0064,48.6988],[4.9884,48.6844],[5.009,48.6785],[5.011,48.6678],[4.9928,48.6583],[5.0062,48.6337],[4.9948,48.6219],[5.0021,48.6129],[5.0327,48.6133],[5.0537,48.6339],[5.0703,48.596],[5.1194,48.5957],[5.1183,48.5845],[5.1463,48.5603],[5.1672,48.565],[5.2123,48.5288],[5.2272,48.5321],[5.2957,48.5083],[5.306,48.5162],[5.3288,48.5097],[5.3476,48.4829],[5.3812,48.4711],[5.3982,48.4739],[5.4095,48.4447],[5.4701,48.4209],[5.5053,48.409],[5.5165,48.4313],[5.5608,48.4415],[5.5767,48.4322],[5.5938,48.4428],[5.6155,48.4404],[5.6215,48.426],[5.6185,48.443],[5.6535,48.4586],[5.6422,48.4724],[5.7192,48.4601],[5.7402,48.4659],[5.7652,48.4965],[5.7612,48.524],[5.7765,48.541],[5.7154,48.5618],[5.715,48.5888],[5.7619,48.6095],[5.7909,48.6076],[5.8036,48.6252],[5.7585,48.6212],[5.7429,48.6526],[5.7649,48.7015],[5.7139,48.7445],[5.742,48.7528],[5.7368,48.7705],[5.7775,48.7958],[5.7571,48.8004],[5.7817,48.8283],[5.7641,48.8728],[5.7906,48.8861],[5.747,48.9161],[5.7788,48.9252],[5.8002,48.9467],[5.8318,48.9439],[5.8488,48.9532],[5.8345,48.9757],[5.8006,48.9862],[5.8283,49.0065],[5.8135,49.0049],[5.8295,49.0317],[5.854,49.0431],[5.8361,49.0661],[5.8051,49.0649],[5.8268,49.0899],[5.8219,49.1087],[5.7845,49.1129],[5.7725,49.1055],[5.748,49.1219],[5.7723,49.14],[5.756,49.1425],[5.7598,49.1529],[5.7444,49.1566],[5.7657,49.1976],[5.7251,49.1956],[5.7187,49.2162],[5.7406,49.2302],[5.721,49.2478],[5.7302,49.2571],[5.7228,49.2644],[5.7618,49.2789],[5.7691,49.3036],[5.7632,49.3169],[5.7335,49.3101],[5.7214,49.3244],[5.7392,49.3543],[5.7122,49.3635],[5.7076,49.3841],[5.6869,49.3937],[5.6927,49.4155],[5.6333,49.4378],[5.6083,49.4179],[5.5704,49.4234],[5.5296,49.4061],[5.4996,49.4088],[5.4805,49.3824],[5.4759,49.3969],[5.4468,49.404],[5.4971,49.4076],[5.508,49.4212],[5.4714,49.4277],[5.4873,49.4477],[5.4609,49.4534],[5.471,49.461],[5.4636,49.482],[5.475,49.4835],[5.4827,49.4946],[5.4705,49.4973],[5.4475,49.5179],[5.467,49.5259],[5.4653,49.5389],[5.4414,49.5523],[5.457,49.567],[5.4376,49.5699],[5.4285,49.596],[5.3943,49.6168],[5.3768,49.5923],[5.352,49.5884],[5.3409,49.595],[5.3125,49.5594],[5.2851,49.5534],[5.2752,49.5422],[5.2588,49.5435],[5.2359,49.5691],[5.2172,49.5735],[5.1626,49.562],[5.1442,49.591],[5.1131,49.5923],[5.1048,49.5756],[5.1133,49.5607],[5.0963,49.5578],[5.0882,49.5448],[5.0992,49.5311],[5.0591,49.5009],[5.0839,49.484],[5.0951,49.4597],[5.1118,49.4576],[5.1003,49.4432],[5.1154,49.4194],[5.0769,49.4034],[5.1044,49.3902],[5.1016,49.3784],[5.0891,49.3699],[5.0604,49.3718],[5.0262,49.3365],[5.038,49.3161],[5.0254,49.3105],[5.0593,49.29],[5.0507,49.274],[4.9966,49.2642],[4.9508,49.237]],[[5.4261,49.4861],[5.4422,49.5038],[5.4725,49.4857],[5.4601,49.488],[5.4548,49.481],[5.4261,49.4861]]]},"properties":{"shapeName":"Meuse","shapeISO":"","shapeID":"29444166B31733296921467","shapeGroup":"FRA","shapeType":"ADM2"}},
{"type":"Feature","geometry":{"type":"MultiPolygon","coordinates":[[[[-2.8918,47.3461],[-2.8822,47.3295],[-2.8608,47.3412],[-2.864,47.3491],[-2.8918,47.3461]]],[[[-2.9951,47.394],[-2.9502,47.3751],[-2.9535,47.3854],[-2.9378,47.3929],[-2.9682,47.3927],[-2.9913,47.4026],[-2.9951,47.394]]],[[[-3.2368,47.3243],[-3.2485,47.3139],[-3.2219,47.2935],[-3.1666,47.3022],[-3.1604,47.2923],[-3.1388,47.2928],[-3.1407,47.2862],[-3.1192,47.2906],[-3.0932,47.2779],[-3.0559,47.3082],[-3.1477,47.3327],[-3.1455,47.3431],[-3.1638,47.3456],[-3.1506,47.3473],[-3.1573,47.3646],[-3.1727,47.3595],[-3.2166,47.3742],[-3.2184,47.3631],[-3.2185,47.3792],[-3.236,47.3783],[-3.2485,47.3878],[-3.246,47.3711],[-3.2627,47.3715],[-3.2637,47.3519],[-3.2368,47.3243]]],[[[-3.515,47.6475],[-3.4633,47.6203],[-3.4387,47.6286],[-3.4229,47.6199],[-3.4181,47.6256],[-3.4166,47.6344],[-3.4357,47.6446],[-3.4969,47.6541],[-3.515,47.6475]]],[[[-2.8623,47.5688],[-2.8598,47.56],[-2.8484,47.567],[-2.8559,47.5734],[-2.8471,47.5897],[-2.824,47.5887],[-2.8408,47.5938],[-2.8378,47.6074],[-2.8552,47.6005],[-2.8623,47.5688]]],[[[-2.8168,47.5853],[-2.8089,47.5785],[-2.7933,47.5935],[-2.7775,47.5864],[-2.7743,47.5948],[-2.7891,47.594],[-2.7933,47.6061],[-2.8168,47.5853]]],[[[-2.7953,47.5711],[-2.7859,47.5687],[-2.7911,47.5801],[-2.7953,47.5711]]],[[[-3.5648,48.1858],[-3.7144,48.1432],[-3.7088,48.1355],[-3.7347,48.1126],[-3.7333,48.0964],[-3.695,48.0937],[-3.7045,48.0867],[-3.6984,48.0687],[-3.7086,48.0666],[-3.6734,48.0586],[-3.6397,47.9849],[-3.6189,47.9817],[-3.5963,47.9906],[-3.584,47.9845],[-3.5582,47.9941],[-3.5318,47.9891],[-3.5196,47.9764],[-3.4914,47.975],[-3.4674,47.9453],[-3.4605,47.9607],[-3.4453,47.9586],[-3.4151,47.9751],[-3.3919,47.9574],[-3.4017,47.9435],[-3.3869,47.9255],[-3.4089,47.9161],[-3.4054,47.9063],[-3.4193,47.9053],[-3.4052,47.902],[-3.3982,47.8632],[-3.4193,47.8692],[-3.4483,47.8637],[-3.4577,47.8367],[-3.475,47.8356],[-3.4879,47.8237],[-3.512,47.8321],[-3.5231,47.8495],[-3.5411,47.829],[-3.5234,47.7972],[-3.5301,47.7658],[-3.4846,47.7162],[-3.4502,47.6952],[-3.4272,47.7048],[-3.3805,47.705],[-3.367,47.717],[-3.3686,47.7317],[-3.3595,47.7294],[-3.3501,47.742],[-3.3649,47.7609],[-3.3537,47.7604],[-3.3467,47.7421],[-3.3333,47.7432],[-3.3002,47.7748],[-3.2872,47.7725],[-3.2955,47.7937],[-3.2761,47.7985],[-3.2929,47.7874],[-3.2849,47.7694],[-3.2963,47.7714],[-3.3216,47.7354],[-3.3482,47.7348],[-3.3432,47.7156],[-3.3631,47.7088],[-3.3524,47.703],[-3.3099,47.7099],[-3.3024,47.7023],[-3.2896,47.7084],[-3.281,47.6863],[-3.3267,47.7022],[-3.3452,47.6959],[-3.3527,47.7008],[-3.3606,47.6861],[-3.3427,47.6955],[-3.2933,47.6872],[-3.214,47.6439],[-3.2174,47.6739],[-3.2062,47.6716],[-3.1983,47.6831],[-3.2116,47.6843],[-3.2161,47.6958],[-3.1992,47.6872],[-3.1512,47.6927],[-3.1622,47.6801],[-3.1855,47.6853],[-3.2085,47.67],[-3.1871,47.6612],[-3.2065,47.6647],[-3.2104,47.6437],[-3.1974,47.6239],[-3.1597,47.6073],[-3.14,47.5798],[-3.1347,47.5444],[-3.1467,47.5299],[-3.1624,47.5298],[-3.1305,47.4732],[-3.121,47.4797],[-3.1092,47.4709],[-3.0794,47.469],[-3.1267,47.5135],[-3.1341,47.544],[-3.115,47.5762],[-3.1313,47.5749],[-3.1291,47.598],[-3.0922,47.5796],[-3.0919,47.5739],[-3.1061,47.5772],[-3.0961,47.5636],[-3.0532,47.5693],[-3.0429,47.5878],[-3.0397,47.5737],[-3.0184,47.567],[-3.0249,47.5924],[-3.0072,47.5683],[-2.9875,47.5661],[-2.9949,47.5911],[-2.9707,47.5703],[-2.9757,47.5587],[-2.9625,47.5536],[-2.9571,47.5652],[-2.9518,47.5562],[-2.9284,47.554],[-2.9649,47.5881],[-2.9542,47.5974],[-2.9721,47.6075],[-2.9534,47.6125],[-2.9626,47.6336],[-2.9707,47.6329],[-2.9769,47.6598],[-2.968,47.639],[-2.9547,47.6388],[-2.9586,47.6274],[-2.9351,47.6253],[-2.9494,47.6213],[-2.9504,47.6071],[-2.9366,47.5861],[-2.9272,47.6019],[-2.9186,47.5823],[-2.911,47.5922],[-2.9056,47.5821],[-2.8906,47.5818],[-2.8875,47.6037],[-2.8624,47.5969],[-2.8601,47.623],[-2.8292,47.6192],[-2.8359,47.6126],[-2.8123,47.6225],[-2.7824,47.6212],[-2.7803,47.6323],[-2.7641,47.6317],[-2.7614,47.6408],[-2.7481,47.6208],[-2.745,47.6322],[-2.734,47.6129],[-2.7796,47.6222],[-2.7176,47.5986],[-2.7185,47.5922],[-2.7306,47.5938],[-2.7138,47.5801],[-2.7289,47.5681],[-2.7302,47.5426],[-2.768,47.5357],[-2.7635,47.5395],[-2.7673,47.5438],[-2.7645,47.5387],[-2.7807,47.5398],[-2.777,47.549],[-2.7875,47.5528],[-2.7995,47.5372],[-2.8062,47.556],[-2.824,47.5569],[-2.8178,47.5424],[-2.8293,47.5431],[-2.8268,47.5503],[-2.8392,47.5439],[-2.848,47.5483],[-2.8536,47.5418],[-2.8444,47.5385],[-2.8537,47.5366],[-2.8584,47.5509],[-2.8735,47.5468],[-2.867,47.5583],[-2.8775,47.5548],[-2.8785,47.564],[-2.8833,47.5567],[-2.8909,47.5615],[-2.8948,47.5547],[-2.8975,47.5634],[-2.9144,47.5572],[-2.9122,47.5421],[-2.8902,47.5447],[-2.9036,47.5344],[-2.8843,47.5372],[-2.8473,47.5194],[-2.8513,47.5001],[-2.8349,47.4918],[-2.7941,47.4841],[-2.7797,47.496],[-2.7248,47.5069],[-2.6751,47.4919],[-2.6813,47.497],[-2.6633,47.5194],[-2.6397,47.5164],[-2.6323,47.5039],[-2.5966,47.5175],[-2.5499,47.5105],[-2.5436,47.5233],[-2.5206,47.5273],[-2.5021,47.5143],[-2.4665,47.5121],[-2.4393,47.4984],[-2.4127,47.4962],[-2.3888,47.506],[-2.3859,47.4971],[-2.3942,47.5023],[-2.4266,47.4873],[-2.4263,47.4943],[-2.4666,47.4871],[-2.4985,47.4949],[-2.4931,47.4479],[-2.4802,47.4413],[-2.4588,47.4481],[-2.4532,47.4625],[-2.4231,47.4772],[-2.4168,47.4603],[-2.3986,47.456],[-2.3682,47.4643],[-2.353,47.4544],[-2.3172,47.4612],[-2.2985,47.5159],[-2.2549,47.5116],[-2.2656,47.5018],[-2.2438,47.4939],[-2.1846,47.5122],[-2.1922,47.4967],[-2.1642,47.4892],[-2.1543,47.4964],[-2.156,47.522],[-2.0988,47.5335],[-2.1035,47.5933],[-2.0837,47.6116],[-2.0967,47.6317],[-2.1048,47.6385],[-2.094,47.6396],[-2.0959,47.647],[-2.114,47.6482],[-2.1036,47.6758],[-2.1225,47.6829],[-2.1186,47.7083],[-2.1314,47.7223],[-2.1071,47.7375],[-2.0577,47.7427],[-2.0619,47.7514],[-2.0838,47.75],[-2.0845,47.7628],[-2.1271,47.761],[-2.1282,47.7688],[-2.0738,47.7891],[-2.0704,47.8118],[-2.0494,47.8171],[-2.0353,47.8328],[-2.0516,47.8406],[-2.0549,47.8687],[-2.0912,47.8434],[-2.1096,47.8489],[-2.0957,47.8617],[-2.1157,47.8902],[-2.1007,47.8957],[-2.1057,47.9023],[-2.0859,47.9036],[-2.0784,47.9192],[-2.144,47.984],[-2.1785,47.9799],[-2.1915,47.991],[-2.2369,47.9998],[-2.2876,47.9916],[-2.2746,48.0107],[-2.2798,48.0262],[-2.2636,48.0401],[-2.2423,48.0529],[-2.1886,48.0526],[-2.1685,48.0762],[-2.1809,48.0832],[-2.2196,48.0809],[-2.2372,48.0751],[-2.2345,48.0633],[-2.256,48.0631],[-2.2535,48.1064],[-2.2876,48.1338],[-2.3169,48.1356],[-2.3218,48.1227],[-2.3367,48.1193],[-2.349,48.1266],[-2.3579,48.1111],[-2.3757,48.1266],[-2.3746,48.1404],[-2.4189,48.173],[-2.4494,48.1729],[-2.4532,48.1635],[-2.4719,48.1598],[-2.4872,48.1669],[-2.4894,48.1551],[-2.5321,48.1578],[-2.514,48.1323],[-2.5344,48.1066],[-2.5549,48.0991],[-2.5474,48.0765],[-2.5645,48.0673],[-2.5785,48.0719],[-2.6258,48.0348],[-2.6454,48.0355],[-2.6451,48.0422],[-2.6556,48.0326],[-2.6732,48.0638],[-2.65,48.0973],[-2.6609,48.1308],[-2.6769,48.1312],[-2.7035,48.1125],[-2.7542,48.116],[-2.7732,48.0865],[-2.7818,48.121],[-2.8038,48.1451],[-2.8519,48.1415],[-2.8917,48.1649],[-2.9404,48.1717],[-2.9999,48.1606],[-2.9953,48.1708],[-3.0118,48.1721],[-3.0148,48.1979],[-3.0541,48.207],[-3.1157,48.2067],[-3.1368,48.19],[-3.1302,48.1769],[-3.1395,48.164],[-3.1551,48.1585],[-3.1591,48.168],[-3.1753,48.1588],[-3.1923,48.165],[-3.2151,48.1539],[-3.2115,48.1425],[-3.2414,48.1516],[-3.2827,48.1414],[-3.298,48.1557],[-3.3234,48.1495],[-3.3371,48.1719],[-3.3934,48.1517],[-3.4024,48.157],[-3.4173,48.1456],[-3.4389,48.1601],[-3.42,48.174],[-3.445,48.1871],[-3.4528,48.1774],[-3.47,48.1773],[-3.4771,48.1863],[-3.536,48.178],[-3.5648,48.1858]]]]},"properties":{"shapeName":"Morbihan","shapeISO":"","shapeID":"29444166B27439380359881","shapeGroup":"FRA","shapeType":"ADM2"}},
{"type":"Feature","geometry":{"type":"Polygon","coordinates":[[[7.0796,48.5366],[7.0917,48.5291],[7.1149,48.5377],[7.1351,48.5281],[7.1676,48.5275],[7.1929,48.5494],[7.2192,48.5536],[7.2656,48.5921],[7.2559,48.6006],[7.2797,48.6282],[7.2619,48.6318],[7.2767,48.6334],[7.3043,48.6601],[7.2647,48.6628],[7.2422,48.692],[7.2643,48.6985],[7.293,48.753],[7.3135,48.7674],[7.2876,48.7979],[7.261,48.7974],[7.2455,48.8103],[7.2581,48.8222],[7.2455,48.8168],[7.2221,48.8295],[7.2165,48.82],[7.1863,48.8338],[7.1957,48.8404],[7.1852,48.8503],[7.1756,48.8417],[7.1491,48.8446],[7.1478,48.822],[7.1237,48.8116],[7.1267,48.8013],[7.0779,48.7856],[7.0672,48.7995],[7.0881,48.8107],[7.0522,48.8149],[7.0513,48.8448],[7.0982,48.8512],[7.0957,48.8621],[7.0505,48.8589],[7.0483,48.8737],[6.9547,48.8939],[6.9647,48.9047],[6.9555,48.9223],[6.9406,48.9237],[6.9446,48.9348],[6.9602,48.9252],[6.9713,48.9284],[6.9908,48.9607],[7.0319,48.956],[7.0267,48.9694],[7.0413,48.9771],[7.0336,48.9944],[7.0786,49.0503],[7.0708,49.0695],[7.0993,49.0778],[7.1191,49.0683],[7.1014,49.0617],[7.1258,49.0059],[7.1743,49.0064],[7.2093,48.9801],[7.2385,48.988],[7.2931,48.9735],[7.2901,48.9564],[7.3268,48.9434],[7.3589,48.9576],[7.386,48.9515],[7.4517,48.968],[7.4796,48.9613],[7.5001,48.9447],[7.5262,48.9446],[7.5364,48.9324],[7.5561,48.9358],[7.5522,48.9425],[7.578,48.9573],[7.5876,48.9897],[7.6354,49.0541],[7.6297,49.0736],[7.6011,49.0832],[7.5636,49.0802],[7.5288,49.0971],[7.516,49.1208],[7.4895,49.1365],[7.506,49.1505],[7.4941,49.1696],[7.4346,49.1647],[7.4458,49.1843],[7.3654,49.1721],[7.3627,49.1432],[7.326,49.1434],[7.2936,49.115],[7.2818,49.1245],[7.2453,49.13],[7.2057,49.1235],[7.199,49.1152],[7.1843,49.1315],[7.1587,49.1205],[7.1356,49.1285],[7.1264,49.1421],[7.104,49.1385],[7.1135,49.152],[7.1015,49.156],[7.0804,49.1491],[7.0898,49.1305],[7.0525,49.1128],[7.0277,49.1701],[7.035,49.1914],[7.0109,49.1879],[6.9752,49.2094],[6.9596,49.2031],[6.9382,49.2224],[6.9188,49.2226],[6.8929,49.2088],[6.8594,49.2227],[6.838,49.2135],[6.8619,49.1791],[6.8443,49.173],[6.8474,49.1572],[6.8342,49.1513],[6.7826,49.1682],[6.7387,49.1636],[6.7113,49.1884],[6.7316,49.2059],[6.7233,49.2189],[6.6958,49.2152],[6.69,49.2496],[6.6614,49.2581],[6.6703,49.2802],[6.6153,49.3016],[6.589,49.3221],[6.5914,49.3359],[6.5785,49.3348],[6.5662,49.3472],[6.5636,49.3559],[6.588,49.3496],[6.6023,49.3671],[6.5829,49.3684],[6.5867,49.3852],[6.5407,49.4011],[6.5386,49.4124],[6.5559,49.421],[6.4645,49.4665],[6.4405,49.4667],[6.4281,49.477],[6.3934,49.4642],[6.3677,49.4694],[6.3644,49.4595],[6.2962,49.4802],[6.2799,49.5033],[6.2407,49.5149],[6.2138,49.5063],[6.175,49.5103],[6.1539,49.5016],[6.1618,49.4927],[6.1422,49.4869],[6.128,49.4939],[6.1234,49.4735],[6.0998,49.4675],[6.1008,49.4529],[6.0581,49.4664],[6.0418,49.4479],[6.0273,49.4483],[6.0281,49.4557],[5.9791,49.4527],[5.9881,49.4613],[5.974,49.4655],[5.9721,49.4914],[5.9401,49.501],[5.8934,49.4968],[5.8977,49.4807],[5.9293,49.4855],[5.9413,49.4757],[5.9317,49.4716],[5.9429,49.4518],[5.9305,49.4466],[5.9425,49.4302],[5.9111,49.4073],[5.9332,49.3959],[5.9359,49.3792],[5.9249,49.3731],[5.9784,49.3447],[5.9409,49.3357],[5.9859,49.3053],[6.0051,49.3108],[6.0057,49.2567],[6.0326,49.2507],[6.0289,49.2294],[6.0079,49.2215],[6.0032,49.2091],[5.9877,49.21],[5.9785,49.1951],[6.033,49.1653],[6.0098,49.1528],[5.9891,49.155],[5.9971,49.1488],[5.9815,49.1445],[6.0058,49.1132],[5.9315,49.1092],[5.9249,49.0922],[5.9405,49.0865],[5.9355,49.0699],[5.9511,49.0648],[5.9581,49.0473],[6.0149,49.0373],[6.0204,49.0234],[6.0446,49.0139],[6.0449,48.9831],[6.0294,48.99],[6.0313,48.9843],[6.0463,48.9764],[6.0731,48.9814],[6.0815,48.9631],[6.1172,48.9677],[6.1325,48.9345],[6.1724,48.9443],[6.1766,48.9347],[6.2224,48.9389],[6.2242,48.9271],[6.2416,48.9236],[6.2712,48.9333],[6.2877,48.9278],[6.2883,48.9163],[6.3113,48.9211],[6.3284,48.9002],[6.2973,48.8826],[6.3123,48.8651],[6.2977,48.8668],[6.3001,48.8523],[6.2841,48.8463],[6.3063,48.8333],[6.3395,48.8337],[6.3342,48.8258],[6.3173,48.8307],[6.3011,48.8238],[6.3319,48.8233],[6.3386,48.8111],[6.3562,48.8116],[6.3455,48.804],[6.3576,48.7791],[6.3708,48.7848],[6.3957,48.7747],[6.4333,48.7891],[6.4526,48.7799],[6.4534,48.7661],[6.4884,48.7664],[6.512,48.7546],[6.5052,48.7474],[6.5624,48.7565],[6.5991,48.7157],[6.626,48.7132],[6.6388,48.7011],[6.662,48.706],[6.6768,48.689],[6.6682,48.6673],[6.6856,48.6858],[6.6922,48.6731],[6.7275,48.6642],[6.7599,48.6699],[6.7641,48.652],[6.7772,48.654],[6.7825,48.6427],[6.8344,48.6438],[6.8531,48.6213],[6.9114,48.6206],[6.9303,48.6356],[6.9509,48.6109],[7.01,48.6115],[7.0168,48.6046],[6.9933,48.5936],[7.0342,48.5806],[7.0539,48.5519],[7.0841,48.5454],[7.0565,48.5392],[7.0796,48.5366]]]},"properties":{"shapeName":"Moselle","shapeISO":"","shapeID":"29444166B44143395752523","shapeGroup":"FRA","shapeType":"ADM2"}},
{"type":"Feature","geometry":{"type":"Polygon","coordinates":[[[3.6294,46.7496],[3.6592,46.7377],[3.7398,46.7524],[3.7837,46.7362],[3.7769,46.7295],[3.7973,46.7015],[3.8289,46.7045],[3.8445,46.7226],[3.8726,46.7254],[3.8764,46.7323],[3.8873,46.7272],[3.9127,46.7344],[3.9105,46.7429],[3.9284,46.7397],[3.9289,46.7514],[3.949,46.7525],[3.9941,46.7789],[4.0192,46.776],[4.0345,46.7877],[4.0553,46.7761],[4.0583,46.8212],[4.0426,46.8347],[4.1005,46.8645],[4.0699,46.8964],[4.0454,46.8999],[4.0394,46.9094],[4.036,46.9262],[4.0483,46.9321],[4.0395,46.9481],[4.0558,46.9571],[4.0394,46.9853],[4.0097,46.9713],[3.9939,46.9791],[4.0617,47.023],[4.057,47.0391],[4.0739,47.0559],[4.0387,47.0804],[4.0542,47.095],[4.0508,47.1128],[4.0603,47.1213],[4.0908,47.1162],[4.0947,47.1289],[4.1099,47.1182],[4.1164,47.1232],[4.1069,47.13],[4.1172,47.1318],[4.115,47.1461],[4.1446,47.1426],[4.1819,47.1505],[4.197,47.1474],[4.2097,47.1554],[4.2101,47.1797],[4.2311,47.1956],[4.2287,47.2083],[4.1791,47.2545],[4.1355,47.2374],[4.1255,47.2475],[4.1145,47.2922],[4.1341,47.3061],[4.1138,47.308],[4.129,47.3172],[4.1248,47.3359],[4.1423,47.356],[4.113,47.334],[4.1061,47.3393],[4.0446,47.3405],[4.0276,47.3135],[4.0023,47.3106],[3.9737,47.3313],[3.9618,47.3677],[3.973,47.3759],[3.95,47.394],[3.9444,47.3801],[3.909,47.3822],[3.8869,47.3648],[3.872,47.3658],[3.8594,47.3927],[3.894,47.4143],[3.8675,47.4347],[3.8515,47.4356],[3.8477,47.4122],[3.8346,47.4014],[3.8304,47.4084],[3.8199,47.4022],[3.8315,47.3927],[3.8168,47.3785],[3.7858,47.3904],[3.7863,47.405],[3.726,47.3982],[3.7023,47.4267],[3.6737,47.434],[3.674,47.4502],[3.6198,47.456],[3.6157,47.4669],[3.5871,47.4562],[3.5806,47.4978],[3.5529,47.502],[3.513,47.5274],[3.511,47.5507],[3.4984,47.5608],[3.4884,47.4939],[3.4501,47.4999],[3.4464,47.5118],[3.3901,47.5091],[3.38,47.4864],[3.3453,47.4786],[3.3459,47.4695],[3.3403,47.481],[3.307,47.4947],[3.2964,47.4917],[3.2853,47.504],[3.2755,47.4907],[3.2361,47.4883],[3.2048,47.5231],[3.1651,47.5175],[3.1347,47.5428],[3.1227,47.5396],[3.1239,47.5763],[3.1018,47.5882],[3.0224,47.5563],[2.9765,47.5695],[2.9588,47.5575],[2.9143,47.566],[2.9048,47.5563],[2.8739,47.5528],[2.8731,47.5452],[2.8566,47.5527],[2.8486,47.5377],[2.8745,47.5203],[2.9317,47.4379],[2.8716,47.3458],[2.8766,47.3219],[2.9108,47.3098],[2.9831,47.2608],[2.9791,47.2287],[3.0283,47.1284],[3.0314,47.0925],[3.0193,47.0682],[3.0638,47.0461],[3.0752,47.0293],[3.0626,46.9792],[3.0796,46.9556],[3.05,46.9089],[3.0695,46.8524],[3.0321,46.7949],[3.0378,46.7724],[3.0637,46.7476],[3.1296,46.7274],[3.1661,46.6914],[3.1981,46.6797],[3.2222,46.6852],[3.2696,46.7167],[3.3006,46.7165],[3.3136,46.689],[3.3466,46.6845],[3.3656,46.6897],[3.379,46.7125],[3.4344,46.7124],[3.4332,46.6934],[3.4531,46.69],[3.4553,46.6825],[3.4421,46.662],[3.4569,46.6518],[3.4861,46.6526],[3.5139,46.6836],[3.5304,46.6892],[3.5469,46.6782],[3.561,46.6889],[3.5477,46.7226],[3.5689,46.7154],[3.5768,46.723],[3.5772,46.715],[3.5976,46.724],[3.5757,46.7497],[3.5894,46.7619],[3.6019,46.7514],[3.6294,46.7496]]]},"properties":{"shapeName":"Nièvre","shapeISO":"","shapeID":"29444166B85399142595811","shapeGroup":"FRA","shapeType":"ADM2"}},
{"type":"Feature","geometry":{"type":"MultiPolygon","coordinates":[[[[3.0406,50.1599],[3.0405,50.1517],[3.0041,50.1505],[2.9936,50.1371],[3.0106,50.1128],[3.0371,50.1305],[3.074,50.1315],[3.068,50.1474],[3.0959,50.1631],[3.0899,50.1719],[3.0595,50.1742],[3.061,50.167],[3.0406,50.1599]]],[[[4.142,49.979],[4.1631,49.995],[4.1354,50.0151],[4.1527,50.0398],[4.1623,50.0493],[4.1943,50.0494],[4.2313,50.0714],[4.1967,50.1064],[4.1995,50.1342],[4.157,50.1353],[4.1544,50.1279],[4.127,50.1356],[4.1553,50.163],[4.148,50.1743],[4.1605,50.2023],[4.1504,50.2136],[4.1729,50.2171],[4.1817,50.2324],[4.22,50.2516],[4.2083,50.273],[4.1774,50.275],[4.1626,50.289],[4.1493,50.2755],[4.1676,50.2595],[4.1355,50.2574],[4.1182,50.3032],[4.0972,50.3135],[4.0789,50.3097],[4.0783,50.3207],[4.0242,50.3592],[3.9855,50.3422],[3.9733,50.348],[3.9674,50.3406],[3.9684,50.35],[3.9007,50.3269],[3.8857,50.327],[3.8872,50.341],[3.8572,50.3422],[3.847,50.353],[3.8243,50.3534],[3.815,50.3449],[3.8064,50.3554],[3.7472,50.351],[3.7338,50.3429],[3.7319,50.3115],[3.7101,50.3195],[3.7201,50.305],[3.7096,50.3033],[3.6839,50.3203],[3.6939,50.3218],[3.6747,50.3329],[3.6573,50.3686],[3.675,50.4023],[3.6628,50.456],[3.6076,50.4972],[3.5852,50.4905],[3.5691,50.5009],[3.5007,50.4867],[3.4962,50.4988],[3.52,50.5236],[3.4745,50.5337],[3.4489,50.5066],[3.4386,50.5107],[3.3765,50.4911],[3.3618,50.504],[3.2885,50.5258],[3.276,50.5586],[3.2852,50.5617],[3.2796,50.5959],[3.2401,50.6586],[3.2411,50.6688],[3.2653,50.6771],[3.2529,50.6897],[3.2611,50.7013],[3.2453,50.713],[3.2055,50.7118],[3.2098,50.7175],[3.1912,50.7256],[3.2,50.7346],[3.1504,50.7901],[3.127,50.7863],[3.1128,50.7946],[3.0878,50.7731],[3.056,50.7805],[3.0335,50.7698],[3.0149,50.7739],[2.9725,50.7503],[2.9513,50.7519],[2.9375,50.7436],[2.9447,50.7321],[2.9316,50.7281],[2.9289,50.7092],[2.9061,50.6925],[2.8854,50.7065],[2.8697,50.7033],[2.8481,50.723],[2.8192,50.7155],[2.7901,50.7258],[2.783,50.7515],[2.7659,50.7547],[2.762,50.7716],[2.7304,50.7881],[2.7241,50.8106],[2.6789,50.8134],[2.6693,50.8227],[2.6351,50.8129],[2.6167,50.848],[2.599,50.8489],[2.6129,50.8674],[2.608,50.9101],[2.5903,50.9191],[2.6329,50.9462],[2.6073,50.9911],[2.574,51.0032],[2.5628,51.0649],[2.5455,51.089],[2.4081,51.0527],[2.3624,51.0542],[2.3752,51.042],[2.3428,51.0574],[2.21,51.032],[2.1632,51.0441],[2.1105,51.0058],[2.0915,51.0157],[2.1024,51.0064],[2.0893,51.0028],[2.1354,50.9645],[2.2037,50.8496],[2.2134,50.8106],[2.27,50.7828],[2.288,50.787],[2.2889,50.777],[2.3126,50.7872],[2.3702,50.7714],[2.3714,50.7847],[2.4115,50.7667],[2.3389,50.7401],[2.3508,50.7199],[2.3876,50.6996],[2.3637,50.6848],[2.3749,50.6717],[2.4034,50.6817],[2.429,50.6571],[2.4967,50.6307],[2.533,50.6435],[2.5453,50.6252],[2.5642,50.6246],[2.5664,50.6333],[2.5911,50.6384],[2.5951,50.6314],[2.6146,50.6348],[2.6306,50.6176],[2.6751,50.6257],[2.6745,50.6379],[2.6959,50.6286],[2.7129,50.6321],[2.7458,50.6047],[2.7595,50.6354],[2.7858,50.6282],[2.7922,50.6337],[2.7588,50.6508],[2.7631,50.6594],[2.8098,50.6691],[2.8696,50.6312],[2.8431,50.6299],[2.7891,50.5832],[2.8079,50.5792],[2.8165,50.5647],[2.8155,50.5504],[2.7944,50.5494],[2.8001,50.5275],[2.8869,50.5378],[2.88,50.5155],[2.8915,50.5013],[2.9645,50.5127],[3.0285,50.484],[3.0069,50.4575],[3.0196,50.4525],[3.0163,50.4421],[3.0377,50.4417],[3.069,50.4577],[3.0656,50.4475],[3.0815,50.444],[3.0686,50.4257],[3.0387,50.4231],[3.0136,50.403],[2.9795,50.4038],[3.0081,50.3582],[3.0496,50.3443],[3.0843,50.3112],[3.0543,50.3021],[3.055,50.2823],[3.0156,50.284],[3.0107,50.269],[3.0337,50.266],[3.0485,50.2779],[3.1406,50.2651],[3.147,50.2463],[3.1756,50.2414],[3.1882,50.2288],[3.1787,50.219],[3.1384,50.2171],[3.1313,50.1996],[3.1564,50.1816],[3.1375,50.1667],[3.1009,50.162],[3.1363,50.143],[3.0923,50.121],[3.1141,50.0926],[3.1034,50.0787],[3.0881,50.0832],[3.0984,50.0682],[3.0867,50.067],[3.0903,50.0538],[3.1167,50.0375],[3.1185,50.0261],[3.1499,50.0273],[3.1471,50.0185],[3.1671,50.0211],[3.1725,50.0119],[3.1978,50.0151],[3.2289,50.0326],[3.2582,50.0244],[3.2581,50.032],[3.2711,50.0293],[3.2776,50.0144],[3.3294,50.0159],[3.3637,50.0369],[3.3989,50.0348],[3.4282,50.0221],[3.4907,50.0189],[3.5071,50.0358],[3.5439,50.0463],[3.5414,50.0552],[3.595,50.0441],[3.6141,50.0251],[3.6409,50.039],[3.6589,50.0293],[3.6623,50.0391],[3.6486,50.0427],[3.6597,50.0514],[3.7152,50.0695],[3.7774,50.0459],[3.7979,50.0485],[3.8156,50.0389],[3.8356,50.0484],[3.875,50.0365],[3.8871,50.0302],[3.8783,50.0279],[3.8897,50.0226],[3.8874,50.0096],[3.9823,50.0444],[3.9956,50.028],[3.9811,49.9937],[4.0053,49.9961],[4.012,49.9855],[4.0318,49.9824],[4.0602,49.9847],[4.0837,49.9789],[4.0852,49.9691],[4.142,49.979]]]]},"properties":{"shapeName":"Nord","shapeISO":"","shapeID":"29444166B41843467801289","shapeGroup":"FRA","shapeType":"ADM2"}},
{"type":"Feature","geometry":{"type":"MultiPolygon","coordinates":[[[[2.9817,49.2168],[2.9902,49.2107],[3.0038,49.2189],[2.9927,49.2233],[2.9817,49.2168]]],[[[3.1183,49.706],[3.0967,49.7058],[3.0836,49.6905],[3.0834,49.7127],[3.0524,49.7139],[3.0555,49.6936],[3.0405,49.697],[3.0282,49.6799],[2.997,49.7077],[2.9773,49.7057],[2.974,49.6973],[2.9485,49.6942],[2.9553,49.6652],[2.9401,49.6804],[2.9304,49.6767],[2.938,49.6814],[2.9255,49.683],[2.9135,49.7097],[2.892,49.6988],[2.8821,49.7138],[2.8663,49.7026],[2.8877,49.6877],[2.8886,49.671],[2.8658,49.6855],[2.8436,49.6586],[2.7969,49.6606],[2.7892,49.6402],[2.799,49.6205],[2.7865,49.6121],[2.7388,49.6273],[2.7204,49.6213],[2.6887,49.6254],[2.6681,49.5991],[2.6708,49.5815],[2.6497,49.5718],[2.6295,49.5795],[2.626,49.6109],[2.5932,49.6123],[2.571,49.5967],[2.5591,49.6054],[2.5664,49.619],[2.5413,49.6155],[2.541,49.6249],[2.5052,49.6396],[2.4779,49.6207],[2.4636,49.6276],[2.473,49.6356],[2.4535,49.6354],[2.4454,49.653],[2.4126,49.663],[2.3884,49.6559],[2.3709,49.6564],[2.3619,49.6668],[2.3507,49.6611],[2.3154,49.69],[2.3018,49.6811],[2.2471,49.7017],[2.1821,49.7042],[2.1518,49.7022],[2.1243,49.6878],[2.0816,49.6939],[2.0562,49.6839],[2.0483,49.6882],[2.064,49.6878],[2.0594,49.6973],[2.0467,49.6969],[2.0345,49.7107],[1.978,49.7097],[1.9717,49.7202],[1.9488,49.7007],[1.9333,49.72],[1.8943,49.6992],[1.8491,49.7017],[1.8378,49.7182],[1.8204,49.7227],[1.8396,49.7393],[1.8207,49.7392],[1.8092,49.7545],[1.7942,49.75],[1.7838,49.7583],[1.7498,49.7639],[1.7388,49.7493],[1.7459,49.7387],[1.7232,49.7302],[1.7131,49.7342],[1.7137,49.7058],[1.6889,49.6953],[1.7052,49.6813],[1.7398,49.7014],[1.7511,49.6944],[1.7524,49.6807],[1.7229,49.6723],[1.7211,49.6582],[1.6986,49.6442],[1.7216,49.6235],[1.6939,49.6011],[1.7092,49.5869],[1.7223,49.589],[1.7201,49.5817],[1.6904,49.5799],[1.7008,49.5797],[1.6977,49.5723],[1.7141,49.5776],[1.73,49.5614],[1.7228,49.5442],[1.7478,49.5387],[1.7409,49.5191],[1.7154,49.5056],[1.7398,49.5],[1.7451,49.4889],[1.7595,49.5114],[1.7803,49.5099],[1.7908,49.498],[1.772,49.485],[1.7759,49.4714],[1.7245,49.4412],[1.714,49.4093],[1.7165,49.4033],[1.7405,49.4056],[1.7205,49.394],[1.7613,49.3663],[1.7744,49.337],[1.7722,49.2911],[1.7976,49.2885],[1.7935,49.2743],[1.8029,49.2719],[1.7903,49.2468],[1.7669,49.252],[1.7589,49.2724],[1.7087,49.2647],[1.7044,49.2324],[1.7126,49.2413],[1.7121,49.233],[1.7404,49.2243],[1.7337,49.211],[1.7149,49.2074],[1.7399,49.1921],[1.7401,49.1808],[1.7549,49.1746],[1.7764,49.1849],[1.8031,49.1851],[1.8118,49.174],[1.8359,49.1764],[1.8364,49.1645],[1.8761,49.1751],[1.883,49.1626],[1.9315,49.175],[1.9497,49.1705],[1.9736,49.1839],[2.0015,49.1758],[2.0807,49.2107],[2.0977,49.1892],[2.128,49.1936],[2.1365,49.179],[2.1473,49.1881],[2.1645,49.1795],[2.158,49.1726],[2.1688,49.1639],[2.1823,49.1704],[2.1761,49.176],[2.2186,49.1807],[2.2354,49.167],[2.2233,49.1521],[2.2865,49.1599],[2.3013,49.184],[2.3133,49.1863],[2.3593,49.1473],[2.3729,49.1595],[2.3912,49.1493],[2.4403,49.1461],[2.4355,49.134],[2.4589,49.1409],[2.4715,49.1354],[2.503,49.1178],[2.4901,49.1062],[2.5313,49.0995],[2.533,49.1195],[2.5471,49.1164],[2.5564,49.124],[2.5579,49.0987],[2.5903,49.0799],[2.6339,49.1086],[2.6775,49.0882],[2.6958,49.0646],[2.7242,49.0807],[2.7346,49.0605],[2.754,49.0608],[2.7873,49.0755],[2.7689,49.0835],[2.7891,49.083],[2.7839,49.0889],[2.8092,49.0975],[2.8224,49.0862],[2.8451,49.0848],[2.8561,49.0701],[2.8957,49.0773],[2.9015,49.0854],[2.9415,49.0773],[2.9458,49.0883],[2.968,49.0915],[2.9868,49.0709],[3.0085,49.0916],[3.0661,49.0852],[3.0559,49.1009],[3.072,49.1178],[3.0983,49.1311],[3.0941,49.1424],[3.1111,49.1317],[3.117,49.1386],[3.1051,49.148],[3.1275,49.145],[3.1483,49.161],[3.1082,49.1659],[3.1172,49.1895],[3.1011,49.1979],[3.0843,49.173],[3.0933,49.1547],[3.0815,49.1653],[3.0843,49.1928],[3.0637,49.193],[3.0563,49.2001],[3.0651,49.2049],[3.0354,49.2051],[3.0177,49.217],[2.9944,49.2095],[2.9965,49.1999],[3.0089,49.1842],[3.0261,49.193],[3.038,49.1691],[3.0229,49.1702],[2.9929,49.1957],[2.9838,49.1844],[2.9717,49.1879],[2.9646,49.2327],[3.0027,49.2357],[3.0164,49.2302],[3.0038,49.2216],[3.021,49.2162],[3.0419,49.2304],[3.0257,49.2594],[3.0375,49.2863],[3.0284,49.29],[3.0171,49.28],[3.0205,49.2903],[2.9861,49.2878],[2.9943,49.2984],[2.9679,49.3026],[2.9803,49.3113],[2.9645,49.3216],[3.0016,49.3403],[3.0441,49.329],[3.0751,49.349],[3.0771,49.3715],[3.095,49.3765],[3.0942,49.434],[3.1005,49.4393],[3.1314,49.4316],[3.1651,49.4408],[3.1606,49.4519],[3.1073,49.4682],[3.1072,49.4759],[3.1244,49.4801],[3.1218,49.4938],[3.0955,49.5136],[3.1257,49.5234],[3.1265,49.5729],[3.1407,49.5752],[3.122,49.604],[3.0936,49.6225],[3.1128,49.6313],[3.0975,49.6568],[3.1173,49.6668],[3.1278,49.6618],[3.1144,49.6837],[3.1264,49.6967],[3.1183,49.706]]]]},"properties":{"shapeName":"Oise","shapeISO":"","shapeID":"29444166B63675080210399","shapeGroup":"FRA","shapeType":"ADM2"}},
{"type":"Feature","geometry":{"type":"Polygon","coordinates":[[[-0.8412,48.7524],[-0.8521,48.746],[-0.8498,48.7309],[-0.8178,48.7312],[-0.7907,48.7043],[-0.7351,48.686],[-0.7731,48.6579],[-0.7631,48.6314],[-0.7384,48.6224],[-0.7527,48.6223],[-0.7517,48.6019],[-0.77,48.5897],[-0.7743,48.5629],[-0.8474,48.5216],[-0.8603,48.5015],[-0.8148,48.4722],[-0.8132,48.4552],[-0.7968,48.4662],[-0.7779,48.4655],[-0.7798,48.4461],[-0.7646,48.4363],[-0.7149,48.449],[-0.736,48.4614],[-0.7309,48.4732],[-0.7144,48.4691],[-0.7047,48.4756],[-0.6922,48.4681],[-0.6688,48.4865],[-0.6558,48.475],[-0.6511,48.4439],[-0.5953,48.4726],[-0.5512,48.4733],[-0.5099,48.5091],[-0.4889,48.5013],[-0.4474,48.5154],[-0.4235,48.5068],[-0.3958,48.5104],[-0.3935,48.5012],[-0.3532,48.4837],[-0.3559,48.4957],[-0.3372,48.5008],[-0.3201,48.5231],[-0.2881,48.5194],[-0.2852,48.5064],[-0.2715,48.5074],[-0.2748,48.5179],[-0.2409,48.5369],[-0.2627,48.5484],[-0.2462,48.5664],[-0.2172,48.558],[-0.2082,48.5642],[-0.1444,48.5277],[-0.1733,48.5098],[-0.1561,48.496],[-0.1475,48.4569],[-0.1063,48.447],[-0.0731,48.4506],[-0.0707,48.4584],[-0.051,48.453],[-0.0549,48.3821],[-0.05,48.3752],[-0.0018,48.3975],[0.0165,48.3813],[0.0612,48.3798],[0.0538,48.3919],[0.0705,48.4091],[0.0999,48.4102],[0.1174,48.4364],[0.1577,48.4408],[0.1459,48.4576],[0.1713,48.4495],[0.1731,48.4652],[0.1904,48.4619],[0.2136,48.4736],[0.2489,48.474],[0.2655,48.485],[0.3006,48.4806],[0.3568,48.4578],[0.3826,48.4251],[0.3739,48.387],[0.3881,48.3493],[0.3825,48.334],[0.3957,48.3203],[0.406,48.3148],[0.4164,48.3224],[0.4313,48.3066],[0.4805,48.2985],[0.4902,48.3096],[0.5075,48.2953],[0.4935,48.2834],[0.513,48.2667],[0.5326,48.2648],[0.5365,48.2493],[0.6243,48.2455],[0.6339,48.2343],[0.6402,48.2614],[0.6831,48.255],[0.7236,48.1983],[0.7577,48.1799],[0.7979,48.1948],[0.8303,48.214],[0.7875,48.2613],[0.7935,48.2843],[0.8077,48.2898],[0.7785,48.3034],[0.7557,48.2999],[0.7691,48.3224],[0.7915,48.3428],[0.8184,48.3495],[0.828,48.3423],[0.8399,48.3527],[0.8523,48.3485],[0.8714,48.3596],[0.8835,48.3565],[0.9006,48.374],[0.9091,48.3703],[0.9504,48.3995],[0.9444,48.4171],[0.9766,48.4411],[0.9578,48.4427],[0.9357,48.4756],[0.9564,48.4824],[0.9415,48.4988],[0.9674,48.5239],[0.9225,48.5377],[0.9393,48.5492],[0.9257,48.5599],[0.8506,48.5826],[0.8471,48.6097],[0.8196,48.6099],[0.8318,48.6334],[0.8217,48.6361],[0.8148,48.6702],[0.7961,48.6753],[0.7823,48.6667],[0.7687,48.6699],[0.7665,48.6966],[0.7313,48.7033],[0.775,48.7374],[0.7494,48.7608],[0.7594,48.7676],[0.7322,48.7856],[0.689,48.7936],[0.6076,48.8328],[0.6362,48.8544],[0.6092,48.8533],[0.6023,48.8626],[0.6155,48.8775],[0.5896,48.8726],[0.5956,48.888],[0.578,48.8937],[0.5513,48.8744],[0.4632,48.8885],[0.4528,48.8791],[0.4431,48.8813],[0.4482,48.8913],[0.4206,48.8869],[0.4212,48.8987],[0.3861,48.9105],[0.4127,48.9504],[0.4002,48.9528],[0.4063,48.9632],[0.3775,48.9725],[0.3585,48.9506],[0.3331,48.9427],[0.3085,48.9544],[0.2774,48.95],[0.2803,48.9632],[0.2637,48.9649],[0.2451,48.9594],[0.2324,48.9393],[0.2174,48.9464],[0.1952,48.9435],[0.1796,48.9296],[0.1539,48.9245],[0.1433,48.9452],[0.1269,48.9521],[0.1007,48.9344],[0.081,48.9384],[0.071,48.9321],[0.056,48.9017],[-0.007,48.8857],[-0.0062,48.8724],[-0.0268,48.8766],[-0.0669,48.8397],[-0.0828,48.8449],[-0.1151,48.8392],[-0.1259,48.8473],[-0.1233,48.8397],[-0.1464,48.8346],[-0.1277,48.8165],[-0.17,48.8247],[-0.205,48.8468],[-0.2129,48.8402],[-0.2617,48.8536],[-0.2989,48.8493],[-0.306,48.8584],[-0.3303,48.8563],[-0.3265,48.84],[-0.3456,48.8219],[-0.3733,48.835],[-0.3603,48.8481],[-0.3857,48.8451],[-0.4066,48.8703],[-0.4264,48.8656],[-0.4325,48.875],[-0.434,48.8688],[-0.4635,48.8715],[-0.4763,48.8589],[-0.4962,48.8585],[-0.4993,48.847],[-0.5488,48.848],[-0.5712,48.8302],[-0.5806,48.838],[-0.6455,48.8273],[-0.6436,48.8411],[-0.6932,48.8475],[-0.7056,48.8369],[-0.6821,48.8219],[-0.7128,48.8005],[-0.7807,48.7866],[-0.8207,48.7532],[-0.8412,48.7524]]]},"properties":{"shapeName":"Orne","shapeISO":"","shapeID":"29444166B96504219230077","shapeGroup":"FRA","shapeType":"ADM2"}},
{"type":"Feature","geometry":{"type":"Polygon","coordinates":[[[2.0893,51.0028],[2.0744,51.0069],[2.0908,51.01],[2.0487,51.004],[2.0427,50.9972],[1.9496,50.9839],[1.9417,50.9885],[1.8887,50.9725],[1.8744,50.982],[1.8536,50.9812],[1.8371,50.9645],[1.7269,50.937],[1.6434,50.8787],[1.5811,50.87],[1.6069,50.7706],[1.5943,50.7505],[1.6015,50.7236],[1.5841,50.7312],[1.5755,50.7169],[1.5751,50.7279],[1.5628,50.7253],[1.5736,50.7166],[1.5608,50.6986],[1.5782,50.6407],[1.5764,50.5724],[1.6444,50.5092],[1.5862,50.5394],[1.5557,50.3995],[1.5793,50.3774],[1.6255,50.372],[1.6463,50.3484],[1.6447,50.3395],[1.6618,50.3384],[1.6656,50.3298],[1.6931,50.3378],[1.6897,50.3438],[1.7282,50.3459],[1.7618,50.3616],[1.805,50.3596],[1.8725,50.3343],[1.8812,50.3182],[1.9101,50.3114],[1.9463,50.3317],[1.9641,50.3212],[1.9629,50.3111],[1.9316,50.2992],[1.9457,50.2879],[1.9604,50.2906],[2.0115,50.2675],[2.0269,50.2696],[2.0762,50.2519],[2.0634,50.2346],[2.0845,50.2166],[2.0859,50.201],[2.0946,50.2084],[2.1143,50.203],[2.1291,50.2099],[2.149,50.1909],[2.1738,50.2092],[2.2131,50.2187],[2.2248,50.2081],[2.2462,50.2111],[2.2699,50.229],[2.2988,50.2119],[2.3203,50.2204],[2.3272,50.2131],[2.3314,50.2225],[2.3146,50.2349],[2.3332,50.2391],[2.3592,50.2062],[2.404,50.2341],[2.4508,50.2308],[2.4953,50.1946],[2.4508,50.179],[2.4261,50.179],[2.4134,50.1624],[2.389,50.1549],[2.3754,50.1094],[2.3948,50.1103],[2.4187,50.0878],[2.4301,50.0884],[2.455,50.1314],[2.5152,50.141],[2.5334,50.1139],[2.5573,50.1426],[2.5868,50.1373],[2.5699,50.1224],[2.576,50.1133],[2.593,50.1065],[2.6283,50.1094],[2.6386,50.0972],[2.6907,50.093],[2.7037,50.0807],[2.7191,50.0878],[2.6956,50.1022],[2.7141,50.1098],[2.7088,50.1286],[2.7625,50.1097],[2.7769,50.1159],[2.7821,50.0911],[2.7589,50.0682],[2.764,50.0607],[2.7425,50.0482],[2.7634,50.0383],[2.8552,50.0781],[2.8553,50.0623],[2.8778,50.0428],[2.8499,50.0305],[2.8638,50.0199],[2.8969,50.0375],[2.9171,50.0349],[2.9203,50.0491],[2.9329,50.0433],[2.9457,50.0541],[2.9718,50.0416],[3.0148,50.0592],[3.0744,50.0453],[3.0903,50.0538],[3.0867,50.067],[3.0984,50.0682],[3.0881,50.0832],[3.1034,50.0787],[3.1141,50.0926],[3.0923,50.121],[3.1363,50.143],[3.1009,50.162],[3.1375,50.1667],[3.1564,50.1816],[3.1313,50.1996],[3.1384,50.2171],[3.1787,50.219],[3.1882,50.2288],[3.1756,50.2414],[3.147,50.2463],[3.1406,50.2651],[3.0485,50.2779],[3.0337,50.266],[3.0107,50.269],[3.0156,50.284],[3.055,50.2823],[3.0543,50.3021],[3.0843,50.3112],[3.0496,50.3443],[3.0081,50.3582],[2.9795,50.4038],[3.0136,50.403],[3.0387,50.4231],[3.0686,50.4257],[3.0815,50.444],[3.0656,50.4475],[3.069,50.4577],[3.0377,50.4417],[3.0163,50.4421],[3.0196,50.4525],[3.0069,50.4575],[3.0285,50.484],[2.9645,50.5127],[2.8915,50.5013],[2.88,50.5155],[2.8869,50.5378],[2.8001,50.5275],[2.7944,50.5494],[2.8155,50.5504],[2.8165,50.5647],[2.8079,50.5792],[2.7891,50.5832],[2.8431,50.6299],[2.8696,50.6312],[2.8098,50.6691],[2.7631,50.6594],[2.7588,50.6508],[2.7922,50.6337],[2.7858,50.6282],[2.7595,50.6354],[2.7458,50.6047],[2.7129,50.6321],[2.6959,50.6286],[2.6745,50.6379],[2.6751,50.6257],[2.6306,50.6176],[2.6146,50.6348],[2.5951,50.6314],[2.5911,50.6384],[2.5664,50.6333],[2.5642,50.6246],[2.5453,50.6252],[2.533,50.6435],[2.4967,50.6307],[2.429,50.6571],[2.4034,50.6817],[2.3749,50.6717],[2.3637,50.6848],[2.3876,50.6996],[2.3508,50.7199],[2.3389,50.7401],[2.4115,50.7667],[2.3714,50.7847],[2.3702,50.7714],[2.3126,50.7872],[2.2889,50.777],[2.288,50.787],[2.27,50.7828],[2.2134,50.8106],[2.2037,50.8496],[2.1354,50.9645],[2.0893,51.0028]],[[3.0406,50.1599],[3.061,50.167],[3.0595,50.1742],[3.0899,50.1719],[3.0959,50.1631],[3.068,50.1474],[3.074,50.1315],[3.0371,50.1305],[3.0106,50.1128],[2.9936,50.1371],[3.0041,50.1505],[3.0405,50.1517],[3.0406,50.1599]]]},"properties":{"shapeName":"Pas-de-Calais","shapeISO":"","shapeID":"29444166B36983248378212","shapeGroup":"FRA","shapeType":"ADM2"}},
{"type":"Feature","geometry":{"type":"Polygon","coordinates":[[[2.5663,46.1431],[2.5473,46.113],[2.5505,46.0858],[2.5703,46.0474],[2.6027,46.0332],[2.5932,45.9905],[2.609,45.9667],[2.5632,45.9562],[2.5697,45.9474],[2.5512,45.9412],[2.5414,45.9206],[2.5576,45.9125],[2.5142,45.8856],[2.5021,45.8886],[2.4922,45.8642],[2.4702,45.8725],[2.4432,45.8663],[2.4476,45.8456],[2.4359,45.847],[2.4306,45.8342],[2.4031,45.8387],[2.3881,45.8274],[2.427,45.7945],[2.4448,45.7582],[2.4688,45.7564],[2.4922,45.7379],[2.5236,45.7111],[2.5286,45.6821],[2.5126,45.6696],[2.5287,45.6588],[2.5168,45.6391],[2.4841,45.64],[2.4803,45.6114],[2.4611,45.5963],[2.4907,45.5607],[2.517,45.5522],[2.5084,45.4783],[2.5439,45.4791],[2.5362,45.4568],[2.5636,45.4658],[2.5867,45.4495],[2.6038,45.4501],[2.6177,45.4701],[2.6238,45.4439],[2.648,45.4439],[2.6627,45.4342],[2.6874,45.4382],[2.6806,45.4074],[2.7041,45.3989],[2.7145,45.3815],[2.7424,45.3933],[2.7851,45.3846],[2.8139,45.4015],[2.8292,45.3897],[2.8524,45.3923],[2.8676,45.3763],[2.8864,45.383],[2.9007,45.3708],[2.9227,45.3682],[2.9272,45.3399],[2.9486,45.3091],[2.9995,45.2904],[3.0183,45.2871],[3.0222,45.2957],[3.0591,45.3068],[3.0603,45.3308],[3.0872,45.3386],[3.1037,45.3541],[3.1809,45.3511],[3.1815,45.3648],[3.2184,45.3693],[3.2359,45.3947],[3.2539,45.3886],[3.2896,45.4008],[3.2983,45.4204],[3.3201,45.4132],[3.3275,45.3967],[3.3407,45.4215],[3.356,45.4226],[3.3785,45.4007],[3.4202,45.3974],[3.4626,45.4016],[3.4798,45.4211],[3.5013,45.4276],[3.5076,45.41],[3.5288,45.3989],[3.5565,45.3916],[3.5706,45.4021],[3.5897,45.3575],[3.6186,45.3375],[3.6449,45.3511],[3.6449,45.3593],[3.6638,45.3615],[3.6699,45.3834],[3.6796,45.3842],[3.6889,45.3735],[3.7075,45.3757],[3.6999,45.3595],[3.7297,45.3613],[3.7407,45.3528],[3.7901,45.3539],[3.7852,45.3705],[3.8049,45.3921],[3.8223,45.3801],[3.8362,45.3831],[3.8374,45.3659],[3.8463,45.3705],[3.8706,45.3554],[3.8975,45.357],[3.8891,45.3934],[3.8985,45.4103],[3.9141,45.4226],[3.9631,45.4356],[3.9599,45.4436],[3.9751,45.4483],[3.9664,45.472],[3.9835,45.4823],[3.9847,45.4954],[3.9619,45.506],[3.946,45.5444],[3.9545,45.5558],[3.9351,45.5786],[3.8609,45.6155],[3.8582,45.6251],[3.8232,45.6327],[3.7768,45.6912],[3.7809,45.7247],[3.7578,45.7469],[3.7459,45.7411],[3.7271,45.7555],[3.7388,45.7664],[3.7318,45.7745],[3.6884,45.7915],[3.7116,45.7995],[3.7284,45.8313],[3.7188,45.8483],[3.7285,45.8627],[3.7155,45.8705],[3.7351,45.8707],[3.7544,45.8861],[3.7245,45.9213],[3.694,45.9307],[3.6768,45.958],[3.6415,45.9668],[3.632,45.961],[3.6254,45.9859],[3.5923,46.0243],[3.5436,46.0132],[3.5393,46.0213],[3.5236,46.0219],[3.5252,46.0107],[3.5066,46.0171],[3.4639,46.0082],[3.4618,46.0398],[3.472,46.0396],[3.4595,46.0611],[3.4345,46.0606],[3.4196,46.0744],[3.3316,46.0439],[3.3352,46.055],[3.3025,46.0659],[3.2449,46.0622],[3.2145,46.0749],[3.1842,46.075],[3.1746,46.0658],[3.1313,46.0693],[3.0982,46.0834],[3.0911,46.1143],[3.0661,46.1026],[3.0143,46.103],[3.0017,46.1201],[2.9714,46.1215],[2.9625,46.1303],[2.9529,46.1711],[2.9104,46.1785],[2.9212,46.1824],[2.9144,46.2136],[2.9412,46.2245],[2.9315,46.2326],[2.9459,46.2417],[2.9218,46.2503],[2.8649,46.2495],[2.8599,46.2566],[2.8382,46.2514],[2.819,46.2416],[2.8235,46.2205],[2.8086,46.1947],[2.7326,46.2235],[2.7208,46.212],[2.7321,46.1945],[2.7232,46.1815],[2.6748,46.1722],[2.6685,46.1441],[2.6407,46.1184],[2.6104,46.1299],[2.5908,46.127],[2.5663,46.1431]]]},"properties":{"shapeName":"Puy-de-Dôme","shapeISO":"","shapeID":"29444166B44853968900127","shapeGroup":"FRA","shapeType":"ADM2"}},
{"type":"Feature","geometry":{"type":"Polygon","coordinates":[[[-0.2425,43.5848],[-0.2831,43.5862],[-0.2905,43.5682],[-0.3011,43.5712],[-0.3042,43.5598],[-0.3361,43.5506],[-0.3944,43.5693],[-0.4494,43.55],[-0.4635,43.5667],[-0.4479,43.5666],[-0.4314,43.5844],[-0.449,43.5962],[-0.5521,43.5433],[-0.5668,43.5583],[-0.5966,43.5384],[-0.6142,43.5376],[-0.6334,43.5543],[-0.6582,43.5559],[-0.641,43.5748],[-0.6874,43.5573],[-0.7077,43.5601],[-0.7082,43.5413],[-0.7178,43.5406],[-0.7683,43.5795],[-0.8033,43.5562],[-0.8195,43.5614],[-0.8426,43.5538],[-0.8472,43.5419],[-0.8942,43.5508],[-0.9203,43.5448],[-0.9262,43.5319],[-0.9396,43.5386],[-0.9485,43.5321],[-1.0012,43.5383],[-0.9892,43.5313],[-0.9926,43.5044],[-1.0238,43.5017],[-1.0466,43.5143],[-1.0689,43.5083],[-1.0813,43.5231],[-1.0875,43.5109],[-1.1094,43.5141],[-1.1451,43.4874],[-1.1532,43.4969],[-1.1689,43.4922],[-1.1718,43.5052],[-1.1329,43.5098],[-1.1307,43.519],[-1.1843,43.5472],[-1.2911,43.4982],[-1.3251,43.5051],[-1.3677,43.4951],[-1.4178,43.497],[-1.4312,43.5145],[-1.4658,43.5163],[-1.461,43.5331],[-1.477,43.5395],[-1.494,43.5285],[-1.5209,43.5288],[-1.5474,43.494],[-1.5696,43.4842],[-1.5971,43.4318],[-1.6611,43.4032],[-1.6663,43.3884],[-1.6827,43.3897],[-1.6827,43.3966],[-1.733,43.3801],[-1.752,43.3848],[-1.7765,43.373],[-1.7888,43.3784],[-1.7924,43.3706],[-1.7838,43.3486],[-1.7375,43.3303],[-1.7302,43.2958],[-1.6954,43.3123],[-1.624,43.306],[-1.6307,43.285],[-1.6088,43.2519],[-1.5752,43.2499],[-1.5571,43.2795],[-1.565,43.288],[-1.5353,43.2947],[-1.506,43.2935],[-1.4924,43.2805],[-1.4385,43.2666],[-1.4069,43.2718],[-1.3825,43.2531],[-1.3816,43.1896],[-1.4021,43.1782],[-1.4022,43.1557],[-1.4164,43.1493],[-1.4142,43.1284],[-1.4732,43.0867],[-1.4412,43.0463],[-1.3539,43.0283],[-1.343,43.0544],[-1.3448,43.0944],[-1.3214,43.1127],[-1.2702,43.1183],[-1.2998,43.0923],[-1.3098,43.0692],[-1.2711,43.0552],[-1.263,43.0439],[-1.2476,43.0426],[-1.2297,43.0555],[-1.181,43.0326],[-1.1642,43.0351],[-1.1454,43.0257],[-1.1419,43.0076],[-1.115,43.024],[-1.0723,42.998],[-1.0167,42.995],[-0.9971,42.9754],[-0.945,42.9534],[-0.9084,42.9645],[-0.8639,42.9508],[-0.8105,42.9513],[-0.79,42.964],[-0.7529,42.9679],[-0.7307,42.9468],[-0.7241,42.9224],[-0.7365,42.9132],[-0.732,42.8961],[-0.6992,42.8788],[-0.6787,42.8845],[-0.6558,42.8585],[-0.6023,42.8316],[-0.5991,42.8046],[-0.5692,42.8069],[-0.5705,42.783],[-0.5521,42.7779],[-0.5436,42.7932],[-0.5235,42.7974],[-0.5251,42.8121],[-0.5057,42.8273],[-0.4418,42.7954],[-0.4119,42.8087],[-0.3855,42.8007],[-0.3469,42.8378],[-0.3244,42.8346],[-0.3133,42.8494],[-0.3071,42.87],[-0.3272,42.9165],[-0.2812,42.9343],[-0.2909,42.9608],[-0.2876,43.0054],[-0.2594,43.0137],[-0.2607,43.0386],[-0.2239,43.0337],[-0.182,43.0525],[-0.1989,43.0644],[-0.1862,43.0842],[-0.1977,43.0984],[-0.194,43.1151],[-0.1753,43.1102],[-0.1461,43.1281],[-0.1177,43.1803],[-0.106,43.1666],[-0.0949,43.1773],[-0.0681,43.1773],[-0.0737,43.2234],[-0.0498,43.2173],[-0.0169,43.2717],[-0.0445,43.2857],[-0.0449,43.3041],[-0.0256,43.3298],[0.01,43.3252],[0.0298,43.3461],[-0.0059,43.3732],[0.0097,43.4222],[-0.0047,43.4315],[-0.0009,43.4451],[-0.0164,43.4439],[-0.0248,43.43],[-0.0323,43.4337],[-0.0438,43.4096],[-0.0671,43.4104],[-0.0505,43.4192],[-0.0708,43.4354],[-0.065,43.4636],[-0.0192,43.4652],[-0.0174,43.4721],[-0.0347,43.4748],[-0.0341,43.4884],[-0.0497,43.4919],[-0.04,43.5126],[-0.0658,43.5484],[-0.0938,43.5435],[-0.0971,43.5822],[-0.1215,43.5869],[-0.1609,43.5806],[-0.1766,43.5968],[-0.2047,43.5836],[-0.2108,43.5932],[-0.2425,43.5848]],[[-0.1031,43.3587],[-0.1073,43.371],[-0.0944,43.3744],[-0.065,43.355],[-0.0751,43.3072],[-0.1107,43.3124],[-0.11,43.3379],[-0.0866,43.3353],[-0.0902,43.3592],[-0.1031,43.3587]],[[-0.1032,43.243],[-0.1217,43.2411],[-0.1407,43.2719],[-0.112,43.3107],[-0.0891,43.3012],[-0.096,43.2855],[-0.0794,43.2717],[-0.1032,43.243]]]},"properties":{"shapeName":"Pyrénées-Atlantiques","shapeISO":"","shapeID":"29444166B97877070376653","shapeGroup":"FRA","shapeType":"ADM2"}},
{"type":"Feature","geometry":{"type":"MultiPolygon","coordinates":[[[[-0.1032,43.243],[-0.0794,43.2717],[-0.096,43.2855],[-0.0891,43.3012],[-0.112,43.3107],[-0.1407,43.2719],[-0.1217,43.2411],[-0.1032,43.243]]],[[[-0.1031,43.3587],[-0.0902,43.3592],[-0.0866,43.3353],[-0.11,43.3379],[-0.1107,43.3124],[-0.0751,43.3072],[-0.065,43.355],[-0.0944,43.3744],[-0.1073,43.371],[-0.1031,43.3587]]],[[[0.6071,43.3108],[0.5515,43.3297],[0.5079,43.3341],[0.4942,43.3251],[0.4452,43.3407],[0.4431,43.3279],[0.4107,43.3296],[0.3963,43.3334],[0.3993,43.3502],[0.3892,43.3561],[0.3319,43.3432],[0.3272,43.373],[0.3082,43.3674],[0.2981,43.3885],[0.2324,43.3679],[0.2063,43.368],[0.1995,43.3756],[0.1818,43.3712],[0.1738,43.4028],[0.1531,43.3994],[0.1322,43.424],[0.1662,43.4446],[0.1496,43.4655],[0.1347,43.4665],[0.1166,43.515],[0.0897,43.5104],[0.0808,43.5243],[0.0527,43.5173],[0.0426,43.5351],[0.0293,43.5451],[0.0158,43.5434],[-0.0026,43.5657],[-0.015,43.6055],[-0.0395,43.6056],[-0.0447,43.6133],[-0.0739,43.6065],[-0.0769,43.5901],[-0.0974,43.5896],[-0.0971,43.5822],[-0.0938,43.5435],[-0.0658,43.5484],[-0.04,43.5126],[-0.0497,43.4919],[-0.0341,43.4884],[-0.0347,43.4748],[-0.0174,43.4721],[-0.0192,43.4652],[-0.065,43.4636],[-0.0708,43.4354],[-0.0505,43.4192],[-0.0671,43.4104],[-0.0438,43.4096],[-0.0323,43.4337],[-0.0248,43.43],[-0.0164,43.4439],[-0.0009,43.4451],[-0.0047,43.4315],[0.0097,43.4222],[-0.0059,43.3732],[0.0298,43.3461],[0.01,43.3252],[-0.0256,43.3298],[-0.0449,43.3041],[-0.0445,43.2857],[-0.0169,43.2717],[-0.0498,43.2173],[-0.0737,43.2234],[-0.0681,43.1773],[-0.0949,43.1773],[-0.106,43.1666],[-0.1177,43.1803],[-0.1461,43.1281],[-0.1753,43.1102],[-0.194,43.1151],[-0.1977,43.0984],[-0.1862,43.0842],[-0.1989,43.0644],[-0.182,43.0525],[-0.2239,43.0337],[-0.2607,43.0386],[-0.2594,43.0137],[-0.2876,43.0054],[-0.2909,42.9608],[-0.2812,42.9343],[-0.3272,42.9165],[-0.3071,42.87],[-0.3133,42.8494],[-0.2548,42.8193],[-0.2434,42.8234],[-0.2389,42.8087],[-0.1887,42.7869],[-0.1602,42.798],[-0.1498,42.7693],[-0.1228,42.7516],[-0.1115,42.726],[-0.0684,42.718],[-0.0563,42.6923],[0.0004,42.6853],[0.0147,42.7018],[0.0587,42.6974],[0.0771,42.7146],[0.1162,42.7108],[0.1367,42.7225],[0.1623,42.7232],[0.1758,42.7371],[0.2256,42.7177],[0.26,42.7163],[0.2638,42.6932],[0.2952,42.6732],[0.3213,42.6828],[0.3253,42.7052],[0.3602,42.7242],[0.3928,42.7132],[0.3952,42.6994],[0.4222,42.6905],[0.4778,42.7],[0.4846,42.7103],[0.449,42.7339],[0.4631,42.7434],[0.4546,42.7716],[0.4675,42.8467],[0.4602,42.852],[0.4773,42.8783],[0.5623,42.8608],[0.5759,42.8708],[0.5998,42.9276],[0.6461,42.9603],[0.6186,42.9729],[0.6114,42.9883],[0.6278,42.9982],[0.6079,43.0343],[0.5932,43.0355],[0.5915,43.0224],[0.5666,43.0209],[0.542,43.001],[0.5282,43.0047],[0.5379,43.0416],[0.5672,43.0374],[0.5529,43.0656],[0.5642,43.0743],[0.5316,43.0829],[0.5326,43.0938],[0.5008,43.0962],[0.5026,43.1066],[0.4892,43.1154],[0.453,43.1113],[0.4644,43.1181],[0.4417,43.131],[0.5222,43.1919],[0.5266,43.1988],[0.5059,43.1982],[0.5176,43.2126],[0.5521,43.2093],[0.5737,43.22],[0.5728,43.2333],[0.5504,43.236],[0.5966,43.2739],[0.6143,43.2774],[0.6164,43.2894],[0.6362,43.2958],[0.6071,43.3108]]]]},"properties":{"shapeName":"Hautes-Pyrénées","shapeISO":"","shapeID":"29444166B21169725107025","shapeGroup":"FRA","shapeType":"ADM2"}},
{"type":"Feature","geometry":{"type":"Polygon","coordinates":[[[1.7861,42.5737],[1.7482,42.5631],[1.7349,42.55],[1.7335,42.5279],[1.7215,42.5173],[1.7301,42.4924],[1.8234,42.4866],[1.8912,42.4477],[1.937,42.4537],[1.941,42.43],[1.9586,42.4241],[1.9653,42.3809],[2.0161,42.3471],[2.0328,42.358],[2.0847,42.3618],[2.0895,42.3738],[2.1168,42.3833],[2.1256,42.4098],[2.1489,42.4209],[2.1676,42.4249],[2.2014,42.4164],[2.2568,42.4387],[2.2911,42.4229],[2.3122,42.4284],[2.361,42.4027],[2.4325,42.3936],[2.4335,42.3772],[2.4548,42.3698],[2.4809,42.341],[2.5325,42.3329],[2.5708,42.3582],[2.6718,42.3409],[2.6752,42.357],[2.6514,42.3866],[2.6712,42.3876],[2.6743,42.405],[2.7335,42.4248],[2.7549,42.4262],[2.7705,42.4116],[2.8007,42.4184],[2.804,42.433],[2.8275,42.4393],[2.8391,42.4594],[2.8616,42.455],[2.8705,42.4674],[2.9184,42.4561],[2.947,42.4821],[2.9674,42.4655],[2.9888,42.474],[3.013,42.4664],[3.0404,42.4742],[3.0473,42.4569],[3.0859,42.4256],[3.1209,42.4382],[3.1747,42.435],[3.1555,42.4774],[3.1276,42.4874],[3.1364,42.4982],[3.1229,42.5057],[3.1413,42.5158],[3.1176,42.5231],[3.107,42.516],[3.1095,42.5252],[3.0859,42.524],[3.0815,42.5324],[3.0476,42.5408],[3.0552,42.5431],[3.0418,42.6209],[3.0394,42.6027],[3.0288,42.6099],[3.0409,42.6205],[3.0343,42.6606],[3.0426,42.7027],[3.0245,42.7038],[3.0417,42.7028],[3.0348,42.7224],[3.0437,42.838],[2.985,42.867],[2.8822,42.9001],[2.8652,42.9185],[2.7889,42.8961],[2.7368,42.8356],[2.6809,42.8307],[2.5515,42.8468],[2.5166,42.8424],[2.5018,42.8516],[2.4525,42.837],[2.3822,42.8487],[2.3374,42.8412],[2.3191,42.824],[2.3323,42.82],[2.3334,42.8019],[2.344,42.8013],[2.3555,42.7272],[2.2971,42.701],[2.2647,42.7093],[2.2465,42.6813],[2.206,42.6669],[2.1924,42.6518],[2.1762,42.6489],[2.166,42.6639],[2.1278,42.6723],[2.109,42.664],[2.0469,42.6636],[2.029,42.6526],[1.9989,42.6617],[1.9723,42.6171],[1.9501,42.6177],[1.9334,42.6048],[1.9002,42.6152],[1.8743,42.5817],[1.8376,42.5848],[1.7861,42.5737]],[[1.9602,42.4704],[1.9785,42.4946],[1.9896,42.4937],[1.9984,42.4853],[1.9874,42.4696],[2.0128,42.4484],[1.9598,42.4533],[1.9602,42.4704]]]},"properties":{"shapeName":"Pyrénées-Orientales","shapeISO":"","shapeID":"29444166B63064653570654","shapeGroup":"FRA","shapeType":"ADM2"}},
{"type":"Feature","geometry":{"type":"Polygon","coordinates":[[[7.1232,48.5136],[7.1207,48.5052],[7.1356,48.4974],[7.0906,48.5037],[7.0937,48.4893],[7.1183,48.4843],[7.1188,48.4745],[7.1019,48.4514],[7.1096,48.4396],[7.0959,48.4271],[7.0975,48.4058],[7.085,48.3979],[7.1093,48.3787],[7.0759,48.3527],[7.1199,48.3335],[7.1839,48.3392],[7.1774,48.3254],[7.1915,48.3249],[7.1983,48.3103],[7.275,48.3053],[7.3014,48.2827],[7.2922,48.2705],[7.3337,48.2723],[7.3101,48.2537],[7.3267,48.244],[7.3539,48.2486],[7.4766,48.2037],[7.47,48.1603],[7.5205,48.1493],[7.5196,48.1261],[7.5774,48.1204],[7.5981,48.1348],[7.6008,48.1578],[7.6437,48.2067],[7.6669,48.2221],[7.6932,48.3011],[7.7443,48.3268],[7.733,48.397],[7.764,48.4533],[7.7678,48.4889],[7.8049,48.5131],[7.8008,48.5854],[7.8394,48.641],[7.8919,48.6638],[7.9629,48.7212],[7.9721,48.758],[8.0137,48.7608],[8.031,48.7876],[8.0666,48.7901],[8.089,48.8036],[8.1477,48.9035],[8.1973,48.9572],[8.2325,48.9664],[8.2229,48.9759],[8.1994,48.9669],[8.1939,48.9772],[8.1485,48.9772],[8.0878,48.9898],[8.0495,49.0144],[8.0005,49.0284],[7.9751,49.0266],[7.9667,49.0418],[7.934,49.0579],[7.917,49.0409],[7.8891,49.0493],[7.8668,49.033],[7.7944,49.0658],[7.7599,49.0455],[7.7324,49.044],[7.7319,49.0556],[7.696,49.0578],[7.6977,49.0497],[7.6747,49.0449],[7.6354,49.0541],[7.5876,48.9897],[7.578,48.9573],[7.5522,48.9425],[7.5561,48.9358],[7.5364,48.9324],[7.5262,48.9446],[7.5001,48.9447],[7.4796,48.9613],[7.4517,48.968],[7.386,48.9515],[7.3589,48.9576],[7.3268,48.9434],[7.2901,48.9564],[7.2931,48.9735],[7.2385,48.988],[7.2093,48.9801],[7.1743,49.0064],[7.1258,49.0059],[7.1014,49.0617],[7.1191,49.0683],[7.0993,49.0778],[7.0708,49.0695],[7.0786,49.0503],[7.0336,48.9944],[7.0413,48.9771],[7.0267,48.9694],[7.0319,48.956],[6.9908,48.9607],[6.9713,48.9284],[6.9602,48.9252],[6.9446,48.9348],[6.9406,48.9237],[6.9555,48.9223],[6.9647,48.9047],[6.9547,48.8939],[7.0483,48.8737],[7.0505,48.8589],[7.0957,48.8621],[7.0982,48.8512],[7.0513,48.8448],[7.0522,48.8149],[7.0881,48.8107],[7.0672,48.7995],[7.0779,48.7856],[7.1267,48.8013],[7.1237,48.8116],[7.1478,48.822],[7.1491,48.8446],[7.1756,48.8417],[7.1852,48.8503],[7.1957,48.8404],[7.1863,48.8338],[7.2165,48.82],[7.2221,48.8295],[7.2455,48.8168],[7.2581,48.8222],[7.2455,48.8103],[7.261,48.7974],[7.2876,48.7979],[7.3135,48.7674],[7.293,48.753],[7.2643,48.6985],[7.2422,48.692],[7.2647,48.6628],[7.3043,48.6601],[7.2767,48.6334],[7.2619,48.6318],[7.2797,48.6282],[7.2559,48.6006],[7.2656,48.5921],[7.2192,48.5536],[7.1929,48.5494],[7.1676,48.5275],[7.1351,48.5281],[7.1149,48.5377],[7.0917,48.5291],[7.0796,48.5366],[7.0647,48.5238],[7.0807,48.5126],[7.1034,48.5193],[7.1232,48.5136]]]},"properties":{"shapeName":"Bas-Rhin","shapeISO":"","shapeID":"29444166B31239437168490","shapeGroup":"FRA","shapeType":"ADM2"}},
{"type":"Feature","geometry":{"type":"Polygon","coordinates":[[[7.1983,48.3103],[7.1724,48.2975],[7.177,48.289],[7.133,48.2475],[7.1179,48.2082],[7.0858,48.1841],[7.0599,48.1449],[7.0701,48.1296],[7.084,48.1292],[7.077,48.1089],[7.0301,48.0723],[7.0017,48.0219],[6.9614,48.0003],[6.9438,47.9995],[6.9438,47.9804],[6.9194,47.9443],[6.9257,47.9298],[6.9124,47.9184],[6.9287,47.9095],[6.8967,47.8905],[6.9199,47.8502],[6.8955,47.8328],[6.8459,47.8229],[6.8627,47.7855],[6.9402,47.7716],[6.9722,47.7516],[7.0158,47.7438],[7.0374,47.7221],[7.0265,47.701],[7.0481,47.6845],[7.0374,47.6758],[7.0463,47.6715],[7.034,47.6613],[7.0393,47.6505],[7.0175,47.6499],[7.0057,47.6021],[7.0198,47.5886],[7.0398,47.6011],[7.0861,47.5929],[7.1083,47.5639],[7.1057,47.5516],[7.1331,47.5399],[7.1434,47.5246],[7.1303,47.5029],[7.1623,47.49],[7.2013,47.4941],[7.1702,47.443],[7.1958,47.4354],[7.2334,47.4386],[7.2466,47.4203],[7.3303,47.4418],[7.3856,47.4319],[7.4558,47.4707],[7.4208,47.4804],[7.4331,47.4972],[7.472,47.4804],[7.4876,47.4821],[7.5111,47.497],[7.4979,47.5213],[7.5222,47.5142],[7.5312,47.5282],[7.5194,47.5347],[7.5023,47.5284],[7.4992,47.5401],[7.5573,47.565],[7.5665,47.5777],[7.5847,47.5755],[7.5919,47.6038],[7.5232,47.6614],[7.5118,47.6977],[7.5479,47.7308],[7.5298,47.7801],[7.5629,47.8424],[7.5566,47.8779],[7.5807,47.8964],[7.5828,47.9303],[7.6218,47.9723],[7.6106,47.9983],[7.569,48.0347],[7.5774,48.1204],[7.5196,48.1261],[7.5205,48.1493],[7.47,48.1603],[7.4766,48.2037],[7.3539,48.2486],[7.3267,48.244],[7.3101,48.2537],[7.3337,48.2723],[7.2922,48.2705],[7.3014,48.2827],[7.275,48.3053],[7.1983,48.3103]]]},"properties":{"shapeName":"Haut-Rhin","shapeISO":"","shapeID":"29444166B51480055383033","shapeGroup":"FRA","shapeType":"ADM2"}},
{"type":"Feature","geometry":{"type":"Polygon","coordinates":[[[4.7804,46.1769],[4.7584,46.172],[4.7275,46.1795],[4.7207,46.2009],[4.7358,46.2119],[4.7192,46.2277],[4.7368,46.2326],[4.6792,46.2587],[4.6799,46.2679],[4.7077,46.2697],[4.7101,46.2784],[4.6797,46.3065],[4.664,46.2952],[4.653,46.3042],[4.6353,46.3002],[4.6361,46.2903],[4.6162,46.2823],[4.6183,46.265],[4.5828,46.2696],[4.5602,46.2952],[4.5464,46.2741],[4.504,46.2672],[4.4887,46.288],[4.4759,46.2842],[4.4586,46.2971],[4.4392,46.2932],[4.4272,46.3028],[4.4227,46.295],[4.4061,46.2962],[4.3973,46.2832],[4.3873,46.22],[4.407,46.2207],[4.4216,46.209],[4.396,46.1893],[4.4335,46.1728],[4.4331,46.1571],[4.4173,46.136],[4.3771,46.15],[4.3618,46.1387],[4.3225,46.1308],[4.3005,46.0652],[4.2859,46.0538],[4.2505,46.0501],[4.2776,46.0223],[4.3059,46.0217],[4.3124,46.005],[4.2995,45.9891],[4.2872,45.9992],[4.2713,45.9878],[4.2692,46.0013],[4.2437,45.9972],[4.2528,45.9837],[4.2907,45.9722],[4.3003,45.947],[4.3458,45.9303],[4.3352,45.9167],[4.346,45.9156],[4.3234,45.9035],[4.3426,45.877],[4.3633,45.8641],[4.3947,45.8651],[4.3823,45.8448],[4.3906,45.8375],[4.3758,45.8249],[4.389,45.8066],[4.374,45.8051],[4.38,45.7841],[4.3603,45.7776],[4.3587,45.7836],[4.348,45.7696],[4.3592,45.7512],[4.3909,45.7551],[4.4031,45.7447],[4.3657,45.6985],[4.3736,45.6906],[4.3662,45.6712],[4.3927,45.6626],[4.4102,45.6318],[4.4418,45.6231],[4.449,45.6061],[4.4727,45.5974],[4.4694,45.585],[4.5049,45.5873],[4.5048,45.5766],[4.521,45.5727],[4.5676,45.5837],[4.5872,45.5706],[4.6145,45.5754],[4.6448,45.5406],[4.6594,45.5434],[4.6491,45.5651],[4.6803,45.5679],[4.6831,45.5508],[4.6505,45.5318],[4.6516,45.4911],[4.6706,45.4837],[4.6714,45.4734],[4.6764,45.482],[4.6985,45.4773],[4.7224,45.4942],[4.7392,45.4871],[4.7386,45.4728],[4.7571,45.4556],[4.7793,45.4548],[4.7815,45.4717],[4.8422,45.5008],[4.8725,45.529],[4.7769,45.5875],[4.8291,45.5883],[4.8578,45.5765],[4.8596,45.591],[4.9013,45.6063],[4.9709,45.6132],[4.9981,45.6034],[5.0015,45.6142],[4.9888,45.6185],[5.0046,45.6232],[5.037,45.613],[5.0381,45.6449],[5.0582,45.6535],[5.0604,45.6664],[5.108,45.6881],[5.1048,45.7006],[5.1311,45.7078],[5.1547,45.7004],[5.1593,45.7154],[5.1392,45.7312],[5.0943,45.7393],[5.0958,45.7693],[5.0661,45.7677],[5.0591,45.792],[5.0892,45.7845],[5.1015,45.8136],[4.9238,45.8041],[4.9171,45.8452],[4.9007,45.8558],[4.909,45.8743],[4.8843,45.8801],[4.8807,45.8975],[4.8718,45.8935],[4.872,45.9035],[4.8485,45.9133],[4.8052,45.8963],[4.8081,45.921],[4.7901,45.9232],[4.7764,45.9388],[4.7559,45.9345],[4.7306,45.9419],[4.7546,45.973],[4.7389,46.0464],[4.7616,46.0677],[4.7473,46.0894],[4.8024,46.151],[4.7804,46.1769]]]},"properties":{"shapeName":"Rhône","shapeISO":"","shapeID":"29444166B37867629412878","shapeGroup":"FRA","shapeType":"ADM2"}},
{"type":"Feature","geometry":{"type":"Polygon","coordinates":[[[5.5184,47.3041],[5.5316,47.2841],[5.559,47.2781],[5.5561,47.2685],[5.5717,47.2687],[5.5775,47.2526],[5.6017,47.262],[5.6235,47.2528],[5.6415,47.2559],[5.6759,47.2757],[5.6987,47.2649],[5.7127,47.2707],[5.7399,47.2626],[5.7836,47.2908],[5.8441,47.3001],[5.8822,47.3216],[5.8977,47.3106],[5.9034,47.3343],[5.9313,47.3284],[5.9276,47.3451],[5.9605,47.3414],[5.9789,47.326],[5.9934,47.329],[5.9978,47.3404],[6.0185,47.3312],[6.0524,47.3525],[6.0742,47.351],[6.0863,47.3729],[6.113,47.3613],[6.12,47.3681],[6.1034,47.3799],[6.1176,47.3964],[6.135,47.3869],[6.168,47.3885],[6.1599,47.3919],[6.1906,47.4023],[6.1705,47.4122],[6.1945,47.414],[6.2014,47.4297],[6.2434,47.4118],[6.2336,47.4302],[6.2558,47.4245],[6.2646,47.4473],[6.2883,47.4467],[6.3025,47.4915],[6.3211,47.4859],[6.3352,47.5064],[6.368,47.5136],[6.3899,47.5058],[6.3935,47.5167],[6.4115,47.5225],[6.4635,47.5121],[6.4715,47.487],[6.499,47.5108],[6.516,47.4967],[6.5336,47.5064],[6.556,47.4905],[6.5839,47.51],[6.5815,47.5294],[6.5674,47.5317],[6.5807,47.5442],[6.6107,47.5305],[6.6484,47.5361],[6.6703,47.558],[6.652,47.5725],[6.6603,47.5797],[6.6583,47.572],[6.6892,47.5708],[6.6886,47.5607],[6.7148,47.5531],[6.7277,47.5608],[6.74,47.5571],[6.7727,47.535],[6.8071,47.5631],[6.8217,47.5733],[6.7777,47.6157],[6.801,47.636],[6.7796,47.6567],[6.7794,47.6953],[6.7562,47.7255],[6.7644,47.7585],[6.8236,47.8133],[6.7928,47.8297],[6.7826,47.8513],[6.7372,47.861],[6.6464,47.9032],[6.642,47.9185],[6.6054,47.9446],[6.5634,47.9314],[6.544,47.9031],[6.4783,47.8854],[6.4348,47.9429],[6.4083,47.9433],[6.391,47.9605],[6.365,47.9626],[6.324,47.9484],[6.2891,47.9558],[6.238,47.9328],[6.2053,47.932],[6.208,47.9468],[6.1821,47.9569],[6.168,47.9524],[6.1498,47.9656],[6.1653,47.9767],[6.1562,48.0068],[6.1313,48.0241],[6.1094,48.0126],[6.0732,48.0159],[6.0412,48.0044],[6.019,47.9875],[6.0261,47.9814],[6.0068,47.959],[5.9705,47.9572],[5.9494,47.9354],[5.9287,47.9381],[5.9601,47.968],[5.9475,47.9797],[5.9327,47.9774],[5.9174,47.9662],[5.918,47.9474],[5.8996,47.9444],[5.8977,47.9309],[5.8847,47.9262],[5.8867,47.9028],[5.8498,47.9054],[5.8213,47.8701],[5.8282,47.8577],[5.818,47.852],[5.8287,47.8572],[5.8284,47.8519],[5.7962,47.8467],[5.7989,47.8557],[5.7612,47.8593],[5.7442,47.8489],[5.7512,47.829],[5.7421,47.8195],[5.7001,47.8239],[5.6818,47.8093],[5.68,47.7701],[5.709,47.7639],[5.7096,47.7453],[5.6915,47.7366],[5.6959,47.7252],[5.6834,47.7172],[5.6911,47.6847],[5.5968,47.672],[5.5852,47.7],[5.5676,47.7074],[5.5299,47.673],[5.4828,47.6846],[5.4439,47.6706],[5.4199,47.6777],[5.4063,47.6734],[5.4057,47.6469],[5.3731,47.6196],[5.3738,47.6045],[5.3997,47.5965],[5.426,47.6323],[5.4776,47.6087],[5.4882,47.577],[5.4799,47.5654],[5.497,47.5546],[5.4864,47.527],[5.4717,47.5275],[5.4364,47.4905],[5.4315,47.4982],[5.3993,47.4992],[5.387,47.4805],[5.408,47.4774],[5.3669,47.465],[5.3862,47.459],[5.3796,47.4505],[5.4065,47.4619],[5.4181,47.4492],[5.4393,47.4504],[5.4304,47.4214],[5.4445,47.4043],[5.4323,47.3929],[5.4524,47.3832],[5.4778,47.3956],[5.4972,47.3901],[5.4935,47.3332],[5.4858,47.3265],[5.4769,47.3313],[5.4689,47.3164],[5.4978,47.3159],[5.5184,47.3041]]]},"properties":{"shapeName":"Haute-Saône","shapeISO":"","shapeID":"29444166B41622072756868","shapeGroup":"FRA","shapeType":"ADM2"}},
{"type":"Feature","geometry":{"type":"Polygon","coordinates":[[[5.3106,46.4469],[5.3233,46.4625],[5.3733,46.4601],[5.384,46.4712],[5.3981,46.4666],[5.4178,46.4761],[5.4207,46.5015],[5.3584,46.5197],[5.3559,46.562],[5.3679,46.5669],[5.3672,46.5797],[5.4057,46.5816],[5.4143,46.6005],[5.3961,46.6112],[5.4187,46.6162],[5.4414,46.6372],[5.4131,46.6541],[5.4272,46.6602],[5.4213,46.6734],[5.3953,46.685],[5.4084,46.6986],[5.3941,46.7082],[5.3936,46.7286],[5.361,46.7313],[5.3667,46.7521],[5.3902,46.7706],[5.3717,46.7766],[5.3711,46.7862],[5.3329,46.7956],[5.3271,46.8153],[5.3421,46.8196],[5.3392,46.8261],[5.3515,46.8137],[5.3692,46.826],[5.408,46.8333],[5.4166,46.8268],[5.4628,46.8274],[5.4653,46.8408],[5.4608,46.8547],[5.4344,46.8614],[5.4497,46.8565],[5.4445,46.8517],[5.4018,46.8685],[5.3995,46.8927],[5.362,46.8828],[5.3513,46.8935],[5.3286,46.8876],[5.3083,46.9385],[5.2893,46.9415],[5.262,46.9274],[5.2644,46.9376],[5.252,46.9443],[5.2651,46.958],[5.2553,46.9799],[5.2221,46.9891],[5.2122,46.9801],[5.2045,46.9854],[5.1954,46.9703],[5.1817,46.9748],[5.1661,46.9639],[5.12,46.9631],[5.0976,46.9448],[5.1021,46.9582],[5.0745,46.9594],[5.0493,46.9816],[5.0304,46.9811],[5.0168,46.9685],[5.0034,46.9722],[4.995,46.9615],[5.0045,46.958],[4.8945,46.9666],[4.8938,46.9509],[4.7889,46.9323],[4.7921,46.9253],[4.7748,46.9169],[4.725,46.9237],[4.7175,46.908],[4.6876,46.8998],[4.6639,46.9135],[4.6796,46.9301],[4.6497,46.9415],[4.6146,46.9415],[4.6164,46.9482],[4.5895,46.9557],[4.5936,46.9671],[4.5739,46.9728],[4.5675,46.9923],[4.5459,46.9937],[4.5558,46.9995],[4.5549,47.02],[4.5114,47.0116],[4.49,47.0336],[4.4714,47.0309],[4.457,47.0419],[4.4276,47.0373],[4.4219,47.0476],[4.4009,47.0528],[4.4165,47.077],[4.3995,47.0833],[4.3706,47.0796],[4.3546,47.0633],[4.3441,47.0728],[4.3467,47.1012],[4.3065,47.1033],[4.2971,47.1131],[4.2748,47.1073],[4.2408,47.1323],[4.2453,47.1469],[4.2129,47.1444],[4.2097,47.1554],[4.197,47.1474],[4.1819,47.1505],[4.1883,47.1344],[4.1684,47.1241],[4.1774,47.1133],[4.1607,47.122],[4.148,47.1133],[4.127,47.1307],[4.1164,47.1232],[4.1099,47.1182],[4.0947,47.1289],[4.0908,47.1162],[4.0603,47.1213],[4.0508,47.1128],[4.0542,47.095],[4.0387,47.0804],[4.0739,47.0559],[4.057,47.0391],[4.0617,47.023],[3.9939,46.9791],[4.0097,46.9713],[4.0394,46.9853],[4.0558,46.9571],[4.0395,46.9481],[4.0483,46.9321],[4.036,46.9262],[4.0394,46.9094],[4.0454,46.8999],[4.0699,46.8964],[4.1005,46.8645],[4.0426,46.8347],[4.0583,46.8212],[4.0553,46.7761],[4.0345,46.7877],[4.0192,46.776],[3.9941,46.7789],[3.949,46.7525],[3.9289,46.7514],[3.9284,46.7397],[3.9105,46.7429],[3.9127,46.7344],[3.8873,46.7272],[3.8764,46.7323],[3.8726,46.7254],[3.8445,46.7226],[3.8289,46.7045],[3.7973,46.7015],[3.7769,46.7295],[3.7837,46.7362],[3.7398,46.7524],[3.6592,46.7377],[3.6294,46.7496],[3.6226,46.7401],[3.638,46.707],[3.6507,46.7052],[3.6559,46.6865],[3.6729,46.6822],[3.6698,46.6725],[3.6961,46.6613],[3.7241,46.6265],[3.7129,46.6102],[3.7375,46.601],[3.743,46.566],[3.732,46.5496],[3.7419,46.5391],[3.7716,46.5389],[3.8051,46.5193],[3.8379,46.5317],[3.8409,46.5148],[3.8641,46.5123],[3.867,46.4887],[3.8946,46.4808],[3.9097,46.4953],[3.9555,46.4917],[3.9528,46.4781],[3.9757,46.4794],[4.0008,46.462],[4.0057,46.4431],[3.9883,46.4364],[3.996,46.4262],[3.9772,46.3992],[3.9915,46.371],[3.9848,46.3297],[4.0047,46.3276],[3.9882,46.3149],[3.9458,46.3212],[3.9457,46.301],[3.8972,46.2926],[3.8995,46.2759],[3.91,46.2479],[3.8901,46.2145],[3.918,46.2029],[3.9727,46.2028],[3.971,46.1891],[3.9899,46.1691],[4.0294,46.1692],[4.0596,46.1884],[4.1038,46.1986],[4.1332,46.1773],[4.187,46.1746],[4.185,46.19],[4.2078,46.1949],[4.2249,46.1777],[4.2547,46.1881],[4.2635,46.1754],[4.2499,46.1582],[4.281,46.1561],[4.2911,46.1718],[4.3158,46.1707],[4.3268,46.185],[4.3707,46.1843],[4.3628,46.1999],[4.3894,46.213],[4.3873,46.22],[4.3973,46.2832],[4.4061,46.2962],[4.4227,46.295],[4.4272,46.3028],[4.4392,46.2932],[4.4586,46.2971],[4.4759,46.2842],[4.4887,46.288],[4.504,46.2672],[4.5464,46.2741],[4.5602,46.2952],[4.5828,46.2696],[4.6183,46.265],[4.6162,46.2823],[4.6361,46.2903],[4.6353,46.3002],[4.653,46.3042],[4.664,46.2952],[4.6797,46.3065],[4.7101,46.2784],[4.7077,46.2697],[4.6799,46.2679],[4.6792,46.2587],[4.7368,46.2326],[4.7192,46.2277],[4.7358,46.2119],[4.7207,46.2009],[4.7275,46.1795],[4.7584,46.172],[4.7804,46.1769],[4.8116,46.2612],[4.8527,46.3282],[4.8518,46.3564],[4.8888,46.4038],[4.8919,46.4414],[4.9122,46.4592],[4.9155,46.4888],[4.9415,46.5198],[4.9546,46.5124],[4.9439,46.5108],[4.9507,46.5003],[4.9703,46.5057],[4.964,46.5131],[4.9841,46.5154],[5.0104,46.5112],[5.0287,46.4918],[5.0564,46.4837],[5.097,46.4998],[5.1143,46.4926],[5.1369,46.5022],[5.1354,46.5094],[5.1665,46.5031],[5.1675,46.5191],[5.2019,46.5082],[5.2146,46.4687],[5.235,46.4579],[5.3106,46.4469]]]},"properties":{"shapeName":"Saône-et-Loire","shapeISO":"","shapeID":"29444166B17013349851570","shapeGroup":"FRA","shapeType":"ADM2"}},
{"type":"Feature","geometry":{"type":"Polygon","coordinates":[[[0.7979,48.1948],[0.7577,48.1799],[0.7236,48.1983],[0.6831,48.255],[0.6402,48.2614],[0.6339,48.2343],[0.6243,48.2455],[0.5365,48.2493],[0.5326,48.2648],[0.513,48.2667],[0.4935,48.2834],[0.5075,48.2953],[0.4902,48.3096],[0.4805,48.2985],[0.4313,48.3066],[0.4164,48.3224],[0.406,48.3148],[0.3957,48.3203],[0.3825,48.334],[0.3881,48.3493],[0.3739,48.387],[0.3826,48.4251],[0.3568,48.4578],[0.3006,48.4806],[0.2655,48.485],[0.2489,48.474],[0.2136,48.4736],[0.1904,48.4619],[0.1731,48.4652],[0.1713,48.4495],[0.1459,48.4576],[0.1577,48.4408],[0.1174,48.4364],[0.0999,48.4102],[0.0705,48.4091],[0.0538,48.3919],[0.0612,48.3798],[0.0165,48.3813],[-0.0018,48.3975],[-0.05,48.3752],[-0.0549,48.3821],[-0.0779,48.3689],[-0.1123,48.3743],[-0.1367,48.3644],[-0.1223,48.3383],[-0.1573,48.3411],[-0.155,48.314],[-0.138,48.2966],[-0.1557,48.2652],[-0.1671,48.2637],[-0.1446,48.2241],[-0.1468,48.2051],[-0.2526,48.1575],[-0.2378,48.1532],[-0.254,48.1366],[-0.2391,48.1358],[-0.2468,48.1277],[-0.223,48.123],[-0.216,48.1131],[-0.2377,48.0975],[-0.2374,48.0829],[-0.2223,48.0784],[-0.2309,48.0592],[-0.2721,48.0652],[-0.2799,48.0553],[-0.3416,48.0432],[-0.3332,48.0276],[-0.3414,48.0119],[-0.3086,48.0057],[-0.3025,47.9658],[-0.2765,47.9575],[-0.3201,47.9353],[-0.3767,47.9329],[-0.397,47.9258],[-0.4016,47.9138],[-0.4025,47.9208],[-0.413,47.916],[-0.4034,47.9028],[-0.4109,47.8951],[-0.3732,47.8846],[-0.3691,47.8702],[-0.3804,47.8657],[-0.3706,47.8591],[-0.4122,47.8577],[-0.411,47.8468],[-0.4285,47.8506],[-0.4481,47.8324],[-0.4294,47.8067],[-0.3882,47.8055],[-0.3818,47.7607],[-0.3749,47.739],[-0.3567,47.7306],[-0.3624,47.7145],[-0.3309,47.7219],[-0.2855,47.7195],[-0.2347,47.7034],[-0.2022,47.7252],[-0.1744,47.7165],[-0.2199,47.6881],[-0.1953,47.6617],[-0.1966,47.649],[-0.1587,47.6468],[-0.1351,47.6325],[-0.1114,47.6354],[-0.1017,47.6621],[-0.0898,47.6505],[-0.0735,47.6606],[-0.0547,47.6485],[-0.0248,47.647],[-0.0203,47.6368],[-0.0017,47.6466],[0.0099,47.6238],[0.053,47.6058],[0.1157,47.6057],[0.1484,47.5813],[0.1621,47.5942],[0.1827,47.5966],[0.1857,47.6166],[0.2019,47.6156],[0.2058,47.6036],[0.2125,47.6125],[0.2299,47.6085],[0.253,47.6135],[0.2777,47.5974],[0.3221,47.5954],[0.3395,47.5795],[0.3785,47.5684],[0.4024,47.5785],[0.3835,47.6101],[0.3647,47.6202],[0.3826,47.6434],[0.4242,47.6179],[0.4501,47.6194],[0.464,47.6456],[0.4984,47.6446],[0.5166,47.6568],[0.5515,47.6592],[0.5583,47.6708],[0.5867,47.6692],[0.6148,47.6829],[0.6149,47.6941],[0.5955,47.688],[0.5806,47.7129],[0.6089,47.7252],[0.6259,47.7515],[0.6771,47.7696],[0.7038,47.7678],[0.6913,47.7834],[0.712,47.7872],[0.7457,47.8276],[0.7747,47.8397],[0.7592,47.8592],[0.7596,47.8996],[0.79,47.9121],[0.8118,47.8885],[0.8136,47.9319],[0.8489,47.9414],[0.8187,47.9867],[0.8424,48.0302],[0.808,48.0317],[0.7934,48.0486],[0.7939,48.0697],[0.8436,48.073],[0.8482,48.0946],[0.8383,48.089],[0.8123,48.095],[0.8411,48.1029],[0.8554,48.1226],[0.8501,48.1333],[0.9167,48.1389],[0.8863,48.1619],[0.8368,48.167],[0.7957,48.188],[0.7979,48.1948]]]},"properties":{"shapeName":"Sarthe","shapeISO":"","shapeID":"29444166B36367114502918","shapeGroup":"FRA","shapeType":"ADM2"}},
{"type":"Feature","geometry":{"type":"Polygon","coordinates":[[[5.6237,45.6133],[5.6465,45.5774],[5.6745,45.5595],[5.6809,45.5415],[5.6698,45.538],[5.6923,45.5274],[5.7006,45.5086],[5.7133,45.5072],[5.7191,45.4838],[5.7363,45.4725],[5.7405,45.4364],[5.7976,45.4385],[5.8153,45.423],[5.8539,45.4175],[5.8878,45.4029],[5.8914,45.3907],[5.91,45.3905],[5.9283,45.4164],[5.9035,45.4074],[5.904,45.4325],[5.921,45.4436],[5.9257,45.4638],[5.9155,45.4766],[5.9661,45.4923],[6.0095,45.4736],[6.0085,45.4536],[6.0496,45.4379],[6.0924,45.4443],[6.0947,45.4316],[6.1311,45.4353],[6.1919,45.3696],[6.1708,45.3574],[6.1948,45.3522],[6.1868,45.3199],[6.1539,45.3113],[6.1307,45.2849],[6.141,45.2613],[6.1271,45.2319],[6.1417,45.223],[6.1385,45.2127],[6.1595,45.2024],[6.1619,45.1884],[6.1438,45.1546],[6.1624,45.1513],[6.1808,45.1648],[6.212,45.1549],[6.2229,45.1408],[6.25,45.1509],[6.2656,45.1399],[6.2606,45.1268],[6.2936,45.1085],[6.3342,45.1229],[6.3651,45.102],[6.3748,45.0828],[6.3649,45.0702],[6.3961,45.061],[6.4343,45.0636],[6.4518,45.0517],[6.4871,45.0564],[6.4805,45.0942],[6.5104,45.109],[6.5392,45.0991],[6.5613,45.1053],[6.5764,45.1231],[6.6155,45.1215],[6.6299,45.1094],[6.6726,45.1244],[6.6804,45.1403],[6.7116,45.1449],[6.7405,45.1368],[6.768,45.1598],[6.8471,45.1358],[6.848,45.1273],[6.8939,45.137],[6.8841,45.1565],[6.8917,45.1671],[6.9472,45.1704],[6.9659,45.2082],[6.9932,45.2102],[7.0033,45.2206],[7.0275,45.2157],[7.0472,45.2258],[7.0766,45.2106],[7.1103,45.2466],[7.1252,45.244],[7.1374,45.2559],[7.1287,45.2717],[7.1362,45.281],[7.11,45.3268],[7.1317,45.3293],[7.1338,45.3475],[7.164,45.3607],[7.1627,45.3815],[7.1856,45.4033],[7.114,45.4334],[7.0986,45.4586],[7.105,45.4684],[7.0486,45.4725],[7.0494,45.4851],[7.063,45.4889],[7.054,45.4952],[7,45.5048],[6.9954,45.5758],[6.978,45.5904],[7.0012,45.6399],[6.9611,45.6551],[6.9305,45.6458],[6.9022,45.6638],[6.9032,45.6806],[6.8932,45.6755],[6.8464,45.69],[6.8086,45.7251],[6.817,45.7401],[6.8056,45.7477],[6.8024,45.7786],[6.7559,45.7669],[6.7119,45.7229],[6.6894,45.7277],[6.6993,45.7447],[6.6864,45.7555],[6.6906,45.771],[6.6592,45.8005],[6.599,45.7924],[6.5844,45.8006],[6.5779,45.8162],[6.55,45.8281],[6.5351,45.8619],[6.5681,45.8624],[6.5706,45.8815],[6.559,45.8931],[6.5095,45.9092],[6.4501,45.8608],[6.4499,45.8373],[6.4248,45.8029],[6.3626,45.7682],[6.3745,45.766],[6.372,45.754],[6.348,45.7372],[6.3288,45.6932],[6.2281,45.6817],[6.2319,45.7031],[6.2145,45.7091],[6.1962,45.6928],[6.1887,45.6981],[6.196,45.732],[6.1772,45.7373],[6.1666,45.7567],[6.1376,45.7613],[6.1253,45.7499],[6.1026,45.7642],[6.1008,45.7323],[6.0956,45.7429],[6.0762,45.741],[6.0552,45.7515],[6.043,45.7391],[6.0094,45.7511],[5.9939,45.7477],[5.9966,45.7615],[5.9729,45.7699],[5.9818,45.7948],[5.9578,45.7949],[5.9627,45.8129],[5.934,45.8146],[5.9133,45.8041],[5.9043,45.8262],[5.8731,45.8342],[5.8793,45.8603],[5.8624,45.9324],[5.8292,45.9383],[5.8258,45.9025],[5.7842,45.8157],[5.7839,45.7456],[5.7697,45.7412],[5.776,45.7255],[5.7475,45.7051],[5.7,45.7097],[5.7095,45.6883],[5.6849,45.6657],[5.6879,45.6437],[5.6519,45.6364],[5.6335,45.6122],[5.6237,45.6133]]]},"properties":{"shapeName":"Savoie","shapeISO":"","shapeID":"29444166B62265126010794","shapeGroup":"FRA","shapeType":"ADM2"}},
{"type":"Feature","geometry":{"type":"Polygon","coordinates":[[[5.8292,45.9383],[5.8624,45.9324],[5.8793,45.8603],[5.8731,45.8342],[5.9043,45.8262],[5.9133,45.8041],[5.934,45.8146],[5.9627,45.8129],[5.9578,45.7949],[5.9818,45.7948],[5.9729,45.7699],[5.9966,45.7615],[5.9939,45.7477],[6.0094,45.7511],[6.043,45.7391],[6.0552,45.7515],[6.0762,45.741],[6.0956,45.7429],[6.1008,45.7323],[6.1026,45.7642],[6.1253,45.7499],[6.1376,45.7613],[6.1666,45.7567],[6.1772,45.7373],[6.196,45.732],[6.1887,45.6981],[6.1962,45.6928],[6.2145,45.7091],[6.2319,45.7031],[6.2281,45.6817],[6.3288,45.6932],[6.348,45.7372],[6.372,45.754],[6.3745,45.766],[6.3626,45.7682],[6.4248,45.8029],[6.4499,45.8373],[6.4501,45.8608],[6.5095,45.9092],[6.559,45.8931],[6.5706,45.8815],[6.5681,45.8624],[6.5351,45.8619],[6.55,45.8281],[6.5779,45.8162],[6.5844,45.8006],[6.599,45.7924],[6.6592,45.8005],[6.6906,45.771],[6.6864,45.7555],[6.6993,45.7447],[6.6894,45.7277],[6.7119,45.7229],[6.7559,45.7669],[6.8024,45.7786],[6.8132,45.7957],[6.8034,45.816],[6.8181,45.836],[6.8443,45.8405],[6.8674,45.8241],[6.8802,45.8496],[6.9125,45.8408],[6.9416,45.8475],[6.9512,45.8611],[6.9973,45.8724],[7.0041,45.9],[7.0217,45.9167],[7.0445,45.9225],[7.0374,45.9549],[7.0085,45.969],[7.0236,45.9791],[7.0105,45.9974],[6.985,46.0046],[6.9813,46.0196],[6.935,46.0561],[6.9374,46.0643],[6.9246,46.0652],[6.8913,46.0427],[6.8717,46.0512],[6.8918,46.0737],[6.8822,46.0952],[6.8999,46.1239],[6.8151,46.1293],[6.7965,46.1387],[6.7917,46.1629],[6.8126,46.1815],[6.8035,46.2046],[6.8212,46.2323],[6.8554,46.2552],[6.8649,46.2802],[6.8198,46.3156],[6.8004,46.32],[6.7721,46.3503],[6.7714,46.361],[6.8054,46.3784],[6.8051,46.3943],[6.7243,46.4079],[6.5452,46.3947],[6.513,46.4049],[6.4838,46.3931],[6.4773,46.3752],[6.4131,46.3598],[6.3899,46.3404],[6.3594,46.3496],[6.3441,46.37],[6.3021,46.3659],[6.2556,46.3234],[6.2417,46.3043],[6.253,46.2905],[6.2376,46.2777],[6.2668,46.2477],[6.2947,46.2646],[6.295,46.2561],[6.3098,46.2562],[6.2947,46.2252],[6.2219,46.2007],[6.1871,46.1804],[6.1856,46.1641],[6.1364,46.1416],[6.0523,46.1513],[6.0354,46.1343],[5.9941,46.1446],[5.973,46.1316],[5.9559,46.1324],[5.9205,46.1313],[5.893,46.1191],[5.8873,46.0858],[5.8577,46.0859],[5.8318,46.1062],[5.8196,46.1037],[5.805,46.0153],[5.8094,45.9895],[5.8339,45.9703],[5.8292,45.9383]]]},"properties":{"shapeName":"Haute-Savoie","shapeISO":"","shapeID":"29444166B73077327330789","shapeGroup":"FRA","shapeType":"ADM2"}},
{"type":"Feature","geometry":{"type":"Polygon","coordinates":[[[2.3319,48.817],[2.3633,48.8161],[2.4022,48.8296],[2.4594,48.8168],[2.4654,48.8411],[2.4218,48.8444],[2.4115,48.8339],[2.4163,48.8492],[2.4125,48.8764],[2.3911,48.9008],[2.3199,48.9005],[2.2799,48.8786],[2.2457,48.8765],[2.2242,48.8535],[2.2525,48.8455],[2.2678,48.8278],[2.2791,48.8325],[2.3319,48.817]]]},"properties":{"shapeName":"Paris","shapeISO":"","shapeID":"29444166B33792924009837","shapeGroup":"FRA","shapeType":"ADM2"}},
{"type":"Feature","geometry":{"type":"Polygon","coordinates":[[[1.714,49.4093],[1.7245,49.4412],[1.7759,49.4714],[1.772,49.485],[1.7908,49.498],[1.7803,49.5099],[1.7595,49.5114],[1.7451,49.4889],[1.7398,49.5],[1.7154,49.5056],[1.7409,49.5191],[1.7478,49.5387],[1.7228,49.5442],[1.73,49.5614],[1.7141,49.5776],[1.6977,49.5723],[1.7008,49.5797],[1.6904,49.5799],[1.7201,49.5817],[1.7223,49.589],[1.7092,49.5869],[1.6939,49.6011],[1.7216,49.6235],[1.6986,49.6442],[1.7211,49.6582],[1.7229,49.6723],[1.7524,49.6807],[1.7511,49.6944],[1.7398,49.7014],[1.7052,49.6813],[1.6889,49.6953],[1.7137,49.7058],[1.7131,49.7342],[1.7232,49.7302],[1.7459,49.7387],[1.7388,49.7493],[1.7498,49.7639],[1.7838,49.7583],[1.7341,49.8124],[1.7128,49.8873],[1.6933,49.8945],[1.679,49.9167],[1.6035,49.9428],[1.5758,49.9729],[1.5274,49.9947],[1.5163,50.0121],[1.453,50.039],[1.4592,50.0627],[1.4496,50.0701],[1.4232,50.0711],[1.4088,50.0571],[1.381,50.0657],[1.2054,49.9809],[1.2018,49.9712],[1.106,49.9364],[1.0845,49.9362],[1.0854,49.9273],[1.0832,49.934],[1.0218,49.9159],[0.9604,49.9194],[0.7873,49.8746],[0.7087,49.8735],[0.5803,49.8518],[0.4874,49.8087],[0.3668,49.7679],[0.3758,49.7608],[0.3646,49.7642],[0.3225,49.7418],[0.2058,49.7147],[0.1641,49.6867],[0.1556,49.6614],[0.1417,49.6694],[0.1231,49.67],[0.1178,49.6622],[0.1241,49.6699],[0.1509,49.6639],[0.1461,49.6495],[0.1508,49.6537],[0.1534,49.645],[0.0656,49.5127],[0.0887,49.5],[0.0906,49.4865],[0.1106,49.4897],[0.1161,49.4839],[0.1057,49.4811],[0.1282,49.4735],[0.1755,49.4711],[0.1227,49.47],[0.0895,49.4844],[0.1085,49.4673],[0.1785,49.4559],[0.1518,49.4519],[0.1058,49.4624],[0.1519,49.4517],[0.2691,49.4536],[0.2721,49.4425],[0.2734,49.4534],[0.3384,49.4454],[0.4056,49.451],[0.5028,49.4853],[0.5905,49.4306],[0.6144,49.4299],[0.6426,49.4445],[0.6495,49.438],[0.6364,49.4367],[0.6299,49.4228],[0.6455,49.4262],[0.6394,49.4184],[0.6524,49.422],[0.66,49.4158],[0.6494,49.409],[0.6646,49.4016],[0.7052,49.4023],[0.7081,49.4111],[0.7387,49.4082],[0.7671,49.4201],[0.7833,49.4107],[0.7981,49.4175],[0.805,49.4115],[0.8027,49.4276],[0.823,49.3963],[0.8783,49.3963],[0.8788,49.3725],[0.9179,49.3854],[0.9308,49.3437],[0.9207,49.3382],[0.8603,49.3468],[0.8444,49.3248],[0.8629,49.3279],[0.8919,49.3142],[0.8992,49.3189],[0.9007,49.2971],[0.9399,49.3228],[0.9502,49.2964],[0.9714,49.2852],[0.9496,49.2797],[0.9562,49.2713],[0.9733,49.2809],[0.985,49.2607],[1.0065,49.2652],[0.9922,49.2579],[1.0051,49.2507],[1.0157,49.2587],[1.0629,49.259],[1.052,49.2729],[1.0688,49.2767],[1.0481,49.2979],[1.0861,49.3095],[1.1336,49.3099],[1.1346,49.3249],[1.1632,49.3428],[1.1686,49.336],[1.1815,49.3441],[1.2033,49.3366],[1.199,49.3508],[1.2096,49.3526],[1.2722,49.3463],[1.2865,49.3629],[1.2851,49.3881],[1.308,49.3954],[1.3134,49.4146],[1.3154,49.4077],[1.3093,49.4286],[1.3366,49.4277],[1.3374,49.4389],[1.3512,49.4379],[1.3429,49.4465],[1.371,49.451],[1.3865,49.4633],[1.3838,49.4482],[1.4008,49.4568],[1.4762,49.4516],[1.5036,49.4382],[1.5297,49.4424],[1.5371,49.43],[1.5474,49.441],[1.5764,49.4405],[1.6045,49.4117],[1.6283,49.4151],[1.6573,49.399],[1.6804,49.4063],[1.6945,49.3951],[1.7044,49.4107],[1.714,49.4093]]]},"properties":{"shapeName":"Seine-Maritime","shapeISO":"","shapeID":"29444166B55885149928258","shapeGroup":"FRA","shapeType":"ADM2"}},
{"type":"Feature","geometry":{"type":"Polygon","coordinates":[[[3.072,49.1178],[3.0559,49.1009],[3.0661,49.0852],[3.0085,49.0916],[2.9868,49.0709],[2.968,49.0915],[2.9458,49.0883],[2.9415,49.0773],[2.9015,49.0854],[2.8957,49.0773],[2.8561,49.0701],[2.8451,49.0848],[2.8224,49.0862],[2.8092,49.0975],[2.7839,49.0889],[2.7891,49.083],[2.7689,49.0835],[2.7873,49.0755],[2.754,49.0608],[2.7346,49.0605],[2.7242,49.0807],[2.6958,49.0646],[2.6775,49.0882],[2.6339,49.1086],[2.5903,49.0799],[2.5709,49.0606],[2.5945,49.0472],[2.5771,49.0467],[2.5647,49.028],[2.5349,49.0238],[2.5388,49.0126],[2.5535,49.0101],[2.5691,49.0113],[2.5814,48.986],[2.5622,48.9791],[2.6033,48.9377],[2.5888,48.9208],[2.587,48.894],[2.5592,48.8852],[2.5714,48.8798],[2.5676,48.8659],[2.5881,48.8643],[2.5742,48.8534],[2.5918,48.8072],[2.5999,48.795],[2.5865,48.7741],[2.607,48.7746],[2.6156,48.7622],[2.5975,48.7606],[2.6018,48.753],[2.5852,48.7418],[2.5947,48.7319],[2.5678,48.709],[2.5815,48.6974],[2.5718,48.692],[2.5849,48.678],[2.5689,48.6667],[2.5569,48.676],[2.5448,48.6711],[2.5334,48.6573],[2.5474,48.6515],[2.5422,48.6333],[2.5156,48.6292],[2.5439,48.6041],[2.5184,48.5846],[2.5305,48.5711],[2.4996,48.5465],[2.511,48.543],[2.4973,48.5253],[2.5152,48.505],[2.5016,48.4847],[2.5044,48.4299],[2.5471,48.4017],[2.5217,48.405],[2.5028,48.3929],[2.4835,48.3973],[2.474,48.3904],[2.4849,48.3834],[2.4297,48.3619],[2.444,48.3571],[2.4292,48.3467],[2.4337,48.3344],[2.3923,48.3359],[2.403,48.3206],[2.4234,48.2944],[2.4234,48.2603],[2.4501,48.2499],[2.4687,48.2553],[2.4842,48.2389],[2.5063,48.2386],[2.5066,48.2258],[2.5185,48.2283],[2.523,48.1949],[2.5072,48.1798],[2.5168,48.1668],[2.506,48.1565],[2.4832,48.1646],[2.4418,48.1248],[2.5212,48.125],[2.5379,48.1407],[2.5593,48.1418],[2.5747,48.1313],[2.6392,48.1389],[2.6644,48.1201],[2.7055,48.1231],[2.7206,48.137],[2.7556,48.1459],[2.7367,48.1661],[2.7552,48.1602],[2.7953,48.1691],[2.8114,48.1637],[2.798,48.1509],[2.8008,48.1316],[2.8209,48.1297],[2.8677,48.1566],[2.9366,48.1635],[2.937,48.1831],[2.971,48.1942],[2.9732,48.2056],[3.0045,48.207],[3.0314,48.2488],[3.0474,48.2497],[3.0455,48.2707],[3.0247,48.276],[3.0296,48.2858],[3.0186,48.295],[3.0275,48.3028],[3.0146,48.3063],[3.0434,48.3307],[3.0371,48.3427],[3.0503,48.36],[3.0987,48.3577],[3.1034,48.3494],[3.122,48.3686],[3.1398,48.3726],[3.1466,48.3656],[3.1716,48.3774],[3.2002,48.3636],[3.2233,48.3705],[3.2545,48.3651],[3.2827,48.3816],[3.3052,48.373],[3.3355,48.3702],[3.3511,48.3787],[3.3652,48.3723],[3.3672,48.3943],[3.3833,48.4001],[3.4147,48.3902],[3.4223,48.4161],[3.4033,48.4147],[3.4119,48.4214],[3.3917,48.4232],[3.4074,48.4493],[3.3837,48.4796],[3.4346,48.4903],[3.4352,48.4969],[3.4054,48.5279],[3.4142,48.5335],[3.457,48.5296],[3.4818,48.5415],[3.4654,48.5705],[3.4935,48.5901],[3.5163,48.5898],[3.503,48.6046],[3.5555,48.6202],[3.5193,48.6331],[3.5336,48.6465],[3.4923,48.6475],[3.4509,48.6347],[3.4606,48.653],[3.4406,48.6637],[3.4778,48.6979],[3.4639,48.7072],[3.4697,48.7379],[3.4385,48.7391],[3.4285,48.7584],[3.4082,48.7524],[3.396,48.7586],[3.4082,48.7842],[3.4295,48.7794],[3.4428,48.7859],[3.4421,48.8037],[3.4231,48.8007],[3.4053,48.8102],[3.4163,48.818],[3.4481,48.811],[3.4699,48.8211],[3.487,48.8151],[3.485,48.8518],[3.4702,48.8512],[3.4628,48.8372],[3.4458,48.8433],[3.4466,48.8602],[3.4043,48.864],[3.4059,48.8761],[3.3814,48.8716],[3.368,48.9283],[3.3303,48.9087],[3.3133,48.9213],[3.3044,48.9488],[3.2649,48.9388],[3.2502,48.9739],[3.2312,48.9769],[3.2294,48.9886],[3.2094,48.994],[3.1982,49.0088],[3.1675,49.0125],[3.1611,49.0243],[3.1907,49.0513],[3.1534,49.0834],[3.1652,49.0999],[3.072,49.1178]]]},"properties":{"shapeName":"Seine-et-Marne","shapeISO":"","shapeID":"29444166B64437327790506","shapeGroup":"FRA","shapeType":"ADM2"}},
{"type":"Feature","geometry":{"type":"Polygon","coordinates":[[[1.5014,48.941],[1.5143,48.9219],[1.5384,48.9225],[1.5388,48.9047],[1.5634,48.8905],[1.5456,48.8702],[1.5839,48.8606],[1.5773,48.8447],[1.5981,48.8389],[1.5789,48.8297],[1.5916,48.815],[1.5773,48.8049],[1.5819,48.7619],[1.6084,48.7607],[1.6268,48.7481],[1.5947,48.7091],[1.5764,48.7026],[1.6118,48.6893],[1.6033,48.6625],[1.6213,48.6497],[1.6431,48.6513],[1.6665,48.6135],[1.6858,48.6203],[1.6871,48.6112],[1.715,48.6147],[1.7019,48.585],[1.7092,48.578],[1.7575,48.5751],[1.7684,48.5587],[1.7875,48.5538],[1.7756,48.5139],[1.8013,48.466],[1.8367,48.4671],[1.8449,48.4463],[1.871,48.4398],[1.9043,48.4386],[1.922,48.4577],[1.9151,48.4737],[1.9327,48.4806],[1.9457,48.5177],[1.963,48.5287],[1.9786,48.526],[1.9738,48.5372],[1.9691,48.532],[1.9505,48.5472],[1.9346,48.5472],[1.9367,48.5619],[1.9786,48.5537],[2.017,48.5577],[2.0361,48.5897],[2.0334,48.6058],[2.0605,48.6153],[2.0346,48.6316],[2.0372,48.6418],[2.0165,48.641],[2.0116,48.6599],[2.0283,48.6572],[2.0457,48.6875],[2.0801,48.6848],[2.0893,48.6986],[2.0971,48.6943],[2.1126,48.7229],[2.1027,48.7378],[2.1349,48.7375],[2.1514,48.7546],[2.1896,48.7543],[2.1863,48.7725],[2.2277,48.7702],[2.2266,48.7761],[2.2233,48.7859],[2.2063,48.7849],[2.2026,48.7984],[2.1829,48.7972],[2.1748,48.8151],[2.1516,48.817],[2.146,48.8359],[2.1599,48.8475],[2.1501,48.857],[2.1572,48.8696],[2.148,48.8693],[2.1707,48.8969],[2.2005,48.9086],[2.2059,48.9499],[2.1751,48.9524],[2.1705,48.9784],[2.1207,48.9933],[2.1213,49.0183],[2.1102,49.0087],[2.0849,49.0146],[2.0753,49.0021],[2.0641,49.0085],[2.0237,48.9979],[1.9922,49.021],[1.9378,49.0219],[1.9085,49.0482],[1.8833,49.0337],[1.8817,49.0197],[1.8593,49.0138],[1.8651,49.0218],[1.8511,49.0333],[1.8651,49.0575],[1.8286,49.0763],[1.7968,49.0721],[1.7909,49.0578],[1.7599,49.0635],[1.7512,49.048],[1.7229,49.0447],[1.6946,49.0561],[1.697,49.0659],[1.6724,49.0785],[1.644,49.0816],[1.6144,49.0712],[1.6087,49.0777],[1.605,49.0852],[1.5579,49.0691],[1.523,49.0682],[1.5079,49.0854],[1.5023,49.0589],[1.4797,49.052],[1.4618,49.064],[1.4473,49.0535],[1.48,49.0072],[1.4615,48.989],[1.471,48.975],[1.5079,48.9839],[1.5183,48.9784],[1.4918,48.9646],[1.5011,48.9514],[1.5109,48.9536],[1.5014,48.941]]]},"properties":{"shapeName":"Yvelines","shapeISO":"","shapeID":"29444166B89686889104194","shapeGroup":"FRA","shapeType":"ADM2"}},
{"type":"Feature","geometry":{"type":"Polygon","coordinates":[[[0.1974,46.0954],[0.1882,46.1114],[0.2158,46.1389],[0.2203,46.1582],[0.1948,46.1606],[0.1803,46.1493],[0.1551,46.1573],[0.1386,46.1812],[0.1076,46.186],[0.1135,46.2123],[0.1439,46.2291],[0.1288,46.2675],[0.1597,46.2665],[0.172,46.2778],[0.1521,46.3031],[0.1698,46.3054],[0.1649,46.3179],[0.1766,46.3306],[0.1541,46.3448],[0.1248,46.3487],[0.0783,46.3051],[0.0313,46.3297],[0.0154,46.3264],[0.023,46.3456],[0.0374,46.3451],[0.0139,46.3531],[0.0343,46.3737],[0.0155,46.3919],[-0.0079,46.389],[-0.0091,46.4043],[-0.0237,46.4008],[-0.0108,46.4232],[-0.0099,46.4501],[-0.0194,46.4533],[-0.0096,46.4677],[-0.0154,46.4759],[-0.0429,46.4701],[-0.0381,46.4815],[-0.0471,46.483],[-0.0291,46.4856],[-0.0414,46.4935],[-0.0315,46.5251],[-0.0072,46.5231],[0.0066,46.542],[-0.0114,46.5526],[-0.0079,46.5678],[0.0431,46.5911],[0.0232,46.5952],[0.0224,46.6145],[-0.0136,46.615],[0.0007,46.6433],[-0.0298,46.6271],[-0.0657,46.6228],[-0.0676,46.6296],[-0.0316,46.6512],[-0.0404,46.6641],[-0.0066,46.6834],[-0.0213,46.6934],[0.0026,46.7001],[-0.0023,46.7161],[0.0382,46.7319],[-0.0012,46.7618],[-0.0124,46.7543],[-0.0231,46.769],[-0.0174,46.7804],[-0.0267,46.7887],[0.0079,46.8144],[-0.007,46.8221],[-0.0203,46.8126],[-0.0498,46.8206],[-0.0458,46.8322],[-0.0118,46.848],[0.0167,46.8349],[0.0339,46.8541],[-0.0358,46.8749],[-0.0089,46.9078],[-0.0463,46.9615],[-0.0338,46.9829],[-0.0546,46.9949],[-0.0865,46.9855],[-0.094,47.0134],[-0.0767,47.0084],[-0.1021,47.0652],[-0.1288,47.0544],[-0.1474,47.07],[-0.1754,47.0681],[-0.1414,47.1041],[-0.1846,47.1085],[-0.2061,47.0932],[-0.2411,47.1056],[-0.2629,47.099],[-0.2626,47.1057],[-0.3357,47.088],[-0.3538,47.0954],[-0.3962,47.0916],[-0.4071,47.0665],[-0.427,47.073],[-0.4611,47.0688],[-0.4803,47.0533],[-0.485,47.066],[-0.4595,47.082],[-0.493,47.0834],[-0.5576,47.0641],[-0.5563,47.0427],[-0.5423,47.0325],[-0.5624,47.0305],[-0.5955,46.9979],[-0.6458,46.9921],[-0.6718,47.0032],[-0.6802,46.9877],[-0.6967,46.9949],[-0.7159,46.984],[-0.7434,47.001],[-0.743,46.992],[-0.7615,46.9923],[-0.7723,47.0046],[-0.7867,47.0055],[-0.8085,46.9867],[-0.8117,46.9945],[-0.844,46.9897],[-0.8583,46.9693],[-0.8922,46.9761],[-0.9018,46.9671],[-0.8783,46.9693],[-0.876,46.9557],[-0.8637,46.9622],[-0.8603,46.9495],[-0.8756,46.9549],[-0.8801,46.9457],[-0.8497,46.9463],[-0.8582,46.9346],[-0.848,46.941],[-0.8411,46.929],[-0.8291,46.9334],[-0.8214,46.9183],[-0.8074,46.9201],[-0.8323,46.8846],[-0.8168,46.8809],[-0.7667,46.8344],[-0.7094,46.8215],[-0.6985,46.8107],[-0.7182,46.8002],[-0.7271,46.7666],[-0.7155,46.7519],[-0.6983,46.7518],[-0.7027,46.7351],[-0.6781,46.7257],[-0.6562,46.7008],[-0.6811,46.687],[-0.637,46.6634],[-0.6588,46.6358],[-0.6338,46.6373],[-0.614,46.6216],[-0.6269,46.6056],[-0.6116,46.5882],[-0.6246,46.5752],[-0.6179,46.5617],[-0.6064,46.5638],[-0.6022,46.5334],[-0.6091,46.526],[-0.642,46.5249],[-0.6376,46.5133],[-0.6468,46.5115],[-0.625,46.4976],[-0.6313,46.4787],[-0.6191,46.4759],[-0.6078,46.4546],[-0.6138,46.4491],[-0.6193,46.4553],[-0.6185,46.439],[-0.6366,46.4323],[-0.6397,46.4108],[-0.629,46.4041],[-0.6407,46.3972],[-0.6208,46.3907],[-0.6098,46.4137],[-0.5381,46.3864],[-0.562,46.3596],[-0.6031,46.3615],[-0.6051,46.3473],[-0.6372,46.337],[-0.6482,46.317],[-0.6973,46.3251],[-0.7205,46.3148],[-0.7197,46.3031],[-0.7504,46.3044],[-0.735,46.2684],[-0.752,46.2454],[-0.6887,46.2171],[-0.6798,46.1972],[-0.6981,46.192],[-0.6856,46.1901],[-0.6961,46.1862],[-0.6909,46.1797],[-0.667,46.1847],[-0.6474,46.166],[-0.6038,46.1585],[-0.6332,46.1501],[-0.6192,46.1374],[-0.5831,46.1396],[-0.5793,46.1483],[-0.5475,46.1442],[-0.527,46.1365],[-0.5289,46.13],[-0.5115,46.1302],[-0.5164,46.1125],[-0.5061,46.1067],[-0.4533,46.1032],[-0.4404,46.0946],[-0.4402,46.1046],[-0.4212,46.1133],[-0.4223,46.0938],[-0.4013,46.0842],[-0.3831,46.0982],[-0.3585,46.0829],[-0.3629,46.0756],[-0.331,46.0826],[-0.3037,46.0775],[-0.2917,46.0877],[-0.273,46.0573],[-0.2126,46.0441],[-0.1923,46.0545],[-0.189,46.0261],[-0.16,46.0365],[-0.1719,46.0226],[-0.1626,46.0222],[-0.1647,46.0107],[-0.1392,45.9994],[-0.1371,45.979],[-0.1031,45.9697],[-0.0382,45.9924],[-0.0576,45.9986],[-0.0456,46.0207],[-0.0214,46.029],[-0.0395,46.0531],[0.005,46.0596],[0.0193,46.0529],[0.0381,46.0699],[0.0627,46.0727],[0.0509,46.0795],[0.0671,46.0916],[0.0972,46.0891],[0.0973,46.1059],[0.1152,46.0961],[0.1358,46.1041],[0.1699,46.081],[0.1974,46.0954]]]},"properties":{"shapeName":"Deux-Sèvres","shapeISO":"","shapeID":"29444166B3130633303914","shapeGroup":"FRA","shapeType":"ADM2"}},
{"type":"Feature","geometry":{"type":"Polygon","coordinates":[[[3.1725,50.0119],[3.1671,50.0211],[3.1471,50.0185],[3.1499,50.0273],[3.1185,50.0261],[3.1167,50.0375],[3.0903,50.0538],[3.0744,50.0453],[3.0148,50.0592],[2.9718,50.0416],[2.9457,50.0541],[2.9329,50.0433],[2.9203,50.0491],[2.9171,50.0349],[2.8969,50.0375],[2.8638,50.0199],[2.8499,50.0305],[2.8778,50.0428],[2.8553,50.0623],[2.8552,50.0781],[2.7634,50.0383],[2.7425,50.0482],[2.764,50.0607],[2.7589,50.0682],[2.7821,50.0911],[2.7769,50.1159],[2.7625,50.1097],[2.7088,50.1286],[2.7141,50.1098],[2.6956,50.1022],[2.7191,50.0878],[2.7037,50.0807],[2.6907,50.093],[2.6386,50.0972],[2.6283,50.1094],[2.593,50.1065],[2.576,50.1133],[2.5699,50.1224],[2.5868,50.1373],[2.5573,50.1426],[2.5334,50.1139],[2.5152,50.141],[2.455,50.1314],[2.4301,50.0884],[2.4187,50.0878],[2.3948,50.1103],[2.3754,50.1094],[2.389,50.1549],[2.4134,50.1624],[2.4261,50.179],[2.4508,50.179],[2.4953,50.1946],[2.4508,50.2308],[2.404,50.2341],[2.3592,50.2062],[2.3332,50.2391],[2.3146,50.2349],[2.3314,50.2225],[2.3272,50.2131],[2.3203,50.2204],[2.2988,50.2119],[2.2699,50.229],[2.2462,50.2111],[2.2248,50.2081],[2.2131,50.2187],[2.1738,50.2092],[2.149,50.1909],[2.1291,50.2099],[2.1143,50.203],[2.0946,50.2084],[2.0859,50.201],[2.0845,50.2166],[2.0634,50.2346],[2.0762,50.2519],[2.0269,50.2696],[2.0115,50.2675],[1.9604,50.2906],[1.9457,50.2879],[1.9316,50.2992],[1.9629,50.3111],[1.9641,50.3212],[1.9463,50.3317],[1.9101,50.3114],[1.8812,50.3182],[1.8725,50.3343],[1.805,50.3596],[1.7618,50.3616],[1.7282,50.3459],[1.6897,50.3438],[1.6931,50.3378],[1.6656,50.3298],[1.6618,50.3384],[1.6447,50.3395],[1.6463,50.3484],[1.6257,50.3662],[1.5633,50.3566],[1.5706,50.362],[1.5556,50.3633],[1.5387,50.2762],[1.5528,50.259],[1.5947,50.2578],[1.5938,50.245],[1.6231,50.2144],[1.6625,50.2144],[1.6837,50.1829],[1.674,50.1744],[1.6435,50.1862],[1.6467,50.1769],[1.6271,50.1903],[1.596,50.1855],[1.5595,50.2106],[1.5708,50.2175],[1.5189,50.2058],[1.483,50.1717],[1.4536,50.1091],[1.381,50.0657],[1.4088,50.0571],[1.4232,50.0711],[1.4496,50.0701],[1.4592,50.0627],[1.453,50.039],[1.5163,50.0121],[1.5274,49.9947],[1.5758,49.9729],[1.6035,49.9428],[1.679,49.9167],[1.6933,49.8945],[1.7128,49.8873],[1.7341,49.8124],[1.7838,49.7583],[1.7942,49.75],[1.8092,49.7545],[1.8207,49.7392],[1.8396,49.7393],[1.8204,49.7227],[1.8378,49.7182],[1.8491,49.7017],[1.8943,49.6992],[1.9333,49.72],[1.9488,49.7007],[1.9717,49.7202],[1.978,49.7097],[2.0345,49.7107],[2.0467,49.6969],[2.0594,49.6973],[2.064,49.6878],[2.0483,49.6882],[2.0562,49.6839],[2.0816,49.6939],[2.1243,49.6878],[2.1518,49.7022],[2.1821,49.7042],[2.2471,49.7017],[2.3018,49.6811],[2.3154,49.69],[2.3507,49.6611],[2.3619,49.6668],[2.3709,49.6564],[2.3884,49.6559],[2.4126,49.663],[2.4454,49.653],[2.4535,49.6354],[2.473,49.6356],[2.4636,49.6276],[2.4779,49.6207],[2.5052,49.6396],[2.541,49.6249],[2.5413,49.6155],[2.5664,49.619],[2.5591,49.6054],[2.571,49.5967],[2.5932,49.6123],[2.626,49.6109],[2.6295,49.5795],[2.6497,49.5718],[2.6708,49.5815],[2.6681,49.5991],[2.6887,49.6254],[2.7204,49.6213],[2.7388,49.6273],[2.7865,49.6121],[2.799,49.6205],[2.7892,49.6402],[2.7969,49.6606],[2.8436,49.6586],[2.8658,49.6855],[2.8886,49.671],[2.8877,49.6877],[2.8663,49.7026],[2.8821,49.7138],[2.892,49.6988],[2.9135,49.7097],[2.9255,49.683],[2.938,49.6814],[2.9304,49.6767],[2.9401,49.6804],[2.9553,49.6652],[2.9485,49.6942],[2.974,49.6973],[2.9773,49.7057],[2.997,49.7077],[3.0282,49.6799],[3.0405,49.697],[3.0555,49.6936],[3.0524,49.7139],[3.0834,49.7127],[3.0836,49.6905],[3.0967,49.7058],[3.1183,49.706],[3.0941,49.7494],[3.1006,49.7666],[3.0706,49.7669],[3.0613,49.7812],[3.086,49.792],[3.0849,49.818],[3.0608,49.82],[3.0553,49.8321],[3.0857,49.8421],[3.0753,49.8786],[3.0884,49.8656],[3.1127,49.8779],[3.1227,49.9244],[3.1646,49.9474],[3.1626,49.965],[3.2021,49.9839],[3.1667,49.9865],[3.1678,49.9951],[3.1557,49.9916],[3.1725,50.0119]]]},"properties":{"shapeName":"Somme","shapeISO":"","shapeID":"29444166B47374384537090","shapeGroup":"FRA","shapeType":"ADM2"}},
{"type":"Feature","geometry":{"type":"Polygon","coordinates":[[[2.5658,43.4227],[2.6067,43.4314],[2.6056,43.4409],[2.6179,43.4382],[2.6463,43.4591],[2.6384,43.4672],[2.665,43.462],[2.668,43.47],[2.6563,43.4824],[2.6584,43.517],[2.6764,43.5135],[2.6157,43.5667],[2.6316,43.5842],[2.6143,43.5998],[2.6286,43.6101],[2.6456,43.6605],[2.6523,43.649],[2.6846,43.6538],[2.7206,43.6453],[2.7545,43.614],[2.7949,43.6245],[2.8132,43.6411],[2.8735,43.645],[2.879,43.6573],[2.9074,43.6542],[2.9198,43.6624],[2.919,43.6876],[2.9354,43.6946],[2.9212,43.7361],[2.8696,43.7389],[2.8234,43.7622],[2.7881,43.7526],[2.7813,43.7369],[2.7422,43.729],[2.6588,43.7568],[2.5619,43.8445],[2.564,43.866],[2.5801,43.879],[2.5504,43.8924],[2.5531,43.9259],[2.5371,43.9251],[2.5335,43.9365],[2.499,43.9451],[2.5192,43.9592],[2.5253,43.9772],[2.5015,43.9861],[2.4914,44.0188],[2.462,44.0337],[2.46,44.0514],[2.4103,44.0558],[2.4119,44.0699],[2.3893,44.0945],[2.359,44.101],[2.3322,44.1233],[2.2889,44.1219],[2.2979,44.138],[2.2717,44.1482],[2.2374,44.134],[2.1822,44.1384],[2.1922,44.1492],[2.1996,44.1437],[2.2325,44.1546],[2.2355,44.1638],[2.2065,44.1714],[2.1915,44.1621],[2.181,44.1788],[2.1545,44.181],[2.1621,44.1877],[2.1426,44.2015],[2.1049,44.194],[2.1078,44.1818],[2.0959,44.1742],[2.096,44.1887],[2.0803,44.1799],[2.0685,44.1898],[2.052,44.1887],[2.06,44.1726],[2.029,44.1687],[2.0299,44.157],[1.9902,44.1495],[1.9837,44.1568],[1.9715,44.1427],[1.9523,44.1512],[1.9436,44.1464],[1.909,44.1634],[1.8945,44.1548],[1.9194,44.1417],[1.9077,44.1305],[1.893,44.1432],[1.885,44.1372],[1.8631,44.144],[1.8494,44.135],[1.8386,44.1445],[1.829,44.1334],[1.838,44.1031],[1.806,44.1264],[1.7871,44.1092],[1.7935,44.1005],[1.7778,44.0968],[1.7468,44.1168],[1.7323,44.1104],[1.7236,44.1182],[1.7267,44.1129],[1.7059,44.1174],[1.6872,44.1114],[1.6586,44.1168],[1.6531,44.0964],[1.6703,44.0881],[1.6609,44.0714],[1.6713,44.0596],[1.6757,44.0666],[1.6921,44.063],[1.7044,44.0444],[1.6918,44.0225],[1.6689,44.0178],[1.6714,44.0107],[1.6489,44.0119],[1.6581,43.9956],[1.6304,43.9903],[1.6188,43.9745],[1.6227,43.9606],[1.5665,43.9653],[1.5503,43.9624],[1.55,43.9551],[1.5352,43.9597],[1.5407,43.9452],[1.5778,43.939],[1.5734,43.917],[1.5558,43.9183],[1.5466,43.9024],[1.5644,43.8716],[1.5551,43.8685],[1.5724,43.8489],[1.5932,43.8431],[1.5902,43.8145],[1.6448,43.8002],[1.6408,43.779],[1.656,43.7679],[1.6502,43.7514],[1.7066,43.7165],[1.6818,43.7007],[1.6608,43.7057],[1.6643,43.6937],[1.7208,43.6883],[1.7311,43.6577],[1.699,43.6486],[1.6922,43.6233],[1.7492,43.6012],[1.7658,43.6031],[1.7892,43.5835],[1.8401,43.5777],[1.8505,43.5494],[1.88,43.5402],[1.8711,43.5344],[1.8926,43.5116],[1.9899,43.4776],[2.0161,43.4876],[2.0156,43.5095],[2.0375,43.4993],[2.0424,43.5121],[2.0483,43.4855],[2.0202,43.4736],[2.0136,43.4504],[2.0291,43.4367],[2.0529,43.4304],[2.0733,43.3949],[2.1093,43.3944],[2.1704,43.4165],[2.1871,43.3941],[2.2151,43.3823],[2.2302,43.4054],[2.2229,43.4315],[2.2583,43.4601],[2.2821,43.4411],[2.3037,43.4479],[2.3968,43.4165],[2.4285,43.4357],[2.4908,43.4383],[2.5191,43.4237],[2.5658,43.4227]]]},"properties":{"shapeName":"Tarn","shapeISO":"","shapeID":"29444166B69257597057849","shapeGroup":"FRA","shapeType":"ADM2"}},
{"type":"Feature","geometry":{"type":"Polygon","coordinates":[[[1.882,44.3402],[1.8532,44.3317],[1.8333,44.3356],[1.8265,44.3237],[1.7941,44.3349],[1.7749,44.3116],[1.7563,44.3257],[1.7373,44.327],[1.7367,44.3181],[1.6958,44.3125],[1.6603,44.2833],[1.6528,44.2963],[1.6338,44.299],[1.6523,44.2855],[1.634,44.2686],[1.6142,44.2806],[1.6168,44.2972],[1.5707,44.3017],[1.5786,44.2839],[1.5608,44.2794],[1.5871,44.2489],[1.5748,44.2338],[1.5411,44.2272],[1.5183,44.2492],[1.5268,44.2606],[1.5093,44.2738],[1.484,44.2725],[1.4717,44.2869],[1.4534,44.2545],[1.381,44.2252],[1.3576,44.2033],[1.3351,44.2289],[1.3063,44.2272],[1.2814,44.2357],[1.2845,44.2527],[1.3046,44.262],[1.2936,44.2728],[1.3042,44.2942],[1.271,44.2811],[1.2554,44.2857],[1.2478,44.2662],[1.2208,44.2805],[1.214,44.2682],[1.2044,44.2823],[1.1775,44.2919],[1.1813,44.3097],[1.1677,44.3028],[1.1606,44.3107],[1.1224,44.3157],[1.1084,44.3272],[1.1162,44.338],[1.0812,44.3544],[1.0918,44.3605],[1.0885,44.3711],[1.105,44.3643],[1.1334,44.3713],[1.1363,44.3934],[1.1036,44.3924],[1.0642,44.3786],[1.0622,44.3655],[1.0483,44.3623],[0.9967,44.3691],[0.9774,44.3565],[0.948,44.3608],[0.9411,44.3445],[0.9345,44.3724],[0.92,44.3844],[0.8964,44.3819],[0.8866,44.3654],[0.8945,44.3425],[0.869,44.3096],[0.8949,44.2969],[0.9163,44.3023],[0.9258,44.2865],[0.9509,44.2751],[0.9402,44.2634],[0.9278,44.2672],[0.934,44.2489],[0.9188,44.2382],[0.9292,44.2304],[0.9062,44.1904],[0.8619,44.1936],[0.8531,44.184],[0.8529,44.175],[0.8712,44.1677],[0.8896,44.1724],[0.8942,44.138],[0.8828,44.1426],[0.8809,44.1297],[0.8672,44.1263],[0.8195,44.1438],[0.7883,44.1444],[0.7986,44.1106],[0.775,44.1169],[0.756,44.1069],[0.7419,44.0652],[0.7518,44.0666],[0.7638,44.0298],[0.8195,44.0565],[0.8646,44.0387],[0.8417,44.0246],[0.8254,44.0301],[0.8126,44.0246],[0.8275,43.9966],[0.7951,43.9755],[0.7853,43.9554],[0.7585,43.945],[0.7601,43.9364],[0.7699,43.9222],[0.8094,43.9327],[0.8428,43.9146],[0.8634,43.9238],[0.9024,43.9007],[0.883,43.8884],[0.8837,43.8746],[0.9123,43.8495],[0.8949,43.8501],[0.8952,43.8398],[0.9257,43.8316],[0.8977,43.7865],[0.9155,43.7842],[0.9241,43.7929],[0.9537,43.7874],[0.98,43.7865],[0.9921,43.7974],[1.0362,43.8042],[1.0573,43.798],[1.0828,43.816],[1.1111,43.8052],[1.1102,43.7962],[1.1503,43.8223],[1.1803,43.795],[1.2167,43.7919],[1.2056,43.7748],[1.2129,43.7676],[1.2743,43.7853],[1.2812,43.7906],[1.2668,43.7982],[1.2785,43.803],[1.2817,43.7959],[1.311,43.8005],[1.36,43.8173],[1.3548,43.8363],[1.3137,43.8321],[1.2939,43.8457],[1.3194,43.8581],[1.3595,43.8512],[1.3483,43.8694],[1.3652,43.8898],[1.3932,43.8805],[1.4052,43.8847],[1.4181,43.8711],[1.449,43.8704],[1.477,43.9083],[1.4919,43.8872],[1.5152,43.9062],[1.5243,43.904],[1.533,43.9215],[1.5558,43.9183],[1.5734,43.917],[1.5778,43.939],[1.5407,43.9452],[1.5352,43.9597],[1.55,43.9551],[1.5503,43.9624],[1.5665,43.9653],[1.6227,43.9606],[1.6188,43.9745],[1.6304,43.9903],[1.6581,43.9956],[1.6489,44.0119],[1.6714,44.0107],[1.6689,44.0178],[1.6918,44.0225],[1.7044,44.0444],[1.6921,44.063],[1.6757,44.0666],[1.6713,44.0596],[1.6609,44.0714],[1.6703,44.0881],[1.6531,44.0964],[1.6586,44.1168],[1.6872,44.1114],[1.7059,44.1174],[1.7267,44.1129],[1.7236,44.1182],[1.7323,44.1104],[1.7468,44.1168],[1.7778,44.0968],[1.7935,44.1005],[1.7871,44.1092],[1.806,44.1264],[1.838,44.1031],[1.829,44.1334],[1.8386,44.1445],[1.8494,44.135],[1.8631,44.144],[1.885,44.1372],[1.893,44.1432],[1.9077,44.1305],[1.9194,44.1417],[1.8945,44.1548],[1.909,44.1634],[1.9436,44.1464],[1.9523,44.1512],[1.9715,44.1427],[1.9837,44.1568],[1.9902,44.1495],[2.0009,44.159],[1.9767,44.162],[1.9781,44.1795],[1.9446,44.1825],[1.9407,44.1698],[1.9334,44.188],[1.9113,44.1854],[1.9074,44.2006],[1.8905,44.2075],[1.9184,44.2197],[1.9334,44.2459],[1.962,44.2423],[1.9709,44.2759],[1.9403,44.2825],[1.9007,44.2791],[1.8687,44.2921],[1.8818,44.3044],[1.8593,44.3204],[1.882,44.3402]]]},"properties":{"shapeName":"Tarn-et-Garonne","shapeISO":"","shapeID":"29444166B74037442766285","shapeGroup":"FRA","shapeType":"ADM2"}},
{"type":"Feature","geometry":{"type":"MultiPolygon","coordinates":[[[[6.3592,43.0086],[6.3641,43.0041],[6.3687,43.0189],[6.3592,43.0086]]],[[[6.1599,43.0017],[6.2057,42.9823],[6.2525,43.0044],[6.2421,43.0267],[6.234,43.012],[6.2172,43.0136],[6.2107,43.0024],[6.1806,43.0089],[6.1599,43.0017]]],[[[6.4324,43.01],[6.4379,43.0035],[6.4517,43.018],[6.4709,43.0167],[6.4883,43.0428],[6.5097,43.0445],[6.5083,43.0528],[6.4686,43.0456],[6.4579,43.0277],[6.4338,43.0203],[6.4324,43.01]]],[[[6.3689,43.0021],[6.4025,42.9935],[6.4213,43.0141],[6.4121,43.0093],[6.4091,43.0201],[6.3689,43.0021]]],[[[5.7771,43.0789],[5.7806,43.0698],[5.792,43.0775],[5.7771,43.0789]]],[[[5.7573,43.7294],[5.7535,43.7246],[5.7872,43.7167],[5.7883,43.6966],[5.8134,43.6891],[5.7995,43.6598],[5.7446,43.6568],[5.6991,43.6432],[5.6781,43.6113],[5.6918,43.5846],[5.6562,43.574],[5.7252,43.5512],[5.7159,43.5035],[5.6988,43.4822],[5.7278,43.4669],[5.7508,43.4345],[5.7884,43.4204],[5.7551,43.4023],[5.7013,43.4081],[5.6827,43.3991],[5.705,43.3559],[5.6864,43.3402],[5.6853,43.3227],[5.6691,43.3194],[5.691,43.313],[5.7267,43.3173],[5.7629,43.2818],[5.7608,43.2674],[5.7118,43.2534],[5.7024,43.2391],[5.6825,43.2354],[5.6719,43.1795],[5.6943,43.1727],[5.6824,43.1555],[5.6952,43.1436],[5.7166,43.1483],[5.7242,43.1363],[5.7493,43.1358],[5.7512,43.1297],[5.7717,43.1388],[5.7809,43.1295],[5.7663,43.1154],[5.8095,43.114],[5.8039,43.1006],[5.8122,43.0939],[5.7934,43.0699],[5.8158,43.0638],[5.8292,43.0493],[5.8592,43.0459],[5.8717,43.0693],[5.8908,43.0784],[5.9111,43.0658],[5.9288,43.0721],[5.9469,43.0679],[5.9509,43.0769],[5.9381,43.0846],[5.9274,43.0774],[5.9175,43.0859],[5.8962,43.0807],[5.9106,43.1006],[5.8815,43.1022],[5.881,43.1089],[5.8918,43.1085],[5.8854,43.1175],[5.9059,43.1123],[5.9141,43.1249],[5.9144,43.1147],[5.9207,43.1241],[5.9254,43.1155],[5.9344,43.1187],[5.9262,43.1011],[5.9565,43.1083],[6.0181,43.099],[6.0216,43.0785],[6.0778,43.0879],[6.114,43.0838],[6.1259,43.078],[6.132,43.0486],[6.1194,43.039],[6.094,43.0406],[6.0955,43.0287],[6.1346,43.0365],[6.1561,43.0262],[6.1732,43.0328],[6.1522,43.037],[6.1547,43.0805],[6.1724,43.1021],[6.2012,43.1161],[6.2754,43.1209],[6.29,43.1069],[6.3164,43.1065],[6.3216,43.0915],[6.3645,43.0865],[6.3601,43.1203],[6.3676,43.136],[6.3864,43.145],[6.43,43.1517],[6.439,43.1422],[6.4643,43.1576],[6.4939,43.1505],[6.5223,43.1656],[6.5349,43.1636],[6.5373,43.1794],[6.5618,43.1891],[6.601,43.1828],[6.6209,43.158],[6.633,43.1723],[6.6468,43.1676],[6.6429,43.1873],[6.6812,43.2001],[6.664,43.2128],[6.6643,43.2412],[6.6906,43.2521],[6.6977,43.2666],[6.6782,43.2791],[6.6641,43.2648],[6.639,43.2742],[6.5937,43.2623],[6.5817,43.2677],[6.5883,43.2699],[6.5744,43.2671],[6.5753,43.2734],[6.5878,43.2715],[6.5861,43.2803],[6.6344,43.3072],[6.6714,43.3128],[6.6652,43.3249],[6.6804,43.3406],[6.7166,43.3467],[6.7142,43.3721],[6.7508,43.4193],[6.7468,43.4204],[6.7417,43.4274],[6.7499,43.4198],[6.7657,43.424],[6.7889,43.4078],[6.8292,43.4185],[6.8551,43.4116],[6.8569,43.432],[6.8898,43.4281],[6.8988,43.442],[6.9226,43.4505],[6.9335,43.4803],[6.914,43.4828],[6.9123,43.4938],[6.884,43.5025],[6.8965,43.5276],[6.8785,43.5289],[6.8874,43.5525],[6.9083,43.5642],[6.8983,43.5817],[6.912,43.5984],[6.8935,43.6119],[6.8658,43.6029],[6.8577,43.611],[6.8524,43.6042],[6.8168,43.6297],[6.7988,43.6282],[6.784,43.6532],[6.761,43.6663],[6.7744,43.7042],[6.7526,43.7411],[6.7149,43.7387],[6.7014,43.7541],[6.6827,43.7579],[6.6574,43.7487],[6.6363,43.7889],[6.6235,43.8049],[6.5874,43.8055],[6.5453,43.7753],[6.5429,43.7916],[6.5181,43.8088],[6.4865,43.7916],[6.4387,43.7979],[6.4143,43.7918],[6.4135,43.7605],[6.3833,43.7345],[6.3747,43.7432],[6.3583,43.7355],[6.3267,43.7468],[6.2687,43.7773],[6.2529,43.8012],[6.2143,43.7992],[6.1534,43.7433],[6.13,43.7362],[6.1069,43.745],[6.0768,43.7071],[6.0348,43.6942],[6.0392,43.6786],[6.0216,43.6683],[5.9877,43.6954],[5.9855,43.714],[5.9407,43.7273],[5.9385,43.7494],[5.9249,43.7574],[5.9028,43.7536],[5.9012,43.7326],[5.8491,43.7182],[5.8309,43.7473],[5.7811,43.7557],[5.7573,43.7294]]]]},"properties":{"shapeName":"Var","shapeISO":"","shapeID":"29444166B96369043825533","shapeGroup":"FRA","shapeType":"ADM2"}},
{"type":"Feature","geometry":{"type":"MultiPolygon","coordinates":[[[[4.8929,44.365],[4.8693,44.3451],[4.8954,44.3382],[4.8817,44.3248],[4.8893,44.304],[4.9219,44.3089],[4.9871,44.2927],[4.9964,44.32],[5.0138,44.3258],[5.0235,44.3603],[5.0547,44.3648],[5.0722,44.3808],[5.0158,44.3927],[5.0186,44.4158],[5.0012,44.4127],[4.9716,44.4315],[4.9603,44.4199],[4.9182,44.4077],[4.9087,44.3768],[4.8929,44.365]]],[[[5.4989,44.1161],[5.4508,44.1211],[5.436,44.1525],[5.3832,44.1554],[5.3847,44.2011],[5.3552,44.2146],[5.3367,44.2034],[5.3187,44.21],[5.3033,44.2057],[5.2529,44.2313],[5.2405,44.2309],[5.2304,44.2118],[5.1548,44.2305],[5.1607,44.2667],[5.1463,44.272],[5.1684,44.2901],[5.1683,44.3147],[5.1081,44.2773],[5.0766,44.284],[5.0605,44.3082],[4.933,44.2622],[4.8741,44.2597],[4.8269,44.2285],[4.8142,44.2322],[4.8046,44.3038],[4.7796,44.3194],[4.7179,44.3269],[4.7131,44.3205],[4.6786,44.3207],[4.6506,44.3298],[4.6495,44.2703],[4.6779,44.2344],[4.6743,44.2144],[4.7064,44.2145],[4.7058,44.1927],[4.7225,44.1873],[4.7061,44.1078],[4.7205,44.0818],[4.7602,44.0872],[4.7597,44.075],[4.7872,44.0659],[4.8196,44.0172],[4.8436,44.0091],[4.8427,43.9869],[4.8131,43.9881],[4.8119,43.962],[4.7774,43.9371],[4.7393,43.9241],[4.8531,43.9113],[4.9023,43.8882],[4.9662,43.8718],[5.03,43.8274],[5.0463,43.791],[5.1734,43.7388],[5.1878,43.7351],[5.2427,43.7476],[5.3166,43.7361],[5.3392,43.7202],[5.4881,43.6674],[5.6071,43.6587],[5.6732,43.6936],[5.714,43.6913],[5.7535,43.7246],[5.7573,43.7294],[5.7164,43.7557],[5.7129,43.7811],[5.6856,43.7871],[5.6545,43.8252],[5.5748,43.8303],[5.5447,43.8176],[5.5486,43.8518],[5.5729,43.8625],[5.6078,43.9153],[5.5814,43.9148],[5.5685,43.9427],[5.545,43.9389],[5.5097,43.9506],[5.5176,43.9915],[5.5436,44.0259],[5.545,44.068],[5.5027,44.0635],[5.4989,44.1161]]]]},"properties":{"shapeName":"Vaucluse","shapeISO":"","shapeID":"29444166B40811589398759","shapeGroup":"FRA","shapeType":"ADM2"}},
{"type":"Feature","geometry":{"type":"MultiPolygon","coordinates":[[[[-2.4007,46.7258],[-2.3808,46.6985],[-2.3692,46.702],[-2.3324,46.6861],[-2.3119,46.6961],[-2.2826,46.6884],[-2.318,46.72],[-2.3394,46.7193],[-2.347,46.7298],[-2.3817,46.7335],[-2.4007,46.7258]]],[[[-0.7504,46.3044],[-0.7197,46.3031],[-0.7205,46.3148],[-0.6973,46.3251],[-0.6482,46.317],[-0.6372,46.337],[-0.6051,46.3473],[-0.6031,46.3615],[-0.562,46.3596],[-0.5381,46.3864],[-0.6098,46.4137],[-0.6208,46.3907],[-0.6407,46.3972],[-0.629,46.4041],[-0.6397,46.4108],[-0.6366,46.4323],[-0.6185,46.439],[-0.6193,46.4553],[-0.6138,46.4491],[-0.6078,46.4546],[-0.6191,46.4759],[-0.6313,46.4787],[-0.625,46.4976],[-0.6468,46.5115],[-0.6376,46.5133],[-0.642,46.5249],[-0.6091,46.526],[-0.6022,46.5334],[-0.6064,46.5638],[-0.6179,46.5617],[-0.6246,46.5752],[-0.6116,46.5882],[-0.6269,46.6056],[-0.614,46.6216],[-0.6338,46.6373],[-0.6588,46.6358],[-0.637,46.6634],[-0.6811,46.687],[-0.6562,46.7008],[-0.6781,46.7257],[-0.7027,46.7351],[-0.6983,46.7518],[-0.7155,46.7519],[-0.7271,46.7666],[-0.7182,46.8002],[-0.6985,46.8107],[-0.7094,46.8215],[-0.7667,46.8344],[-0.8168,46.8809],[-0.8323,46.8846],[-0.8074,46.9201],[-0.8214,46.9183],[-0.8291,46.9334],[-0.8411,46.929],[-0.848,46.941],[-0.8582,46.9346],[-0.8497,46.9463],[-0.8801,46.9457],[-0.8756,46.9549],[-0.8603,46.9495],[-0.8637,46.9622],[-0.876,46.9557],[-0.8783,46.9693],[-0.9018,46.9671],[-0.8922,46.9761],[-0.9025,46.9939],[-0.9352,47.0023],[-0.9292,47.0081],[-0.9608,46.9947],[-0.9776,47.0189],[-0.9822,47.0106],[-1.0022,47.0215],[-1.0163,47.0036],[-1.0546,47.0044],[-1.1484,47.0295],[-1.2015,47.0403],[-1.2704,47.085],[-1.288,47.0761],[-1.3005,47.0342],[-1.3456,47.0459],[-1.3418,47.0398],[-1.3663,47.0419],[-1.3784,47.0317],[-1.3629,47.0055],[-1.3781,46.9916],[-1.359,46.9812],[-1.3649,46.957],[-1.4584,46.926],[-1.4719,46.9332],[-1.4574,46.9545],[-1.4769,46.9821],[-1.4601,46.9922],[-1.4723,47.0314],[-1.4924,47.0422],[-1.5245,47.0232],[-1.5516,47.019],[-1.5425,47.0014],[-1.5555,46.9788],[-1.5187,46.9347],[-1.5291,46.9227],[-1.546,46.9253],[-1.5008,46.8834],[-1.5274,46.8729],[-1.5463,46.8749],[-1.5485,46.8601],[-1.6047,46.8756],[-1.6653,46.8748],[-1.6866,46.8907],[-1.7229,46.8838],[-1.7372,46.8959],[-1.7457,46.9284],[-1.8322,46.9322],[-1.8281,46.953],[-1.8991,46.9607],[-1.9172,46.9748],[-1.9167,46.9921],[-1.9425,46.9945],[-1.9755,47.0288],[-2.0292,47.0097],[-2.0267,46.9973],[-2.0382,46.9975],[-2.0302,46.9902],[-2.0462,46.978],[-2.0446,46.969],[-2.0335,46.969],[-2.0446,46.9679],[-2.0709,46.9351],[-2.0813,46.9382],[-2.0761,46.9342],[-2.1062,46.92],[-2.1148,46.8993],[-2.1563,46.889],[-2.1433,46.8219],[-2.0216,46.75],[-1.9812,46.7189],[-1.9659,46.6919],[-1.9343,46.6961],[-1.9543,46.691],[-1.9408,46.691],[-1.8977,46.64],[-1.8563,46.6089],[-1.8123,46.4936],[-1.7939,46.4887],[-1.7894,46.5044],[-1.7918,46.4906],[-1.7773,46.4928],[-1.6796,46.4381],[-1.6454,46.434],[-1.6482,46.4198],[-1.5129,46.4034],[-1.4672,46.3428],[-1.4377,46.34],[-1.422,46.3473],[-1.3865,46.3409],[-1.3578,46.348],[-1.3335,46.3347],[-1.3546,46.3429],[-1.3009,46.2939],[-1.284,46.2865],[-1.268,46.2819],[-1.2877,46.2886],[-1.2778,46.2884],[-1.2733,46.291],[-1.2977,46.2939],[-1.2839,46.2947],[-1.2992,46.2959],[-1.2884,46.2961],[-1.2991,46.2986],[-1.2881,46.2971],[-1.2899,46.3042],[-1.3368,46.3498],[-1.2076,46.2669],[-1.1958,46.3007],[-1.2028,46.3161],[-1.1673,46.32],[-1.1648,46.3331],[-1.1399,46.3115],[-1.1151,46.3293],[-1.1045,46.315],[-1.0749,46.3178],[-1.0814,46.3237],[-1.0537,46.3495],[-1.0525,46.3426],[-1.0134,46.3556],[-1.0128,46.3493],[-0.9748,46.3512],[-0.965,46.3653],[-0.9511,46.3603],[-0.9294,46.3715],[-0.9431,46.3371],[-0.9631,46.3227],[-0.9324,46.3105],[-0.8945,46.317],[-0.8872,46.3269],[-0.8643,46.3275],[-0.8626,46.3189],[-0.85,46.3177],[-0.8403,46.3405],[-0.8214,46.336],[-0.8033,46.3429],[-0.8036,46.3258],[-0.7504,46.3044]]],[[[-2.1979,46.9511],[-2.1484,46.894],[-2.1569,46.9501],[-2.2304,46.9731],[-2.2366,46.9852],[-2.2247,46.9893],[-2.2466,46.9841],[-2.2339,46.9912],[-2.2476,46.9997],[-2.2193,46.9901],[-2.2222,47.0144],[-2.2524,47.0279],[-2.3075,47.0249],[-2.2923,47.0116],[-2.3022,46.99],[-2.264,46.9604],[-2.2243,46.9656],[-2.1979,46.9511]]]]},"properties":{"shapeName":"Vendée","shapeISO":"","shapeID":"29444166B84862613094844","shapeGroup":"FRA","shapeType":"ADM2"}},
{"type":"Feature","geometry":{"type":"Polygon","coordinates":[[[0.8232,46.1286],[0.8472,46.1379],[0.8321,46.1497],[0.8401,46.1645],[0.8279,46.1746],[0.8368,46.1792],[0.8184,46.1848],[0.8168,46.1971],[0.7933,46.2127],[0.8064,46.2274],[0.8483,46.2288],[0.8475,46.2486],[0.8578,46.2487],[0.8615,46.2619],[0.8907,46.2686],[0.8997,46.2899],[0.9296,46.2808],[0.9358,46.2931],[0.952,46.2846],[1.0059,46.281],[1.0016,46.292],[1.0086,46.3077],[1.022,46.3106],[1.0268,46.3433],[1.0501,46.363],[1.0779,46.3584],[1.101,46.3643],[1.1298,46.3471],[1.1286,46.3634],[1.1513,46.3701],[1.1579,46.39],[1.1775,46.3839],[1.2132,46.4331],[1.1868,46.4282],[1.1865,46.4411],[1.1518,46.4486],[1.1352,46.471],[1.1576,46.4695],[1.1334,46.4977],[1.1463,46.5058],[1.0921,46.5375],[1.0223,46.5361],[1.0144,46.5678],[0.9638,46.5715],[0.9412,46.581],[0.9377,46.5945],[0.9107,46.6017],[0.8939,46.6269],[0.9064,46.6486],[0.9179,46.6505],[0.9025,46.6794],[0.9277,46.696],[0.9018,46.7364],[0.8771,46.738],[0.8674,46.7482],[0.8281,46.7771],[0.8282,46.7868],[0.8148,46.7888],[0.809,46.828],[0.7867,46.8407],[0.796,46.8501],[0.7678,46.8512],[0.7709,46.8644],[0.7527,46.8602],[0.7048,46.9029],[0.6929,46.9741],[0.6333,46.9869],[0.6183,47.0076],[0.5676,47.0065],[0.574,46.9832],[0.6013,46.9731],[0.5994,46.9562],[0.5052,46.96],[0.4449,46.9413],[0.4386,46.9295],[0.3665,46.9499],[0.325,46.9305],[0.3013,46.9559],[0.3056,46.9864],[0.2914,46.9903],[0.313,46.9981],[0.2986,47.0197],[0.3103,47.0257],[0.3053,47.0527],[0.2682,47.0424],[0.2598,47.0555],[0.2678,47.0677],[0.2442,47.0715],[0.2139,47.0541],[0.1923,47.0654],[0.1761,47.0606],[0.1745,47.0718],[0.2012,47.0913],[0.1824,47.1151],[0.1619,47.1001],[0.1352,47.1071],[0.1407,47.1247],[0.1271,47.1198],[0.1112,47.1304],[0.1044,47.1207],[0.0812,47.1185],[0.0784,47.1464],[0.0656,47.1431],[0.0539,47.1637],[0.0492,47.1689],[0.0363,47.16],[0.0189,47.176],[-0.0051,47.1618],[-0.0411,47.1137],[-0.0265,47.1061],[-0.0355,47.0867],[-0.0859,47.101],[-0.1013,47.0858],[-0.1021,47.0652],[-0.0767,47.0084],[-0.094,47.0134],[-0.0865,46.9855],[-0.0546,46.9949],[-0.0338,46.9829],[-0.0463,46.9615],[-0.0089,46.9078],[-0.0358,46.8749],[0.0339,46.8541],[0.0167,46.8349],[-0.0118,46.848],[-0.0458,46.8322],[-0.0498,46.8206],[-0.0203,46.8126],[-0.007,46.8221],[0.0079,46.8144],[-0.0267,46.7887],[-0.0174,46.7804],[-0.0231,46.769],[-0.0124,46.7543],[-0.0012,46.7618],[0.0382,46.7319],[-0.0023,46.7161],[0.0026,46.7001],[-0.0213,46.6934],[-0.0066,46.6834],[-0.0404,46.6641],[-0.0316,46.6512],[-0.0676,46.6296],[-0.0657,46.6228],[-0.0298,46.6271],[0.0007,46.6433],[-0.0136,46.615],[0.0224,46.6145],[0.0232,46.5952],[0.0431,46.5911],[-0.0079,46.5678],[-0.0114,46.5526],[0.0066,46.542],[-0.0072,46.5231],[-0.0315,46.5251],[-0.0414,46.4935],[-0.0291,46.4856],[-0.0471,46.483],[-0.0381,46.4815],[-0.0429,46.4701],[-0.0154,46.4759],[-0.0096,46.4677],[-0.0194,46.4533],[-0.0099,46.4501],[-0.0108,46.4232],[-0.0237,46.4008],[-0.0091,46.4043],[-0.0079,46.389],[0.0155,46.3919],[0.0343,46.3737],[0.0139,46.3531],[0.0374,46.3451],[0.023,46.3456],[0.0154,46.3264],[0.0313,46.3297],[0.0783,46.3051],[0.1248,46.3487],[0.1541,46.3448],[0.1766,46.3306],[0.1649,46.3179],[0.1698,46.3054],[0.1521,46.3031],[0.172,46.2778],[0.1597,46.2665],[0.1288,46.2675],[0.1439,46.2291],[0.1135,46.2123],[0.1076,46.186],[0.1386,46.1812],[0.1551,46.1573],[0.1803,46.1493],[0.1948,46.1606],[0.2203,46.1582],[0.2158,46.1389],[0.1882,46.1114],[0.1974,46.0954],[0.2563,46.0802],[0.2776,46.0599],[0.3894,46.0677],[0.4251,46.0483],[0.4563,46.0544],[0.4689,46.0688],[0.4807,46.0656],[0.4783,46.0853],[0.447,46.0856],[0.4433,46.1016],[0.4619,46.1101],[0.4708,46.1294],[0.4879,46.1275],[0.4919,46.1365],[0.5087,46.1319],[0.4982,46.1226],[0.5196,46.115],[0.5399,46.0856],[0.5636,46.0903],[0.5741,46.0781],[0.5937,46.0811],[0.596,46.0729],[0.6186,46.0929],[0.6872,46.0972],[0.6755,46.1118],[0.7105,46.1294],[0.7126,46.1396],[0.7446,46.1408],[0.7863,46.1295],[0.8136,46.1388],[0.8232,46.1286]]]},"properties":{"shapeName":"Vienne","shapeISO":"","shapeID":"29444166B96315142170190","shapeGroup":"FRA","shapeType":"ADM2"}},
{"type":"Feature","geometry":{"type":"Polygon","coordinates":[[[0.6292,45.7148],[0.6543,45.6887],[0.7019,45.6871],[0.7249,45.6959],[0.7429,45.6904],[0.7628,45.6685],[0.7762,45.6679],[0.7506,45.6169],[0.7785,45.591],[0.8067,45.5951],[0.8111,45.5759],[0.844,45.5836],[0.8693,45.6236],[0.8982,45.6],[0.9061,45.609],[0.9139,45.6042],[0.9464,45.6152],[0.9799,45.6032],[0.9973,45.6153],[1.0233,45.6101],[1.0421,45.586],[1.0324,45.5796],[1.0454,45.5573],[1.0627,45.5548],[1.0824,45.5324],[1.1198,45.5476],[1.1675,45.5249],[1.1342,45.5053],[1.1199,45.4744],[1.1247,45.4793],[1.1357,45.4696],[1.1615,45.4787],[1.176,45.4716],[1.1776,45.4569],[1.2095,45.4633],[1.236,45.455],[1.2336,45.4402],[1.243,45.4366],[1.2532,45.4442],[1.2854,45.4905],[1.3498,45.4671],[1.3661,45.4883],[1.3893,45.4963],[1.4073,45.527],[1.4247,45.5312],[1.4398,45.5203],[1.4532,45.5353],[1.4522,45.5534],[1.4755,45.5535],[1.4804,45.5659],[1.4925,45.5611],[1.4927,45.5493],[1.5182,45.5555],[1.5186,45.5645],[1.555,45.5495],[1.5826,45.555],[1.5951,45.5782],[1.6377,45.5805],[1.7089,45.6418],[1.7283,45.6382],[1.7506,45.6444],[1.7536,45.6554],[1.7767,45.6589],[1.786,45.6829],[1.8017,45.6726],[1.8158,45.6814],[1.8323,45.6636],[1.8472,45.661],[1.8546,45.6723],[1.8749,45.6648],[1.8819,45.6819],[1.9111,45.6808],[1.8989,45.6985],[1.8801,45.7108],[1.8922,45.7185],[1.8877,45.7267],[1.8733,45.726],[1.8863,45.7455],[1.8743,45.7558],[1.9026,45.7677],[1.8919,45.7687],[1.888,45.7903],[1.8544,45.8128],[1.8467,45.81],[1.8363,45.8257],[1.828,45.8099],[1.7975,45.8316],[1.7761,45.833],[1.7812,45.8531],[1.7707,45.8687],[1.7568,45.8675],[1.7557,45.8557],[1.7306,45.8419],[1.6924,45.8446],[1.6598,45.834],[1.6544,45.8455],[1.6024,45.8575],[1.605,45.8806],[1.5911,45.8832],[1.6156,45.8922],[1.6191,45.8812],[1.6209,45.9],[1.6321,45.8893],[1.6424,45.8928],[1.6248,45.9161],[1.6392,45.9254],[1.6209,45.9345],[1.6185,45.9287],[1.5791,45.9314],[1.5809,45.9178],[1.5673,45.914],[1.5583,45.9224],[1.5472,45.9169],[1.5303,45.932],[1.5093,45.9328],[1.5192,45.9516],[1.5666,45.9636],[1.5774,45.9781],[1.5685,45.997],[1.5339,46.0035],[1.5358,46.0257],[1.5495,46.0357],[1.5315,46.0584],[1.5431,46.0777],[1.5258,46.0779],[1.5298,46.0905],[1.5048,46.0884],[1.4985,46.1065],[1.4841,46.1045],[1.4915,46.1197],[1.5071,46.122],[1.4934,46.1333],[1.4967,46.1428],[1.4845,46.1347],[1.4734,46.1493],[1.4527,46.1526],[1.4654,46.1607],[1.4614,46.178],[1.4155,46.1763],[1.3726,46.2161],[1.3944,46.2392],[1.418,46.2411],[1.404,46.2599],[1.4148,46.2713],[1.4256,46.2664],[1.4377,46.2721],[1.4144,46.2805],[1.4253,46.2981],[1.4453,46.3054],[1.4366,46.3214],[1.4469,46.3319],[1.41,46.342],[1.4156,46.3469],[1.4093,46.3613],[1.3562,46.4002],[1.3147,46.3958],[1.3229,46.3851],[1.3037,46.3711],[1.2606,46.379],[1.219,46.3656],[1.21,46.3899],[1.1914,46.3765],[1.1775,46.3839],[1.1579,46.39],[1.1513,46.3701],[1.1286,46.3634],[1.1298,46.3471],[1.101,46.3643],[1.0779,46.3584],[1.0501,46.363],[1.0268,46.3433],[1.022,46.3106],[1.0086,46.3077],[1.0016,46.292],[1.0059,46.281],[0.952,46.2846],[0.9358,46.2931],[0.9296,46.2808],[0.8997,46.2899],[0.8907,46.2686],[0.8615,46.2619],[0.8578,46.2487],[0.8475,46.2486],[0.8483,46.2288],[0.8064,46.2274],[0.7933,46.2127],[0.8168,46.1971],[0.8184,46.1848],[0.8368,46.1792],[0.8279,46.1746],[0.8401,46.1645],[0.8321,46.1497],[0.8472,46.1379],[0.8232,46.1286],[0.8081,46.1212],[0.8247,46.1161],[0.8347,46.0964],[0.814,46.052],[0.8529,46.0338],[0.8629,46.0163],[0.8859,46.0322],[0.9252,46.011],[0.9158,46.0022],[0.9347,45.9925],[0.9319,45.9781],[0.9462,45.9747],[0.9427,45.9576],[0.9224,45.9539],[0.921,45.938],[0.9052,45.9387],[0.8596,45.9178],[0.8122,45.9313],[0.8126,45.8973],[0.8272,45.8828],[0.8073,45.8702],[0.8211,45.8673],[0.8168,45.8583],[0.7813,45.8206],[0.7807,45.788],[0.741,45.8058],[0.7129,45.8046],[0.7058,45.7777],[0.715,45.7631],[0.673,45.7526],[0.6652,45.7395],[0.6525,45.7407],[0.6446,45.7162],[0.6327,45.7213],[0.6292,45.7148]]]},"properties":{"shapeName":"Haute-Vienne","shapeISO":"","shapeID":"29444166B22545752371567","shapeGroup":"FRA","shapeType":"ADM2"}},
{"type":"Feature","geometry":{"type":"Polygon","coordinates":[[[5.8847,47.9262],[5.8977,47.9309],[5.8996,47.9444],[5.918,47.9474],[5.9174,47.9662],[5.9327,47.9774],[5.9475,47.9797],[5.9601,47.968],[5.9287,47.9381],[5.9494,47.9354],[5.9705,47.9572],[6.0068,47.959],[6.0261,47.9814],[6.019,47.9875],[6.0412,48.0044],[6.0732,48.0159],[6.1094,48.0126],[6.1313,48.0241],[6.1562,48.0068],[6.1653,47.9767],[6.1498,47.9656],[6.168,47.9524],[6.1821,47.9569],[6.208,47.9468],[6.2053,47.932],[6.238,47.9328],[6.2891,47.9558],[6.324,47.9484],[6.365,47.9626],[6.391,47.9605],[6.4083,47.9433],[6.4348,47.9429],[6.4783,47.8854],[6.544,47.9031],[6.5634,47.9314],[6.6054,47.9446],[6.642,47.9185],[6.6464,47.9032],[6.7372,47.861],[6.7826,47.8513],[6.7928,47.8297],[6.8236,47.8133],[6.8459,47.8229],[6.8955,47.8328],[6.9199,47.8502],[6.8967,47.8905],[6.9287,47.9095],[6.9124,47.9184],[6.9257,47.9298],[6.9194,47.9443],[6.9438,47.9804],[6.9438,47.9995],[6.9614,48.0003],[7.0017,48.0219],[7.0301,48.0723],[7.077,48.1089],[7.084,48.1292],[7.0701,48.1296],[7.0599,48.1449],[7.0858,48.1841],[7.1179,48.2082],[7.133,48.2475],[7.177,48.289],[7.1724,48.2975],[7.1983,48.3103],[7.1915,48.3249],[7.1774,48.3254],[7.1839,48.3392],[7.1199,48.3335],[7.0759,48.3527],[7.1093,48.3787],[7.085,48.3979],[7.0975,48.4058],[7.0959,48.4271],[7.1096,48.4396],[7.1019,48.4514],[7.1188,48.4745],[7.1183,48.4843],[7.0937,48.4893],[7.0906,48.5037],[7.1356,48.4974],[7.1207,48.5052],[7.1232,48.5136],[7.0939,48.513],[7.0091,48.4813],[6.9799,48.4785],[6.8917,48.4176],[6.8703,48.4205],[6.8644,48.4368],[6.8279,48.4165],[6.8151,48.395],[6.7939,48.4034],[6.783,48.3892],[6.789,48.4023],[6.7673,48.3992],[6.765,48.4119],[6.7387,48.4108],[6.7135,48.4228],[6.6995,48.4131],[6.6828,48.4246],[6.645,48.4271],[6.6388,48.4639],[6.6231,48.4731],[6.5842,48.4604],[6.5672,48.4409],[6.5841,48.4173],[6.5761,48.4144],[6.5342,48.4317],[6.5006,48.4142],[6.4355,48.4128],[6.412,48.392],[6.3886,48.3909],[6.3929,48.4087],[6.3817,48.4063],[6.3831,48.4154],[6.3583,48.4045],[6.3301,48.4051],[6.3074,48.4117],[6.2956,48.4347],[6.2807,48.4233],[6.2701,48.4263],[6.2604,48.4064],[6.2333,48.3971],[6.2174,48.4017],[6.1909,48.3954],[6.1785,48.3976],[6.1819,48.4121],[6.1735,48.4055],[6.1501,48.4095],[6.1524,48.3814],[6.1167,48.354],[6.0927,48.3611],[6.099,48.3689],[6.0872,48.3838],[6.0691,48.3753],[6.0798,48.3691],[6.0715,48.3598],[6.0486,48.3662],[6.0226,48.3565],[6.0036,48.3632],[5.9804,48.349],[5.9532,48.358],[5.9605,48.3647],[5.9449,48.3757],[5.9551,48.3874],[5.945,48.4006],[5.9332,48.4033],[5.9277,48.3939],[5.9185,48.4053],[5.9048,48.4003],[5.9073,48.4193],[5.9153,48.4278],[5.9249,48.4218],[5.9314,48.4342],[5.8978,48.4364],[5.9093,48.4293],[5.8952,48.4053],[5.8742,48.4006],[5.8554,48.4094],[5.8991,48.4468],[5.8856,48.4692],[5.9036,48.4802],[5.9065,48.4952],[5.846,48.5071],[5.7866,48.4827],[5.7652,48.4965],[5.7402,48.4659],[5.7192,48.4601],[5.6422,48.4724],[5.6535,48.4586],[5.6185,48.443],[5.6215,48.426],[5.6155,48.4404],[5.5938,48.4428],[5.5767,48.4322],[5.5608,48.4415],[5.5165,48.4313],[5.5053,48.409],[5.4701,48.4209],[5.4198,48.3952],[5.3936,48.3917],[5.4429,48.3794],[5.4186,48.3607],[5.426,48.3311],[5.4806,48.3567],[5.524,48.3481],[5.5373,48.3183],[5.5884,48.2738],[5.6133,48.2911],[5.6538,48.2685],[5.6415,48.2418],[5.6769,48.2289],[5.6877,48.2344],[5.7297,48.1983],[5.731,48.1897],[5.7018,48.1904],[5.6796,48.1793],[5.685,48.1464],[5.6566,48.1205],[5.6715,48.1084],[5.6477,48.1043],[5.6297,48.0836],[5.6559,48.0691],[5.6575,48.0863],[5.6963,48.0778],[5.7208,48.0442],[5.7406,48.05],[5.7645,48.0299],[5.7768,48.0336],[5.7947,47.998],[5.7785,47.978],[5.7873,47.9526],[5.8053,47.947],[5.8153,47.9574],[5.8316,47.9578],[5.8458,47.9757],[5.8531,47.9502],[5.8847,47.9262]]]},"properties":{"shapeName":"Vosges","shapeISO":"","shapeID":"29444166B15812281755892","shapeGroup":"FRA","shapeType":"ADM2"}},
{"type":"Feature","geometry":{"type":"Polygon","coordinates":[[[3.4147,48.3902],[3.3833,48.4001],[3.3672,48.3943],[3.3652,48.3723],[3.3511,48.3787],[3.3355,48.3702],[3.3052,48.373],[3.2827,48.3816],[3.2545,48.3651],[3.2233,48.3705],[3.2002,48.3636],[3.1716,48.3774],[3.1466,48.3656],[3.1398,48.3726],[3.122,48.3686],[3.1034,48.3494],[3.0987,48.3577],[3.0503,48.36],[3.0371,48.3427],[3.0434,48.3307],[3.0146,48.3063],[3.0275,48.3028],[3.0186,48.295],[3.0296,48.2858],[3.0247,48.276],[3.0455,48.2707],[3.0474,48.2497],[3.0314,48.2488],[3.0045,48.207],[2.9732,48.2056],[2.971,48.1942],[2.937,48.1831],[2.9366,48.1635],[2.9532,48.1652],[2.9637,48.1531],[2.9907,48.1527],[2.9947,48.1416],[3.01,48.1457],[3.0293,48.1333],[3.0159,48.1158],[3.035,48.1161],[3.0502,48.0722],[3.0954,48.054],[3.0945,48.0403],[3.1242,48.0311],[3.0995,48.02],[3.1242,48.0069],[3.12,47.9865],[3.1287,47.9825],[3.1053,47.9469],[3.0509,47.9242],[3.0505,47.9106],[3.0093,47.9055],[3.0124,47.874],[2.9946,47.8674],[3.0292,47.8571],[3.0291,47.835],[3.0122,47.8342],[3.025,47.7873],[2.9882,47.786],[2.9304,47.7622],[2.9095,47.7695],[2.8519,47.7578],[2.859,47.7495],[2.8484,47.7171],[2.8608,47.7102],[2.8789,47.7204],[2.8792,47.7038],[2.9262,47.682],[2.9182,47.6698],[2.9539,47.6459],[2.9323,47.6271],[2.9452,47.6084],[2.9361,47.5994],[2.9765,47.5695],[3.0224,47.5563],[3.1018,47.5882],[3.1239,47.5763],[3.1227,47.5396],[3.1347,47.5428],[3.1651,47.5175],[3.2048,47.5231],[3.2361,47.4883],[3.2755,47.4907],[3.2853,47.504],[3.2964,47.4917],[3.307,47.4947],[3.3403,47.481],[3.3459,47.4695],[3.3453,47.4786],[3.38,47.4864],[3.3901,47.5091],[3.4464,47.5118],[3.4501,47.4999],[3.4884,47.4939],[3.4984,47.5608],[3.511,47.5507],[3.513,47.5274],[3.5529,47.502],[3.5806,47.4978],[3.5871,47.4562],[3.6157,47.4669],[3.6198,47.456],[3.674,47.4502],[3.6737,47.434],[3.7023,47.4267],[3.726,47.3982],[3.7863,47.405],[3.7858,47.3904],[3.8168,47.3785],[3.8315,47.3927],[3.8199,47.4022],[3.8304,47.4084],[3.8346,47.4014],[3.8477,47.4122],[3.8515,47.4356],[3.8675,47.4347],[3.894,47.4143],[3.8594,47.3927],[3.872,47.3658],[3.8869,47.3648],[3.909,47.3822],[3.9444,47.3801],[3.95,47.394],[3.973,47.3759],[3.9618,47.3677],[3.9737,47.3313],[4.0023,47.3106],[4.0276,47.3135],[4.0446,47.3405],[4.1061,47.3393],[4.0977,47.3594],[4.1068,47.3765],[4.0802,47.3761],[4.0901,47.3947],[4.0668,47.3987],[4.0652,47.4073],[4.0847,47.4206],[4.08,47.4408],[4.0989,47.4305],[4.1083,47.4374],[4.1011,47.4439],[4.119,47.4433],[4.1298,47.4624],[4.1303,47.4744],[4.1153,47.4818],[4.1232,47.4905],[4.1146,47.5146],[4.1376,47.5184],[4.1565,47.5516],[4.1744,47.5522],[4.1967,47.6044],[4.2158,47.6009],[4.2121,47.6281],[4.2503,47.6599],[4.2263,47.6709],[4.2274,47.679],[4.284,47.6827],[4.2617,47.694],[4.2675,47.7055],[4.2393,47.7246],[4.2579,47.7262],[4.2605,47.7422],[4.2931,47.733],[4.3094,47.7526],[4.3325,47.7566],[4.3272,47.7858],[4.3403,47.7996],[4.3202,47.8117],[4.3191,47.8373],[4.3305,47.8376],[4.3295,47.8468],[4.3013,47.8487],[4.2713,47.8388],[4.2594,47.8465],[4.2645,47.8738],[4.2461,47.8742],[4.2778,47.8997],[4.3129,47.9051],[4.2928,47.9259],[4.2451,47.93],[4.2221,47.9497],[4.2269,47.9711],[4.204,47.9735],[4.1929,47.965],[4.2124,47.9632],[4.2027,47.9417],[4.1855,47.9403],[4.1842,47.9559],[4.1658,47.96],[4.1418,47.9371],[4.1097,47.926],[4.0921,47.9282],[4.0897,47.945],[4.0608,47.9458],[4.0589,47.9317],[4.0448,47.9251],[4.0315,47.9332],[4.0163,47.9294],[4.005,47.9426],[3.9858,47.9307],[3.9617,47.9363],[3.9263,47.9348],[3.9045,47.9249],[3.894,47.9292],[3.9114,47.9811],[3.8932,48.0018],[3.8815,48.0003],[3.8799,47.9791],[3.85,47.9837],[3.8392,48.0034],[3.8703,48.0027],[3.8705,48.0169],[3.8221,48.0441],[3.8295,48.0579],[3.7981,48.0865],[3.8057,48.1005],[3.7918,48.1177],[3.7682,48.1337],[3.7569,48.1253],[3.7401,48.132],[3.7551,48.1503],[3.7475,48.1663],[3.7144,48.1746],[3.7201,48.1539],[3.7051,48.1443],[3.6933,48.1552],[3.6918,48.1455],[3.6679,48.1393],[3.6332,48.1889],[3.6217,48.192],[3.5939,48.1787],[3.5788,48.1849],[3.6218,48.2257],[3.5995,48.2366],[3.6243,48.2545],[3.6166,48.2715],[3.5778,48.2846],[3.5879,48.3009],[3.5622,48.3111],[3.5634,48.3214],[3.5439,48.3198],[3.545,48.3343],[3.5049,48.3657],[3.4526,48.3744],[3.4274,48.3581],[3.4147,48.3902]]]},"properties":{"shapeName":"Yonne","shapeISO":"","shapeID":"29444166B9446677840281","shapeGroup":"FRA","shapeType":"ADM2"}},
{"type":"Feature","geometry":{"type":"Polygon","coordinates":[[[6.9403,47.4333],[7.0022,47.4542],[6.983,47.4946],[7.0249,47.5043],[7.0749,47.4882],[7.1303,47.5029],[7.1434,47.5246],[7.1331,47.5399],[7.1057,47.5516],[7.1083,47.5639],[7.0861,47.5929],[7.0398,47.6011],[7.0198,47.5886],[7.0057,47.6021],[7.0175,47.6499],[7.0393,47.6505],[7.034,47.6613],[7.0463,47.6715],[7.0374,47.6758],[7.0481,47.6845],[7.0265,47.701],[7.0374,47.7221],[7.0158,47.7438],[6.9722,47.7516],[6.9402,47.7716],[6.8627,47.7855],[6.8459,47.8229],[6.8236,47.8133],[6.7644,47.7585],[6.7562,47.7255],[6.7794,47.6953],[6.7796,47.6567],[6.801,47.636],[6.7777,47.6157],[6.8217,47.5733],[6.8071,47.5631],[6.8168,47.5478],[6.8834,47.5555],[6.902,47.55],[6.9163,47.5322],[6.9074,47.5259],[6.945,47.5133],[6.9491,47.4857],[6.9352,47.4856],[6.9302,47.5004],[6.9075,47.4948],[6.9159,47.4779],[6.9074,47.4729],[6.9307,47.4584],[6.9403,47.4333]]]},"properties":{"shapeName":"Territoire de Belfort","shapeISO":"","shapeID":"29444166B23158534197665","shapeGroup":"FRA","shapeType":"ADM2"}},
{"type":"Feature","geometry":{"type":"Polygon","coordinates":[[[1.9938,48.2868],[2.0408,48.2846],[2.0527,48.2954],[2.0894,48.2948],[2.1054,48.3077],[2.1104,48.297],[2.1639,48.2984],[2.1521,48.3161],[2.1809,48.3115],[2.2041,48.3449],[2.2319,48.3277],[2.2462,48.3312],[2.2452,48.2982],[2.2668,48.3147],[2.2956,48.3079],[2.3171,48.3317],[2.3293,48.3328],[2.3583,48.3084],[2.3973,48.3132],[2.403,48.3206],[2.3923,48.3359],[2.4337,48.3344],[2.4292,48.3467],[2.444,48.3571],[2.4297,48.3619],[2.4849,48.3834],[2.474,48.3904],[2.4835,48.3973],[2.5028,48.3929],[2.5217,48.405],[2.5471,48.4017],[2.5044,48.4299],[2.5016,48.4847],[2.5152,48.505],[2.4973,48.5253],[2.511,48.543],[2.4996,48.5465],[2.5305,48.5711],[2.5184,48.5846],[2.5439,48.6041],[2.5156,48.6292],[2.5422,48.6333],[2.5474,48.6515],[2.5334,48.6573],[2.5448,48.6711],[2.5569,48.676],[2.5689,48.6667],[2.5849,48.678],[2.5718,48.692],[2.5537,48.6876],[2.5313,48.6996],[2.5062,48.7359],[2.4481,48.7231],[2.451,48.7144],[2.4397,48.7253],[2.3766,48.7195],[2.3693,48.7461],[2.3567,48.7381],[2.3207,48.7488],[2.3142,48.7303],[2.3038,48.7295],[2.3025,48.7408],[2.2799,48.7327],[2.2761,48.7566],[2.2326,48.766],[2.2266,48.7761],[2.2277,48.7702],[2.1863,48.7725],[2.1896,48.7543],[2.1514,48.7546],[2.1349,48.7375],[2.1027,48.7378],[2.1126,48.7229],[2.0971,48.6943],[2.0893,48.6986],[2.0801,48.6848],[2.0457,48.6875],[2.0283,48.6572],[2.0116,48.6599],[2.0165,48.641],[2.0372,48.6418],[2.0346,48.6316],[2.0605,48.6153],[2.0334,48.6058],[2.0361,48.5897],[2.017,48.5577],[1.9786,48.5537],[1.9367,48.5619],[1.9346,48.5472],[1.9505,48.5472],[1.9691,48.532],[1.9738,48.5372],[1.9786,48.526],[1.963,48.5287],[1.9457,48.5177],[1.9327,48.4806],[1.9151,48.4737],[1.922,48.4577],[1.9429,48.4411],[1.9303,48.404],[1.9782,48.4018],[1.9664,48.3817],[1.9892,48.3636],[1.9685,48.3414],[1.9808,48.3187],[1.9588,48.3066],[1.9652,48.2955],[1.9822,48.2952],[1.9723,48.2882],[1.9938,48.2868]]]},"properties":{"shapeName":"Essonne","shapeISO":"","shapeID":"29444166B9117646007403","shapeGroup":"FRA","shapeType":"ADM2"}},
{"type":"Feature","geometry":{"type":"Polygon","coordinates":[[[2.3199,48.9005],[2.3138,48.914],[2.3354,48.9409],[2.291,48.951],[2.2598,48.943],[2.2005,48.9086],[2.1707,48.8969],[2.148,48.8693],[2.1572,48.8696],[2.1501,48.857],[2.1599,48.8475],[2.146,48.8359],[2.1516,48.817],[2.1748,48.8151],[2.1829,48.7972],[2.2026,48.7984],[2.2063,48.7849],[2.2233,48.7859],[2.2266,48.7761],[2.2326,48.766],[2.2761,48.7566],[2.2799,48.7327],[2.3025,48.7408],[2.3038,48.7295],[2.3142,48.7303],[2.3207,48.7488],[2.3087,48.7554],[2.3266,48.7787],[2.3264,48.8083],[2.3179,48.8084],[2.3319,48.817],[2.2791,48.8325],[2.2678,48.8278],[2.2525,48.8455],[2.2242,48.8535],[2.2457,48.8765],[2.2799,48.8786],[2.3199,48.9005]]]},"properties":{"shapeName":"Hauts-de-Seine","shapeISO":"","shapeID":"29444166B3280539319107","shapeGroup":"FRA","shapeType":"ADM2"}},
{"type":"Feature","geometry":{"type":"Polygon","coordinates":[[[2.4163,48.8492],[2.4961,48.8607],[2.5918,48.8072],[2.5742,48.8534],[2.5881,48.8643],[2.5676,48.8659],[2.5714,48.8798],[2.5592,48.8852],[2.587,48.894],[2.5888,48.9208],[2.6033,48.9377],[2.5622,48.9791],[2.5814,48.986],[2.5691,49.0113],[2.5535,49.0101],[2.5493,49.0032],[2.5322,49.0052],[2.5147,48.9822],[2.4595,48.955],[2.4074,48.9561],[2.3616,48.974],[2.3334,48.9553],[2.2989,48.9663],[2.291,48.951],[2.3354,48.9409],[2.3138,48.914],[2.3199,48.9005],[2.3911,48.9008],[2.4125,48.8764],[2.4163,48.8492]]]},"properties":{"shapeName":"Seine-Saint-Denis","shapeISO":"","shapeID":"29444166B11945742862669","shapeGroup":"FRA","shapeType":"ADM2"}},
{"type":"Feature","geometry":{"type":"Polygon","coordinates":[[[2.3319,48.817],[2.3179,48.8084],[2.3264,48.8083],[2.3266,48.7787],[2.3087,48.7554],[2.3207,48.7488],[2.3567,48.7381],[2.3693,48.7461],[2.3766,48.7195],[2.4397,48.7253],[2.451,48.7144],[2.4481,48.7231],[2.5062,48.7359],[2.5313,48.6996],[2.5537,48.6876],[2.5718,48.692],[2.5815,48.6974],[2.5678,48.709],[2.5947,48.7319],[2.5852,48.7418],[2.6018,48.753],[2.5975,48.7606],[2.6156,48.7622],[2.607,48.7746],[2.5865,48.7741],[2.5999,48.795],[2.5918,48.8072],[2.4961,48.8607],[2.4163,48.8492],[2.4115,48.8339],[2.4218,48.8444],[2.4654,48.8411],[2.4594,48.8168],[2.4022,48.8296],[2.3633,48.8161],[2.3319,48.817]]]},"properties":{"shapeName":"Val-de-Marne","shapeISO":"","shapeID":"29444166B83164575229799","shapeGroup":"FRA","shapeType":"ADM2"}},
{"type":"Feature","geometry":{"type":"Polygon","coordinates":[[[1.6087,49.0777],[1.6144,49.0712],[1.644,49.0816],[1.6724,49.0785],[1.697,49.0659],[1.6946,49.0561],[1.7229,49.0447],[1.7512,49.048],[1.7599,49.0635],[1.7909,49.0578],[1.7968,49.0721],[1.8286,49.0763],[1.8651,49.0575],[1.8511,49.0333],[1.8651,49.0218],[1.8593,49.0138],[1.8817,49.0197],[1.8833,49.0337],[1.9085,49.0482],[1.9378,49.0219],[1.9922,49.021],[2.0237,48.9979],[2.0641,49.0085],[2.0753,49.0021],[2.0849,49.0146],[2.1102,49.0087],[2.1213,49.0183],[2.1207,48.9933],[2.1705,48.9784],[2.1751,48.9524],[2.2059,48.9499],[2.2005,48.9086],[2.2598,48.943],[2.291,48.951],[2.2989,48.9663],[2.3334,48.9553],[2.3616,48.974],[2.4074,48.9561],[2.4595,48.955],[2.5147,48.9822],[2.5322,49.0052],[2.5493,49.0032],[2.5535,49.0101],[2.5388,49.0126],[2.5349,49.0238],[2.5647,49.028],[2.5771,49.0467],[2.5945,49.0472],[2.5709,49.0606],[2.5903,49.0799],[2.5579,49.0987],[2.5564,49.124],[2.5471,49.1164],[2.533,49.1195],[2.5313,49.0995],[2.4901,49.1062],[2.503,49.1178],[2.4715,49.1354],[2.4589,49.1409],[2.4355,49.134],[2.4403,49.1461],[2.3912,49.1493],[2.3729,49.1595],[2.3593,49.1473],[2.3133,49.1863],[2.3013,49.184],[2.2865,49.1599],[2.2233,49.1521],[2.2354,49.167],[2.2186,49.1807],[2.1761,49.176],[2.1823,49.1704],[2.1688,49.1639],[2.158,49.1726],[2.1645,49.1795],[2.1473,49.1881],[2.1365,49.179],[2.128,49.1936],[2.0977,49.1892],[2.0807,49.2107],[2.0015,49.1758],[1.9736,49.1839],[1.9497,49.1705],[1.9315,49.175],[1.883,49.1626],[1.8761,49.1751],[1.8364,49.1645],[1.8359,49.1764],[1.8118,49.174],[1.8031,49.1851],[1.7764,49.1849],[1.7549,49.1746],[1.7401,49.1808],[1.7399,49.1921],[1.7149,49.2074],[1.7337,49.211],[1.7404,49.2243],[1.7121,49.233],[1.7126,49.2413],[1.7044,49.2324],[1.674,49.2119],[1.6578,49.1319],[1.6087,49.0777]]]},"properties":{"shapeName":"Val-d'Oise","shapeISO":"","shapeID":"29444166B99414288339208","shapeGroup":"FRA","shapeType":"ADM2"}}
]}